AAPL,2022-08-15 04:00:00 UTC,171.52,173.39,171.345,173.19,58741635,172.668301
AAPL,2022-08-16 04:00:00 UTC,172.78,173.71,171.6618,173.03,60575237,172.732297
AAPL,2022-08-17 04:00:00 UTC,172.77,176.15,172.57,174.55,84217231,174.345089
AAPL,2022-08-18 04:00:00 UTC,173.75,174.9,173.12,174.15,66756106,174.138349
AAPL,2022-08-19 04:00:00 UTC,173.03,173.74,171.3101,171.52,79638699,172.224698
AAPL,2022-08-22 04:00:00 UTC,169.69,169.86,167.135,167.57,76355924,168.231697
AAPL,2022-08-23 04:00:00 UTC,167.08,168.71,166.65,167.23,58090092,167.603582
AAPL,2022-08-24 04:00:00 UTC,167.32,168.11,166.245,167.53,58542963,167.314592
AAPL,2022-08-25 04:00:00 UTC,168.78,170.14,168.35,170.03,56573006,169.416575
AAPL,2022-08-26 04:00:00 UTC,170.57,171.05,163.56,163.62,90147274,165.692266
AAPL,2022-08-29 04:00:00 UTC,161.145,162.9,159.82,161.38,78255530,161.519924
AAPL,2022-08-30 04:00:00 UTC,162.13,162.56,157.72,158.91,82758508,159.274595
AAPL,2022-08-31 04:00:00 UTC,160.305,160.58,157.14,157.22,104165447,158.30072
AAPL,2022-09-01 04:00:00 UTC,156.64,158.42,154.67,157.96,79346064,156.592275
AAPL,2022-09-02 04:00:00 UTC,159.75,160.362,154.965,155.81,83452944,157.552561
AAPL,2022-09-06 04:00:00 UTC,156.47,157.09,153.69,154.53,78705759,154.989143
AAPL,2022-09-07 04:00:00 UTC,154.825,156.67,153.61,155.96,94015457,155.348091
AAPL,2022-09-08 04:00:00 UTC,154.64,156.36,152.68,154.46,91449721,154.390061
AAPL,2022-09-09 04:00:00 UTC,155.47,157.82,154.75,157.37,74228109,156.706907
AAPL,2022-09-12 04:00:00 UTC,159.59,164.26,159.3,163.43,112676884,162.50199
AAPL,2022-09-13 04:00:00 UTC,159.9,160.54,153.37,153.84,135428401,155.859627
AAPL,2022-09-14 04:00:00 UTC,154.785,157.1,153.6106,155.31,95004894,155.264624
AAPL,2022-09-15 04:00:00 UTC,154.65,155.24,151.38,152.37,97514431,152.97942
AAPL,2022-09-16 04:00:00 UTC,151.21,151.35,148.37,150.7,218997344,150.400101
AAPL,2022-09-19 04:00:00 UTC,149.31,154.56,149.1,154.48,87533890,152.616126
AAPL,2022-09-20 04:00:00 UTC,153.4,158.08,153.08,156.9,113203270,156.164792
AAPL,2022-09-21 04:00:00 UTC,157.34,158.74,153.6,153.72,107498655,156.237145
AAPL,2022-09-22 04:00:00 UTC,152.38,154.47,150.91,152.74,92021722,152.560537
AAPL,2022-09-23 04:00:00 UTC,151.19,151.47,148.56,150.43,101813197,150.041362
AAPL,2022-09-26 04:00:00 UTC,149.66,153.7701,149.64,150.77,100616414,151.487416
AAPL,2022-09-27 04:00:00 UTC,152.74,154.72,149.945,151.76,91032702,152.095874
AAPL,2022-09-28 04:00:00 UTC,147.64,150.6414,144.84,149.84,155823686,147.7096
AAPL,2022-09-29 04:00:00 UTC,146.1,146.72,140.68,142.48,137415955,142.812294
AAPL,2022-09-30 04:00:00 UTC,141.28,143.1,138,138.2,141390692,140.134941
AAPL,2022-10-03 04:00:00 UTC,138.21,143.07,137.685,142.45,124534891,141.273689
AAPL,2022-10-04 04:00:00 UTC,145.03,146.22,144.26,146.1,96785630,145.534712
AAPL,2022-10-05 04:00:00 UTC,144.075,147.38,143.01,146.4,83933253,145.301313
AAPL,2022-10-06 04:00:00 UTC,145.81,147.54,145.22,145.43,72586982,146.031211
AAPL,2022-10-07 04:00:00 UTC,142.54,143.1,139.445,140.09,95901316,140.689652
AAPL,2022-10-10 04:00:00 UTC,140.42,141.89,138.5729,140.42,80719147,140.216879
AAPL,2022-10-11 04:00:00 UTC,139.9,141.35,138.22,138.98,82627051,139.509074
AAPL,2022-10-12 04:00:00 UTC,139.13,140.36,138.16,138.34,76229576,139.041704
AAPL,2022-10-13 04:00:00 UTC,134.99,143.59,134.37,142.99,121491577,140.063712
AAPL,2022-10-14 04:00:00 UTC,144.31,144.52,138.19,138.38,97254054,139.802051
AAPL,2022-10-17 04:00:00 UTC,141.065,142.9,140.27,142.41,94281241,141.984497
AAPL,2022-10-18 04:00:00 UTC,145.49,146.7,140.61,143.75,103909236,144.045788
AAPL,2022-10-19 04:00:00 UTC,141.69,144.9492,141.5,143.86,66281889,143.466866
AAPL,2022-10-20 04:00:00 UTC,143.02,145.89,142.65,143.39,70436249,144.156597
AAPL,2022-10-21 04:00:00 UTC,142.87,147.8479,142.649,147.27,97497286,145.537116
AAPL,2022-10-24 04:00:00 UTC,147.185,150.23,146,149.45,82543225,148.469242
AAPL,2022-10-25 04:00:00 UTC,150.09,152.49,149.36,152.34,82217447,151.551227
AAPL,2022-10-26 04:00:00 UTC,150.96,151.99,148.04,149.35,96231685,149.973366
AAPL,2022-10-27 04:00:00 UTC,148.07,149.046,144.13,144.8,116248070,145.749545
AAPL,2022-10-28 04:00:00 UTC,148.2,157.5,147.82,155.74,174641131,154.747206
AAPL,2022-10-31 04:00:00 UTC,153.155,154.24,151.92,153.34,110376310,153.269337
AAPL,2022-11-01 04:00:00 UTC,155.08,155.45,149.13,150.65,85451780,150.961078
AAPL,2022-11-02 04:00:00 UTC,148.945,152.17,145,145.03,101743648,148.026896
AAPL,2022-11-03 04:00:00 UTC,142.06,142.8,138.75,138.88,105214797,140.055413
AAPL,2022-11-04 04:00:00 UTC,142.09,142.67,134.38,138.38,149550241,137.371071
AAPL,2022-11-07 05:00:00 UTC,137.11,139.145,135.671,138.92,89935797,137.597386
AAPL,2022-11-08 05:00:00 UTC,140.41,141.43,137.49,139.5,97268373,139.598643
AAPL,2022-11-09 05:00:00 UTC,138.5,138.55,134.5933,134.87,84442456,135.871053
AAPL,2022-11-10 05:00:00 UTC,141.24,146.87,139.5,146.87,136303919,144.604643
AAPL,2022-11-11 05:00:00 UTC,145.82,150.01,144.37,149.7,103060509,148.312448
AAPL,2022-11-14 05:00:00 UTC,148.97,150.28,147.43,148.28,80885473,148.697425
AAPL,2022-11-15 05:00:00 UTC,152.215,153.59,148.5613,150.04,96306279,151.211711
AAPL,2022-11-16 05:00:00 UTC,149.13,149.87,147.29,148.79,71463063,148.656205
AAPL,2022-11-17 05:00:00 UTC,146.43,151.48,146.15,150.72,86649104,149.715411
AAPL,2022-11-18 05:00:00 UTC,152.305,152.7,149.97,151.29,84106843,151.238278
AAPL,2022-11-21 05:00:00 UTC,150.16,150.37,147.715,148.01,64466896,148.45546
AAPL,2022-11-22 05:00:00 UTC,148.13,150.42,146.925,150.18,58685320,149.307632
AAPL,2022-11-23 05:00:00 UTC,149.45,151.83,149.34,151.07,62774756,150.826223
AAPL,2022-11-25 05:00:00 UTC,148.305,148.88,147.12,148.11,38776713,148.124425
AAPL,2022-11-28 05:00:00 UTC,145.14,146.64,143.38,144.22,78281391,144.720128
AAPL,2022-11-29 05:00:00 UTC,144.29,144.81,140.355,141.17,89801206,141.984894
AAPL,2022-11-30 05:00:00 UTC,141.395,148.72,140.55,148.03,131183862,145.43512
AAPL,2022-12-01 05:00:00 UTC,148.21,149.13,146.61,148.31,78588359,148.087728
AAPL,2022-12-02 05:00:00 UTC,145.96,148,145.65,147.81,75015411,146.982128
AAPL,2022-12-05 05:00:00 UTC,147.77,150.9199,145.77,146.63,74981324,147.586644
AAPL,2022-12-06 05:00:00 UTC,147.075,147.3,141.92,142.91,72151911,143.710309
AAPL,2022-12-07 05:00:00 UTC,142.19,143.37,140,140.94,77308359,141.146902
AAPL,2022-12-08 05:00:00 UTC,142.36,143.52,141.1,142.65,68832111,142.530981
AAPL,2022-12-09 05:00:00 UTC,142.34,145.57,140.9,142.16,84840144,143.191277
AAPL,2022-12-12 05:00:00 UTC,142.7,144.5,141.06,144.49,78289096,143.146879
AAPL,2022-12-13 05:00:00 UTC,149.5,149.9692,144.24,145.47,102204603,146.505145
AAPL,2022-12-14 05:00:00 UTC,145.35,146.655,141.16,143.21,89974435,144.135743
AAPL,2022-12-15 05:00:00 UTC,141.11,141.8,136.025,136.5,110421981,137.524749
AAPL,2022-12-16 05:00:00 UTC,136.685,137.65,133.73,134.51,220048084,134.982902
AAPL,2022-12-19 05:00:00 UTC,135.11,135.2,131.32,132.37,87427188,132.459651
AAPL,2022-12-20 05:00:00 UTC,131.39,133.25,129.89,132.3,83636668,131.866586
AAPL,2022-12-21 05:00:00 UTC,132.98,136.81,132.75,135.45,95563192,135.312159
AAPL,2022-12-22 05:00:00 UTC,134.352,134.56,130.3,132.23,86659361,131.91302
AAPL,2022-12-23 05:00:00 UTC,130.92,132.415,129.64,131.86,67631560,131.173262
AAPL,2022-12-27 05:00:00 UTC,131.38,131.41,128.72,130.03,74304546,129.943021
AAPL,2022-12-28 05:00:00 UTC,129.67,131.0275,125.87,126.04,90551969,127.542061
AAPL,2022-12-29 05:00:00 UTC,127.99,130.4814,127.73,129.61,81821550,129.519613
AAPL,2022-12-30 05:00:00 UTC,128.41,129.95,127.43,129.93,85865255,128.915506
AAPL,2023-01-03 05:00:00 UTC,130.28,130.9,124.17,125.07,124289279,125.660032
AAPL,2023-01-04 05:00:00 UTC,126.89,128.6557,125.08,126.36,95426133,126.643011
AAPL,2023-01-05 05:00:00 UTC,127.13,127.77,124.76,125.02,88344592,126.006961
AAPL,2023-01-06 05:00:00 UTC,126.01,130.29,124.89,129.62,96468673,128.362627
AAPL,2023-01-09 05:00:00 UTC,130.465,133.41,129.89,130.15,76653608,131.545593
AAPL,2023-01-10 05:00:00 UTC,130.26,131.2636,128.12,130.73,68415086,129.870967
AAPL,2023-01-11 05:00:00 UTC,131.25,133.51,130.46,133.49,77043246,132.422077
AAPL,2023-01-12 05:00:00 UTC,133.88,134.26,131.44,133.41,77698366,133.178793
AAPL,2023-01-13 05:00:00 UTC,132.03,134.92,131.66,134.76,63045132,133.76503
AAPL,2023-01-17 05:00:00 UTC,134.83,137.29,134.13,135.94,69852271,135.764039
AAPL,2023-01-18 05:00:00 UTC,136.815,138.61,135.03,135.21,76916867,136.262015
AAPL,2023-01-19 05:00:00 UTC,134.08,136.25,133.77,135.27,64511998,134.998543
AAPL,2023-01-20 05:00:00 UTC,135.28,138.02,134.22,137.87,95933363,136.459561
AAPL,2023-01-23 05:00:00 UTC,138.12,143.315,137.9,141.11,87527661,141.227955
AAPL,2023-01-24 05:00:00 UTC,140.305,143.16,140.3,142.53,70642466,142.124333
AAPL,2023-01-25 05:00:00 UTC,140.89,142.43,138.81,141.86,70336488,140.779785
AAPL,2023-01-26 05:00:00 UTC,143.17,144.25,141.9,143.96,59721341,143.395796
AAPL,2023-01-27 05:00:00 UTC,143.155,147.23,143.08,145.93,77521002,145.832562
AAPL,2023-01-30 05:00:00 UTC,144.955,145.55,142.85,143,69935435,143.608922
AAPL,2023-01-31 05:00:00 UTC,142.7,144.34,142.28,144.29,81087730,143.76925
AAPL,2023-02-01 05:00:00 UTC,143.97,146.61,141.32,145.43,84602426,143.961791
AAPL,2023-02-02 05:00:00 UTC,148.9,151.18,148.17,150.82,119288199,149.750531
AAPL,2023-02-03 05:00:00 UTC,148.03,157.38,147.83,154.5,166049247,154.392541
AAPL,2023-02-06 05:00:00 UTC,152.575,153.1,150.78,151.73,75590203,152.006703
AAPL,2023-02-07 05:00:00 UTC,150.64,155.23,150.64,154.65,94067819,153.633427
AAPL,2023-02-08 05:00:00 UTC,153.88,154.58,151.168,151.92,72643990,152.316766
AAPL,2023-02-09 05:00:00 UTC,153.775,154.33,150.42,150.87,61868739,152.184661
AAPL,2023-02-10 05:00:00 UTC,149.46,151.3401,149.22,151.01,62500180,150.463505
AAPL,2023-02-13 05:00:00 UTC,150.952,154.26,150.92,153.85,70149328,153.291138
AAPL,2023-02-14 05:00:00 UTC,152.12,153.77,150.86,153.2,68556962,152.606935
AAPL,2023-02-15 05:00:00 UTC,153.11,155.5,152.88,155.33,70612239,154.572898
AAPL,2023-02-16 05:00:00 UTC,153.51,156.33,153.3475,153.71,74955617,154.701103
AAPL,2023-02-17 05:00:00 UTC,152.35,153,150.85,152.55,66293371,152.104468
AAPL,2023-02-21 05:00:00 UTC,150.2,151.3,148.405,148.48,68102432,149.276547
AAPL,2023-02-22 05:00:00 UTC,148.87,149.95,147.16,148.91,57571342,148.586152
AAPL,2023-02-23 05:00:00 UTC,150.09,150.34,147.24,149.4,53439807,148.913715
AAPL,2023-02-24 05:00:00 UTC,147.11,147.19,145.7202,146.71,62617932,146.410703
AAPL,2023-02-27 05:00:00 UTC,147.71,149.17,147.45,147.92,50247854,148.123416
AAPL,2023-02-28 05:00:00 UTC,147.05,149.08,146.83,147.41,61519861,147.726764
AAPL,2023-03-01 05:00:00 UTC,146.83,147.2285,145.01,145.31,62350999,145.806128
AAPL,2023-03-02 05:00:00 UTC,144.38,146.71,143.9,145.91,60242324,145.28641
AAPL,2023-03-03 05:00:00 UTC,148.045,151.11,147.33,151.03,79744478,150.149082
AAPL,2023-03-06 05:00:00 UTC,153.785,156.3,153.46,153.83,93957314,154.654718
AAPL,2023-03-07 05:00:00 UTC,153.7,154.0299,151.13,151.6,61332251,152.218798
AAPL,2023-03-08 05:00:00 UTC,152.81,153.47,151.83,152.87,51205963,152.719809
AAPL,2023-03-09 05:00:00 UTC,153.559,154.535,150.225,150.59,59821351,152.295553
AAPL,2023-03-10 05:00:00 UTC,150.21,150.94,147.6096,148.5,75469048,149.006538
AAPL,2023-03-13 04:00:00 UTC,147.805,153.14,147.7,150.47,90585023,151.177098
AAPL,2023-03-14 04:00:00 UTC,151.28,153.4,150.1,152.59,84532172,152.165261
AAPL,2023-03-15 04:00:00 UTC,151.19,153.245,149.92,152.99,85708822,151.859646
AAPL,2023-03-16 04:00:00 UTC,152.16,156.46,151.64,155.85,84454434,154.909001
AAPL,2023-03-17 04:00:00 UTC,156.08,156.74,154.28,155,131114857,155.405289
AAPL,2023-03-20 04:00:00 UTC,155.07,157.82,154.15,157.4,85439528,156.729739
AAPL,2023-03-21 04:00:00 UTC,157.32,159.4,156.54,159.28,87819428,158.509861
AAPL,2023-03-22 04:00:00 UTC,159.3,162.14,157.81,157.83,80427254,159.72994
AAPL,2023-03-23 04:00:00 UTC,158.83,161.5501,157.68,158.93,75089334,159.485733
AAPL,2023-03-24 04:00:00 UTC,158.86,160.34,157.85,160.25,65530530,159.33047
AAPL,2023-03-27 04:00:00 UTC,159.94,160.77,157.87,158.28,58214330,158.986546
AAPL,2023-03-28 04:00:00 UTC,157.97,158.49,155.98,157.65,50372968,157.01827
AAPL,2023-03-29 04:00:00 UTC,159.37,161.05,159.35,160.77,57532705,160.273443
AAPL,2023-03-30 04:00:00 UTC,161.53,162.47,161.271,162.36,53823579,162.027551
AAPL,2023-03-31 04:00:00 UTC,162.44,165,161.91,164.9,69191490,163.992724
AAPL,2023-04-03 04:00:00 UTC,164.27,166.29,164.22,166.17,62027954,165.410449
AAPL,2023-04-04 04:00:00 UTC,166.595,166.84,165.11,165.63,52036268,165.895417
AAPL,2023-04-05 04:00:00 UTC,164.74,165.05,161.8,163.76,56567368,163.499464
AAPL,2023-04-06 04:00:00 UTC,162.43,164.9584,162,164.66,50780869,164.064618
AAPL,2023-04-10 04:00:00 UTC,161.42,162.03,160.08,162.03,51829429,161.299097
AAPL,2023-04-11 04:00:00 UTC,162.35,162.36,160.51,160.8,51774289,161.122856
AAPL,2023-04-12 04:00:00 UTC,161.22,162.06,159.78,160.1,50706904,160.916046
AAPL,2023-04-13 04:00:00 UTC,161.63,165.8,161.42,165.56,76953623,164.469322
AAPL,2023-04-14 04:00:00 UTC,164.59,166.32,163.82,165.21,54918972,165.061557
AAPL,2023-04-17 04:00:00 UTC,165.09,165.39,164.03,165.23,45769525,164.801759
AAPL,2023-04-18 04:00:00 UTC,166.1,167.41,165.65,166.47,55909701,166.360112
AAPL,2023-04-19 04:00:00 UTC,165.8,168.16,165.54,167.63,48158687,167.265178
AAPL,2023-04-20 04:00:00 UTC,166.09,167.87,165.56,166.65,53020864,166.794939
AAPL,2023-04-21 04:00:00 UTC,165.05,166.4521,164.49,165.02,65307211,165.091964
AAPL,2023-04-24 04:00:00 UTC,165,165.6,163.89,165.33,45338131,164.961709
AAPL,2023-04-25 04:00:00 UTC,165.19,166.305,163.73,163.77,48714063,164.646986
AAPL,2023-04-26 04:00:00 UTC,163.055,165.28,162.8,163.76,50920364,163.892842
AAPL,2023-04-27 04:00:00 UTC,165.19,168.56,165.19,168.41,76052617,167.512917
AAPL,2023-04-28 04:00:00 UTC,168.49,169.85,167.8801,169.68,63093372,169.044645
AAPL,2023-05-01 04:00:00 UTC,169.28,170.45,168.64,169.59,56437122,169.663231
AAPL,2023-05-02 04:00:00 UTC,170.09,170.35,167.54,168.54,48897270,168.70263
AAPL,2023-05-03 04:00:00 UTC,169.5,170.92,167.16,167.45,70732642,169.180843
AAPL,2023-05-04 04:00:00 UTC,164.89,167.04,164.31,165.79,81791781,165.708907
AAPL,2023-05-05 04:00:00 UTC,170.975,174.3,170.76,173.57,114073502,173.389233
AAPL,2023-05-08 04:00:00 UTC,172.48,173.85,172.11,173.5,61353610,173.301181
AAPL,2023-05-09 04:00:00 UTC,173.05,173.54,171.6,171.77,50729673,172.198383
AAPL,2023-05-10 04:00:00 UTC,173.02,174.03,171.9,173.555,53724501,173.187071
AAPL,2023-05-11 04:00:00 UTC,173.85,174.59,172.17,173.75,50011672,173.491189
AAPL,2023-05-12 04:00:00 UTC,173.62,174.06,171,172.57,50612841,172.391578
AAPL,2023-05-15 04:00:00 UTC,173.16,173.21,171.47,172.07,41718475,172.092171
AAPL,2023-05-16 04:00:00 UTC,171.99,173.1383,171.7991,172.07,45676613,172.271733
AAPL,2023-05-17 04:00:00 UTC,171.71,172.925,170.4201,172.69,65903562,171.956478
AAPL,2023-05-18 04:00:00 UTC,173,175.24,172.58,175.05,66091664,174.334502
AAPL,2023-05-19 04:00:00 UTC,176.39,176.39,174.94,175.16,58044146,175.572261
AAPL,2023-05-22 04:00:00 UTC,173.98,174.71,173.45,174.2,44146775,174.199398
AAPL,2023-05-23 04:00:00 UTC,173.13,173.3794,171.275,171.56,56405720,172.153619
AAPL,2023-05-24 04:00:00 UTC,171.09,172.4183,170.52,171.84,45740665,171.495997
AAPL,2023-05-25 04:00:00 UTC,172.41,173.895,171.69,172.99,64475787,172.915577
AAPL,2023-05-26 04:00:00 UTC,173.32,175.77,173.11,175.43,62620662,175.179028
AAPL,2023-05-30 04:00:00 UTC,176.96,178.99,176.57,177.3,63293297,177.423861
AAPL,2023-05-31 04:00:00 UTC,177.325,179.35,176.76,177.25,99625288,177.987684
AAPL,2023-06-01 04:00:00 UTC,177.7,180.12,176.9306,180.09,76857581,179.402689
AAPL,2023-06-02 04:00:00 UTC,181.03,181.78,179.26,180.95,76294033,180.655109
AAPL,2023-06-05 04:00:00 UTC,182.63,184.951,178.035,179.58,121969015,182.199552
AAPL,2023-06-06 04:00:00 UTC,179.965,180.12,177.43,179.21,64841762,178.685496
AAPL,2023-06-07 04:00:00 UTC,178.44,181.21,177.32,177.82,69732161,178.558004
AAPL,2023-06-08 04:00:00 UTC,177.895,180.84,177.46,180.57,50221611,179.527467
AAPL,2023-06-09 04:00:00 UTC,181.5,182.23,180.63,180.96,48890039,181.456753
AAPL,2023-06-12 04:00:00 UTC,181.27,183.89,180.97,183.79,54796150,182.754879
AAPL,2023-06-13 04:00:00 UTC,182.8,184.15,182.44,183.31,54967369,183.182816
AAPL,2023-06-14 04:00:00 UTC,183.37,184.39,182.02,183.95,57451443,183.70125
AAPL,2023-06-15 04:00:00 UTC,183.96,186.52,183.78,186.01,65417713,185.576485
AAPL,2023-06-16 04:00:00 UTC,186.73,186.99,184.27,184.92,101239104,185.576671
AAPL,2023-06-20 04:00:00 UTC,184.41,186.1,184.41,185.01,49801726,185.301696
AAPL,2023-06-21 04:00:00 UTC,184.9,185.41,182.5901,183.96,49505417,184.08866
AAPL,2023-06-22 04:00:00 UTC,183.74,187.045,183.67,187,51248267,186.095509
AAPL,2023-06-23 04:00:00 UTC,185.55,187.56,185.01,186.68,53194896,186.491169
AAPL,2023-06-26 04:00:00 UTC,186.83,188.05,185.23,185.27,48099269,186.342879
AAPL,2023-06-27 04:00:00 UTC,185.89,188.39,185.67,188.06,50745529,187.471551
AAPL,2023-06-28 04:00:00 UTC,187.93,189.9,187.6,189.25,51225939,188.888455
AAPL,2023-06-29 04:00:00 UTC,189.08,190.07,188.94,189.59,46347309,189.546219
AAPL,2023-06-30 04:00:00 UTC,191.63,194.48,191.26,193.97,83782058,193.114617
AAPL,2023-07-03 04:00:00 UTC,193.78,193.88,191.76,192.46,31357392,192.638055
AAPL,2023-07-05 04:00:00 UTC,191.565,192.98,190.62,191.33,46921907,191.615305
AAPL,2023-07-06 04:00:00 UTC,189.84,192.02,189.2,191.81,45172292,190.810342
AAPL,2023-07-07 04:00:00 UTC,191.41,192.67,190.24,190.68,46814999,191.43102
AAPL,2023-07-10 04:00:00 UTC,189.26,189.99,187.035,188.61,59925144,188.338409
AAPL,2023-07-11 04:00:00 UTC,189.16,189.3,186.6,188.08,46646096,187.802462
AAPL,2023-07-12 04:00:00 UTC,189.68,191.7,188.47,189.77,60757160,189.984281
AAPL,2023-07-13 04:00:00 UTC,190.5,191.19,189.78,190.54,41348909,190.565107
AAPL,2023-07-14 04:00:00 UTC,190.23,191.1799,189.63,190.69,41622330,190.461122
AAPL,2023-07-17 04:00:00 UTC,191.9,194.32,191.81,193.99,50546738,193.32553
AAPL,2023-07-18 04:00:00 UTC,193.35,194.33,192.415,193.73,48357948,193.375703
AAPL,2023-07-19 04:00:00 UTC,193.1,198.23,192.65,195.1,80534721,194.986076
AAPL,2023-07-20 04:00:00 UTC,195.09,196.47,192.495,193.13,59597695,194.296883
AAPL,2023-07-21 04:00:00 UTC,194.1,194.97,191.23,191.94,71957084,192.718322
AAPL,2023-07-24 04:00:00 UTC,193.41,194.91,192.25,192.75,45538581,193.233712
AAPL,2023-07-25 04:00:00 UTC,193.33,194.44,192.915,193.62,37339808,193.799673
AAPL,2023-07-26 04:00:00 UTC,193.67,195.64,193.32,194.5,47506279,194.378548
AAPL,2023-07-27 04:00:00 UTC,196.02,197.2,192.55,193.22,47465977,194.950386
AAPL,2023-07-28 04:00:00 UTC,194.67,196.626,194.14,195.83,48291445,195.809443
AAPL,2023-07-31 04:00:00 UTC,196.06,196.49,195.26,196.45,45241255,196.200202
AAPL,2023-08-01 04:00:00 UTC,196.235,196.73,195.28,195.605,35306213,195.861871
AAPL,2023-08-02 04:00:00 UTC,195.04,195.18,191.8507,192.58,50408072,192.939066
AAPL,2023-08-03 04:00:00 UTC,191.57,192.37,190.69,191.17,62366562,191.573861
AAPL,2023-08-04 04:00:00 UTC,185.52,187.38,181.92,181.99,115956843,184.299063
AAPL,2023-08-07 04:00:00 UTC,182.13,183.13,177.35,178.85,97586944,178.896194
AAPL,2023-08-08 04:00:00 UTC,179.69,180.27,177.58,179.8,67832886,179.011351
AAPL,2023-08-09 04:00:00 UTC,180.87,180.93,177.01,178.19,60386755,178.47219
AAPL,2023-08-10 04:00:00 UTC,179.48,180.75,177.6,177.97,54695861,178.827828
AAPL,2023-08-11 04:00:00 UTC,177.32,178.62,176.55,177.79,52036674,177.792719
AAPL,2023-08-14 04:00:00 UTC,177.97,179.69,177.305,179.46,43690884,178.934721
AAPL,2023-08-15 04:00:00 UTC,178.88,179.48,177.05,177.45,43635379,177.899185
AAPL,2023-08-16 04:00:00 UTC,177.13,178.54,176.5,176.57,46979752,177.479546
AAPL,2023-08-17 04:00:00 UTC,177.14,177.5054,173.48,174,66700735,174.653058
AAPL,2023-08-18 04:00:00 UTC,172.3,175.1,171.96,174.49,61173170,173.859323
AAPL,2023-08-21 04:00:00 UTC,175.07,176.13,173.735,175.84,46323343,175.22285
AAPL,2023-08-22 04:00:00 UTC,177.06,177.68,176.25,177.23,42091932,177.011047
AAPL,2023-08-23 04:00:00 UTC,178.52,181.55,178.325,181.12,52756878,180.668409
AAPL,2023-08-24 04:00:00 UTC,180.674,181.104,176.01,176.38,54953439,177.661775
AAPL,2023-08-25 04:00:00 UTC,177.38,179.15,175.82,178.61,51449596,177.826636
AAPL,2023-08-28 04:00:00 UTC,180.09,180.59,178.545,180.19,43823300,179.618894
AAPL,2023-08-29 04:00:00 UTC,179.695,184.9,179.5,184.12,53016040,183.281635
AAPL,2023-08-30 04:00:00 UTC,184.94,187.85,184.74,187.65,60824230,186.947989
AAPL,2023-08-31 04:00:00 UTC,187.84,189.12,187.48,187.87,60814675,188.185056
AAPL,2023-09-01 04:00:00 UTC,189.485,189.92,188.28,189.46,45766507,189.025752
AAPL,2023-09-05 04:00:00 UTC,188.28,189.98,187.61,189.7,45285046,189.129836
AAPL,2023-09-06 04:00:00 UTC,188.4,188.85,181.47,182.91,81765466,183.778433
AAPL,2023-09-07 04:00:00 UTC,175.18,178.21,173.54,177.56,112503695,176.693655
AAPL,2023-09-08 04:00:00 UTC,178.35,180.239,177.79,178.18,65602067,179.093843
AAPL,2023-09-11 04:00:00 UTC,180.07,180.3,177.34,179.36,58964184,178.798151
AAPL,2023-09-12 04:00:00 UTC,179.49,180.13,174.82,176.3,90383654,176.701341
AAPL,2023-09-13 04:00:00 UTC,176.51,177.3,173.98,174.21,84277767,175.029416
AAPL,2023-09-14 04:00:00 UTC,174,176.1,173.58,175.74,60898149,175.376921
AAPL,2023-09-15 04:00:00 UTC,176.48,176.495,173.82,175.01,109259462,175.084694
AAPL,2023-09-18 04:00:00 UTC,176.48,179.38,176.17,177.97,67272034,177.971078
AAPL,2023-09-19 04:00:00 UTC,177.52,179.63,177.13,179.07,51831661,178.410352
AAPL,2023-09-20 04:00:00 UTC,179.26,179.695,175.4,175.49,58452947,177.082657
AAPL,2023-09-21 04:00:00 UTC,174.55,176.3,173.86,173.93,63160835,174.903668
AAPL,2023-09-22 04:00:00 UTC,174.67,177.079,174.05,174.79,56725387,175.479785
AAPL,2023-09-25 04:00:00 UTC,174.2,176.97,174.15,176.08,46178509,175.674313
AAPL,2023-09-26 04:00:00 UTC,174.82,175.2,171.66,171.96,64597559,172.730491
AAPL,2023-09-27 04:00:00 UTC,172.62,173.04,169.05,170.43,66940950,170.519718
AAPL,2023-09-28 04:00:00 UTC,169.34,172.03,167.62,170.69,56302471,170.313489
AAPL,2023-09-29 04:00:00 UTC,172.02,173.07,170.341,171.21,51886171,171.602011
AAPL,2023-10-02 04:00:00 UTC,171.22,174.3,170.93,173.75,52172333,173.28953
AAPL,2023-10-03 04:00:00 UTC,172.255,173.63,170.82,172.4,49637004,172.128425
AAPL,2023-10-04 04:00:00 UTC,171.09,174.21,170.97,173.66,53025614,172.950579
AAPL,2023-10-05 04:00:00 UTC,173.79,175.45,172.68,174.91,48532230,174.243182
AAPL,2023-10-06 04:00:00 UTC,173.8,177.99,173.18,177.49,57266677,176.35858
AAPL,2023-10-09 04:00:00 UTC,176.81,179.05,175.8,178.99,42400769,177.868024
AAPL,2023-10-10 04:00:00 UTC,178.1,179.72,177.95,178.39,43700093,178.688787
AAPL,2023-10-11 04:00:00 UTC,178.2,179.85,177.6,179.8,47555502,178.920294
AAPL,2023-10-12 04:00:00 UTC,180.07,182.34,179.04,180.71,56753369,180.97399
AAPL,2023-10-13 04:00:00 UTC,181.42,181.93,178.14,178.85,51456083,179.41376
AAPL,2023-10-16 04:00:00 UTC,176.75,179.075,176.51,178.72,52519230,178.148359
AAPL,2023-10-17 04:00:00 UTC,176.645,178.42,174.8,177.15,57553146,176.85213
AAPL,2023-10-18 04:00:00 UTC,175.58,177.575,175.11,175.84,54780899,176.368798
AAPL,2023-10-19 04:00:00 UTC,176.04,177.84,175.19,175.46,59312291,176.270608
AAPL,2023-10-20 04:00:00 UTC,175.31,175.42,172.64,172.88,64244029,173.789788
AAPL,2023-10-23 04:00:00 UTC,170.91,174.01,169.93,173,55986017,172.365942
AAPL,2023-10-24 04:00:00 UTC,173.05,173.67,171.45,173.44,43825971,172.712413
AAPL,2023-10-25 04:00:00 UTC,171.88,173.06,170.65,171.1,57219947,171.526493
AAPL,2023-10-26 04:00:00 UTC,170.37,171.3775,165.67,166.89,70660031,167.582602
AAPL,2023-10-27 04:00:00 UTC,166.91,168.96,166.83,168.22,58499131,167.909302
AAPL,2023-10-30 04:00:00 UTC,169.02,171.17,168.87,170.29,51135875,170.081326
AAPL,2023-10-31 04:00:00 UTC,169.35,170.9,167.9,170.77,44852482,169.874357
AAPL,2023-11-01 04:00:00 UTC,171,174.23,170.12,173.97,56951142,172.611605
AAPL,2023-11-02 04:00:00 UTC,175.52,177.78,175.46,177.57,77518015,177.101455
AAPL,2023-11-03 04:00:00 UTC,174.24,176.82,173.35,176.65,80129247,175.636789
AAPL,2023-11-06 05:00:00 UTC,176.38,179.43,176.21,179.23,63852730,178.60948
AAPL,2023-11-07 05:00:00 UTC,179.18,182.44,178.97,181.82,70539955,181.315051
AAPL,2023-11-08 05:00:00 UTC,182.35,183.45,181.59,182.89,49345307,182.664855
AAPL,2023-11-09 05:00:00 UTC,182.96,184.12,181.81,182.41,53780415,182.934075
AAPL,2023-11-10 05:00:00 UTC,183.97,186.565,183.53,186.4,66204156,185.361502
AAPL,2023-11-13 05:00:00 UTC,185.82,186.03,184.21,184.8,43631574,184.822995
AAPL,2023-11-14 05:00:00 UTC,187.7,188.11,186.3,187.44,60113030,187.322497
AAPL,2023-11-15 05:00:00 UTC,187.845,189.5,187.78,188.01,53818016,188.470666
AAPL,2023-11-16 05:00:00 UTC,189.57,190.96,188.65,189.71,54426521,189.725074
AAPL,2023-11-17 05:00:00 UTC,190.25,190.38,188.57,189.69,50941406,189.599311
AAPL,2023-11-20 05:00:00 UTC,189.89,191.905,189.88,191.45,46543084,191.307534
AAPL,2023-11-21 05:00:00 UTC,191.41,191.52,189.74,190.64,38142232,190.509559
AAPL,2023-11-22 05:00:00 UTC,191.49,192.93,190.825,191.31,39630374,191.737678
AAPL,2023-11-24 05:00:00 UTC,190.87,190.9,189.25,189.97,24048346,189.776006
AAPL,2023-11-27 05:00:00 UTC,189.92,190.67,188.9,189.79,40570385,189.801449
AAPL,2023-11-28 05:00:00 UTC,189.78,191.08,189.4,190.4,38422811,190.182635
AAPL,2023-11-29 05:00:00 UTC,190.9,192.09,188.97,189.37,43017537,190.095824
AAPL,2023-11-30 05:00:00 UTC,189.84,190.32,188.19,189.95,48804815,189.32785
AAPL,2023-12-01 05:00:00 UTC,190.33,191.56,189.23,191.24,45704824,190.814969
AAPL,2023-12-04 05:00:00 UTC,189.98,190.05,187.4511,189.43,43396215,188.903443
AAPL,2023-12-05 05:00:00 UTC,190.21,194.4,190.18,193.42,66654222,193.201212
AAPL,2023-12-06 05:00:00 UTC,194.45,194.76,192.11,192.32,41092772,192.792192
AAPL,2023-12-07 05:00:00 UTC,193.63,195,193.59,194.27,47485364,194.415635
AAPL,2023-12-08 05:00:00 UTC,194.2,195.99,193.67,195.71,53406358,195.1631
AAPL,2023-12-11 05:00:00 UTC,193.11,193.49,191.42,193.18,60952756,192.690089
AAPL,2023-12-12 05:00:00 UTC,193.08,194.72,191.721,194.71,52704312,193.712615
AAPL,2023-12-13 05:00:00 UTC,195.09,198,194.85,197.96,70422443,196.884059
AAPL,2023-12-14 05:00:00 UTC,198.02,199.62,196.16,198.11,66836850,198.298267
AAPL,2023-12-15 05:00:00 UTC,197.53,198.3999,197,197.57,128538401,197.573249
AAPL,2023-12-18 05:00:00 UTC,196.09,196.63,194.39,195.89,55755354,195.532766
AAPL,2023-12-19 05:00:00 UTC,196.16,196.95,195.89,196.94,40717190,196.531773
AAPL,2023-12-20 05:00:00 UTC,196.9,197.68,194.83,194.83,52247140,196.221545
AAPL,2023-12-21 05:00:00 UTC,196.1,197.08,193.5,194.68,46485784,194.733112
AAPL,2023-12-22 05:00:00 UTC,195.18,195.41,192.97,193.6,37149570,194.099383
AAPL,2023-12-26 05:00:00 UTC,193.61,193.89,192.83,193.05,28921648,193.170805
AAPL,2023-12-27 05:00:00 UTC,192.49,193.5,191.09,193.15,48092035,192.535582
AAPL,2023-12-28 05:00:00 UTC,194.14,194.66,193.17,193.58,34056639,193.925614
AAPL,2023-12-29 05:00:00 UTC,193.9,194.4,191.725,192.53,42672148,192.577019
AAPL,2024-01-02 05:00:00 UTC,187.15,188.44,183.885,185.64,82496943,185.846233
AAPL,2024-01-03 05:00:00 UTC,184.22,185.88,183.43,184.25,58418916,184.319693
AAPL,2024-01-04 05:00:00 UTC,182.15,183.0872,180.88,181.91,71992243,182.013085
AAPL,2024-01-05 05:00:00 UTC,181.99,182.76,180.17,181.18,62379661,181.483937
AAPL,2024-01-08 05:00:00 UTC,182.085,185.6,181.5,185.56,59151720,184.400869
AAPL,2024-01-09 05:00:00 UTC,183.92,185.15,182.73,185.14,42848219,184.364122
AAPL,2024-01-10 05:00:00 UTC,184.35,186.4,183.92,186.19,46797681,185.223846
AAPL,2024-01-11 05:00:00 UTC,186.54,187.05,183.62,185.59,49133996,185.022217
AAPL,2024-01-12 05:00:00 UTC,186.06,186.74,185.19,185.92,40477782,185.818208
AAPL,2024-01-16 05:00:00 UTC,182.16,184.26,180.934,183.63,65612289,182.83027
AAPL,2024-01-17 05:00:00 UTC,181.27,182.93,180.3,182.68,47321545,181.895222
AAPL,2024-01-18 05:00:00 UTC,186.09,189.14,185.83,188.63,78031784,187.968724
AAPL,2024-01-19 05:00:00 UTC,189.33,191.95,188.82,191.56,68902985,190.60882
AAPL,2024-01-22 05:00:00 UTC,192.3,195.33,192.26,193.89,60139948,194.013458
AAPL,2024-01-23 05:00:00 UTC,195.02,195.75,193.8299,195.18,42360151,194.815768
AAPL,2024-01-24 05:00:00 UTC,195.42,196.38,194.34,194.5,53636461,195.236375
AAPL,2024-01-25 05:00:00 UTC,195.22,196.2675,193.1125,194.17,54834147,194.783346
AAPL,2024-01-26 05:00:00 UTC,194.27,194.76,191.94,192.42,44594011,193.136866
AAPL,2024-01-29 05:00:00 UTC,192.01,192.2,189.58,191.73,47145521,191.280816
AAPL,2024-01-30 05:00:00 UTC,190.94,191.8,187.47,188.04,55854611,188.823566
AAPL,2024-01-31 05:00:00 UTC,187.04,187.095,184.35,184.4,55467803,185.367471
AAPL,2024-02-01 05:00:00 UTC,183.985,186.95,183.82,186.86,64885408,186.026227
AAPL,2024-02-02 05:00:00 UTC,179.86,187.33,179.25,185.85,102551680,184.826139
AAPL,2024-02-05 05:00:00 UTC,188.15,189.25,185.84,187.68,69668820,187.770827
AAPL,2024-02-06 05:00:00 UTC,186.86,189.31,186.7695,189.3,43490759,188.495897
AAPL,2024-02-07 05:00:00 UTC,190.64,191.05,188.61,189.41,53438955,189.364757
AAPL,2024-02-08 05:00:00 UTC,189.385,189.535,187.35,188.32,40962046,188.299781
AAPL,2024-02-09 05:00:00 UTC,188.65,189.99,188,188.85,45155216,189.014343
AAPL,2024-02-12 05:00:00 UTC,188.415,188.67,186.79,187.15,41781934,187.597468
AAPL,2024-02-13 05:00:00 UTC,185.77,186.21,183.5128,185.04,56529529,184.966464
AAPL,2024-02-14 05:00:00 UTC,185.32,185.53,182.44,184.15,54630517,183.578606
AAPL,2024-02-15 05:00:00 UTC,183.55,184.49,181.35,183.86,65434496,182.685738
AAPL,2024-02-16 05:00:00 UTC,183.42,184.85,181.665,182.31,49752465,182.753461
AAPL,2024-02-20 05:00:00 UTC,181.79,182.43,180,181.56,53665553,181.029315
AAPL,2024-02-21 05:00:00 UTC,181.94,182.8888,180.66,182.32,41529674,181.962835
AAPL,2024-02-22 05:00:00 UTC,183.48,184.955,182.46,184.37,52292208,183.830992
AAPL,2024-02-23 05:00:00 UTC,185.01,185.04,182.23,182.52,45119677,183.021736
AAPL,2024-02-26 05:00:00 UTC,182.24,182.76,180.65,181.16,40867421,181.314102
AAPL,2024-02-27 05:00:00 UTC,181.1,183.9225,179.56,182.63,54319745,181.811155
AAPL,2024-02-28 05:00:00 UTC,182.51,183.12,180.13,181.42,48953939,181.146598
AAPL,2024-02-29 05:00:00 UTC,181.27,182.57,179.53,180.75,136682597,180.683283
AAPL,2024-03-01 05:00:00 UTC,179.55,180.53,177.38,179.66,73563082,179.006275
AAPL,2024-03-04 05:00:00 UTC,176.15,176.9,173.79,175.1,81510101,174.831634
AAPL,2024-03-05 05:00:00 UTC,170.76,172.04,169.62,170.12,95432355,170.306262
AAPL,2024-03-06 05:00:00 UTC,171.06,171.24,168.68,169.12,68587707,169.541341
AAPL,2024-03-07 05:00:00 UTC,169.15,170.73,168.49,169,71765061,169.391677
AAPL,2024-03-08 05:00:00 UTC,169,173.7,168.94,170.73,76267041,171.559534
AAPL,2024-03-11 04:00:00 UTC,172.94,174.38,172.05,172.75,60139473,172.953654
AAPL,2024-03-12 04:00:00 UTC,173.15,174.03,171.01,173.23,59825372,172.846156
AAPL,2024-03-13 04:00:00 UTC,172.77,173.185,170.76,171.13,52488692,171.346241
AAPL,2024-03-14 04:00:00 UTC,172.91,174.3078,172.05,173,72913507,173.105496
AAPL,2024-03-15 04:00:00 UTC,171.17,172.62,170.285,172.62,121752699,171.710221
AAPL,2024-03-18 04:00:00 UTC,175.57,177.71,173.52,173.72,75604184,175.502415
AAPL,2024-03-19 04:00:00 UTC,174.34,176.605,173.03,176.08,55215244,175.453787
AAPL,2024-03-20 04:00:00 UTC,175.72,178.67,175.09,178.67,53423102,177.199304
AAPL,2024-03-21 04:00:00 UTC,177.05,177.49,170.84,171.37,106181270,172.712473
AAPL,2024-03-22 04:00:00 UTC,171.76,173.05,170.06,172.28,71160138,172.075981
AAPL,2024-03-25 04:00:00 UTC,170.565,171.94,169.45,170.85,54288328,170.706341
AAPL,2024-03-26 04:00:00 UTC,170,171.42,169.58,169.71,57388449,170.342184
AAPL,2024-03-27 04:00:00 UTC,170.41,173.6,170.11,173.31,60273265,172.581734
AAPL,2024-03-28 04:00:00 UTC,171.75,172.23,170.51,171.48,65672690,171.355595
AAPL,2024-04-01 04:00:00 UTC,171.19,171.25,169.475,170.03,46240500,170.066484
AAPL,2024-04-02 04:00:00 UTC,169.08,169.34,168.2302,168.84,49356481,168.895583
AAPL,2024-04-03 04:00:00 UTC,168.79,170.68,168.58,169.65,47691715,169.864966
AAPL,2024-04-04 04:00:00 UTC,170.29,171.92,168.82,168.82,53704386,170.088279
AAPL,2024-04-05 04:00:00 UTC,169.59,170.39,168.95,169.58,42104826,169.644567
AAPL,2024-04-08 04:00:00 UTC,169.03,169.2,168.24,168.45,37425513,168.661965
AAPL,2024-04-09 04:00:00 UTC,168.7,170.08,168.35,169.67,42451209,169.156022
AAPL,2024-04-10 04:00:00 UTC,168.8,169.09,167.11,167.78,49709336,167.967996
AAPL,2024-04-11 04:00:00 UTC,168.34,175.46,168.16,175.04,91070275,172.725026
AAPL,2024-04-12 04:00:00 UTC,174.26,178.36,174.21,176.55,101617429,176.37919
AAPL,2024-04-15 04:00:00 UTC,175.36,176.63,172.5,172.69,73531773,174.156292
AAPL,2024-04-16 04:00:00 UTC,171.75,173.76,168.27,169.38,73711235,170.053177
AAPL,2024-04-17 04:00:00 UTC,169.61,170.65,168,168,50901210,169.005697
AAPL,2024-04-18 04:00:00 UTC,168.03,168.64,166.55,167.04,43116703,167.414061
AAPL,2024-04-19 04:00:00 UTC,166.21,166.4,164.075,165,68149377,165.142375
AAPL,2024-04-22 04:00:00 UTC,165.515,167.26,164.77,165.84,48116443,165.93835
AAPL,2024-04-23 04:00:00 UTC,165.35,167.05,164.92,166.9,49537761,166.498697
AAPL,2024-04-24 04:00:00 UTC,166.54,169.3,166.21,169.02,48251835,168.447598
AAPL,2024-04-25 04:00:00 UTC,169.525,170.61,168.1511,169.89,50558329,169.443845
AAPL,2024-04-26 04:00:00 UTC,169.88,171.34,169.18,169.3,44838354,170.005491
AAPL,2024-04-29 04:00:00 UTC,173.37,176.03,173.1,173.5,68169419,174.445277
AAPL,2024-04-30 04:00:00 UTC,173.33,174.99,170,170.33,65934776,172.099126
AAPL,2024-05-01 04:00:00 UTC,169.58,172.705,169.11,169.3,50383147,170.720884
AAPL,2024-05-02 04:00:00 UTC,172.51,173.415,170.89,173.03,94214915,172.461486
AAPL,2024-05-03 04:00:00 UTC,186.645,187,182.66,183.38,163224109,184.596364
AAPL,2024-05-06 04:00:00 UTC,182.354,184.2,180.42,181.71,78569667,181.840062
AAPL,2024-05-07 04:00:00 UTC,183.45,184.9,181.32,182.4,77305771,182.837213
AAPL,2024-05-08 04:00:00 UTC,182.85,183.07,181.45,182.74,45057087,182.468972
AAPL,2024-05-09 04:00:00 UTC,182.56,184.66,182.11,184.57,48982972,183.988666
AAPL,2024-05-10 04:00:00 UTC,184.9,185.09,182.13,183.05,50759496,183.098781
AAPL,2024-05-13 04:00:00 UTC,185.435,187.1,184.62,186.28,72054409,186.196091
AAPL,2024-05-14 04:00:00 UTC,187.51,188.3,186.29,187.43,52393619,187.267149
AAPL,2024-05-15 04:00:00 UTC,187.91,190.65,187.37,189.72,70399988,189.700072
AAPL,2024-05-16 04:00:00 UTC,190.47,191.095,189.6601,189.84,52845230,190.135756
AAPL,2024-05-17 04:00:00 UTC,189.51,190.81,189.18,189.87,41282925,189.936809
AAPL,2024-05-20 04:00:00 UTC,189.325,191.9199,189.01,191.04,44361275,191.086154
AAPL,2024-05-21 04:00:00 UTC,191.09,192.73,190.9201,192.35,42309401,192.255686
AAPL,2024-05-22 04:00:00 UTC,192.265,192.8231,190.27,190.9,34648547,191.446181
AAPL,2024-05-23 04:00:00 UTC,190.98,191,186.625,186.88,51005924,188.23328
AAPL,2024-05-24 04:00:00 UTC,188.82,190.58,188.0404,189.98,36326975,189.724212
AAPL,2024-05-28 04:00:00 UTC,191.51,193,189.1,189.99,52280051,190.773235
AAPL,2024-05-29 04:00:00 UTC,189.61,192.247,189.51,190.29,53068016,191.114792
AAPL,2024-05-30 04:00:00 UTC,190.76,192.18,190.63,191.29,49947941,191.410401
AAPL,2024-05-31 04:00:00 UTC,191.44,192.57,189.91,192.25,75158277,191.66388
AAPL,2024-06-03 04:00:00 UTC,192.9,194.99,192.52,194.03,50080539,193.787269
AAPL,2024-06-04 04:00:00 UTC,194.635,195.32,193.0342,194.35,47471445,194.306377
AAPL,2024-06-05 04:00:00 UTC,195.4,196.9,194.87,195.87,54156785,195.883235
AAPL,2024-06-06 04:00:00 UTC,195.685,196.5,194.17,194.48,41181753,195.332141
AAPL,2024-06-07 04:00:00 UTC,194.65,196.94,194.14,196.89,53103912,195.928421
AAPL,2024-06-10 04:00:00 UTC,196.9,197.3,192.15,193.12,97262077,194.426234
AAPL,2024-06-11 04:00:00 UTC,193.65,207.16,193.63,207.15,172460296,203.112181
AAPL,2024-06-12 04:00:00 UTC,207.37,220.2,206.9,213.07,198134293,215.460162
AAPL,2024-06-13 04:00:00 UTC,214.74,216.75,211.6,214.24,97862729,214.029875
AAPL,2024-06-14 04:00:00 UTC,213.85,215.17,211.3,212.49,70122748,212.736231
AAPL,2024-06-17 04:00:00 UTC,213.37,218.95,212.72,216.67,93728300,216.440781
AAPL,2024-06-18 04:00:00 UTC,217.59,218.63,213,214.29,79943254,214.735152
AAPL,2024-06-20 04:00:00 UTC,213.93,214.24,208.85,209.68,86172451,210.595655
AAPL,2024-06-21 04:00:00 UTC,210.39,211.89,207.11,207.49,246421353,208.555754
AAPL,2024-06-24 04:00:00 UTC,207.72,212.7,206.59,208.14,80727006,209.449238
AAPL,2024-06-25 04:00:00 UTC,209.15,211.38,208.61,209.07,56713868,209.721317
AAPL,2024-06-26 04:00:00 UTC,211.5,214.86,210.64,213.25,66213186,213.17689
AAPL,2024-06-27 04:00:00 UTC,214.69,215.7395,212.35,214.1,49772707,213.933376
AAPL,2024-06-28 04:00:00 UTC,215.77,216.07,210.3,210.62,82403710,212.656277
AAPL,2024-07-01 04:00:00 UTC,212.09,217.51,211.92,216.75,60402929,215.508234
AAPL,2024-07-02 04:00:00 UTC,216.15,220.38,215.1,220.27,58046178,219.182842
AAPL,2024-07-03 04:00:00 UTC,220,221.55,219.03,221.55,37369801,220.684315
AAPL,2024-07-05 04:00:00 UTC,221.65,226.45,221.65,226.34,60412408,224.931448
AAPL,2024-07-08 04:00:00 UTC,227.09,227.85,223.25,227.82,59085861,226.293992
AAPL,2024-07-09 04:00:00 UTC,227.93,229.4,226.3721,228.68,48169822,228.220233
AAPL,2024-07-10 04:00:00 UTC,229.3,233.08,229.25,232.98,62627687,231.674517
AAPL,2024-07-11 04:00:00 UTC,231.39,232.39,225.77,227.57,64710617,228.407436
AAPL,2024-07-12 04:00:00 UTC,228.92,232.64,228.68,230.54,53046527,231.0574
AAPL,2024-07-15 04:00:00 UTC,236.48,237.23,233.09,234.4,62631252,234.945994
AAPL,2024-07-16 04:00:00 UTC,235,236.27,232.33,234.82,43234278,234.333785
AAPL,2024-07-17 04:00:00 UTC,229.45,231.4599,226.64,228.88,57345884,228.812381
AAPL,2024-07-18 04:00:00 UTC,230.28,230.44,222.27,224.18,66034585,225.167646
AAPL,2024-07-19 04:00:00 UTC,224.82,226.8,223.275,224.31,49151453,224.753544
AAPL,2024-07-22 04:00:00 UTC,227.01,227.78,223.09,223.96,48201835,224.992525
AAPL,2024-07-23 04:00:00 UTC,224.365,226.94,222.68,225.01,39960260,225.013617
AAPL,2024-07-24 04:00:00 UTC,224,224.8,217.13,218.54,61777576,219.079866
AAPL,2024-07-25 04:00:00 UTC,218.93,220.85,214.62,217.49,51391199,218.117437
AAPL,2024-07-26 04:00:00 UTC,218.7,219.49,216.01,217.96,41601345,217.883083
AAPL,2024-07-29 04:00:00 UTC,216.96,219.3,215.75,218.24,36311778,218.144019
AAPL,2024-07-30 04:00:00 UTC,219.19,220.325,216.12,218.8,41643840,218.443117
AAPL,2024-07-31 04:00:00 UTC,221.44,223.82,220.63,222.08,50036262,222.37097
AAPL,2024-08-01 04:00:00 UTC,224.37,224.48,217.02,218.36,62500996,219.57015
AAPL,2024-08-02 04:00:00 UTC,219.15,225.6,217.71,219.86,105568560,222.251583
AAPL,2024-08-05 04:00:00 UTC,199.09,213.5,196,209.27,119548589,208.116338
AAPL,2024-08-06 04:00:00 UTC,205.3,209.99,201.07,207.23,69660488,206.571553
AAPL,2024-08-07 04:00:00 UTC,206.9,213.64,206.39,209.82,63516417,211.033883
AAPL,2024-08-08 04:00:00 UTC,213.11,214.2,208.83,213.31,47161149,212.581208
AAPL,2024-08-09 04:00:00 UTC,212.1,216.78,211.97,216.24,42201646,215.217661
AAPL,2024-08-12 04:00:00 UTC,216.07,219.5099,215.6,217.53,38028092,217.546317
AAPL,2024-08-13 04:00:00 UTC,219.01,221.89,219.01,221.27,44155331,220.993659
AAPL,2024-08-14 04:00:00 UTC,220.57,223.03,219.7,221.72,41960574,221.499308
AAPL,2024-08-15 04:00:00 UTC,224.6,225.35,222.76,224.72,46414013,224.55366
AAPL,2024-08-16 04:00:00 UTC,223.92,226.8271,223.6501,226.05,44340240,225.429357
AAPL,2024-08-19 04:00:00 UTC,225.72,225.99,223.04,225.89,40687813,224.830286
AAPL,2024-08-20 04:00:00 UTC,225.77,227.17,225.45,226.51,30299033,226.54141
AAPL,2024-08-21 04:00:00 UTC,226.52,227.98,225.05,226.4,34765480,226.450135
AAPL,2024-08-22 04:00:00 UTC,227.79,228.34,223.9,224.53,43695321,225.65207
AAPL,2024-08-23 04:00:00 UTC,225.6589,228.22,224.33,226.84,38677250,226.570678
AAPL,2024-08-26 04:00:00 UTC,226.76,227.28,223.8905,227.18,30602208,226.032558
AAPL,2024-08-27 04:00:00 UTC,225.995,228.85,224.89,228.03,35934559,227.74689
AAPL,2024-08-28 04:00:00 UTC,227.92,229.86,225.68,226.49,38052167,227.474363
AAPL,2024-08-29 04:00:00 UTC,230.1,232.92,228.88,229.79,51906297,231.008651
AAPL,2024-08-30 04:00:00 UTC,230.19,230.4,227.48,229,52990770,228.898421
AAPL,2024-09-03 04:00:00 UTC,228.55,229,221.17,222.77,50190574,223.749584
AAPL,2024-09-04 04:00:00 UTC,221.66,221.78,217.48,220.85,43840196,219.920973
AAPL,2024-09-05 04:00:00 UTC,221.625,225.48,221.52,222.38,36615398,223.192809
AAPL,2024-09-06 04:00:00 UTC,223.95,225.24,219.77,220.82,48423011,221.704436
AAPL,2024-09-09 04:00:00 UTC,220.82,221.27,216.71,220.91,67179965,219.298998
AAPL,2024-09-10 04:00:00 UTC,218.92,221.48,216.73,220.11,51591033,219.536157
AAPL,2024-09-11 04:00:00 UTC,221.455,223.09,217.89,222.66,44587072,221.190116
AAPL,2024-09-12 04:00:00 UTC,222.5,223.55,219.82,222.77,37498225,222.389637
AAPL,2024-09-13 04:00:00 UTC,223.58,224.04,221.91,222.5,36766619,222.922817
AAPL,2024-09-16 04:00:00 UTC,216.54,217.22,213.92,216.32,59357427,215.864965
AAPL,2024-09-17 04:00:00 UTC,215.75,216.9,214.5,216.79,45519339,216.191099
AAPL,2024-09-18 04:00:00 UTC,217.55,222.71,217.54,220.69,59894928,220.443008
AAPL,2024-09-19 04:00:00 UTC,224.99,229.82,224.63,228.87,66781315,228.421566
AAPL,2024-09-20 04:00:00 UTC,229.97,233.09,227.62,228.2,318679888,229.125739
AAPL,2024-09-23 04:00:00 UTC,227.34,229.45,225.81,226.47,54146023,227.036015
AAPL,2024-09-24 04:00:00 UTC,228.645,229.35,225.73,227.37,43556068,227.226809
AAPL,2024-09-25 04:00:00 UTC,224.93,227.29,224.02,226.37,42308715,225.83909
AAPL,2024-09-26 04:00:00 UTC,227.3,228.5,225.41,227.52,36636707,227.261165
AAPL,2024-09-27 04:00:00 UTC,228.46,229.52,227.3,227.79,34025967,228.171141
AAPL,2024-09-30 04:00:00 UTC,230.04,233,229.65,233,54793391,232.08941
AAPL,2024-10-01 04:00:00 UTC,229.52,229.65,223.74,226.21,63285048,225.897039
AAPL,2024-10-02 04:00:00 UTC,225.89,227.37,223.02,226.78,32880605,226.043352
AAPL,2024-10-03 04:00:00 UTC,225.14,226.805,223.32,225.67,34044158,225.007676
AAPL,2024-10-04 04:00:00 UTC,227.9,228,224.13,226.8,37345098,225.839189
AAPL,2024-10-07 04:00:00 UTC,224.5,225.69,221.33,221.69,39505354,223.321699
AAPL,2024-10-08 04:00:00 UTC,224.3,225.98,223.25,225.77,31855693,225.170803
AAPL,2024-10-09 04:00:00 UTC,225.23,229.75,224.83,229.54,33591091,228.293881
AAPL,2024-10-10 04:00:00 UTC,227.78,229.5,227.17,229.04,28183544,228.576787
AAPL,2024-10-11 04:00:00 UTC,229.3,229.41,227.34,227.55,31759188,228.020953
AAPL,2024-10-14 04:00:00 UTC,228.7,231.73,228.6,231.3,39882085,230.728854
AAPL,2024-10-15 04:00:00 UTC,233.61,237.49,232.37,233.85,64751367,234.893394
AAPL,2024-10-16 04:00:00 UTC,231.6,232.12,229.84,231.78,34082240,231.060277
AAPL,2024-10-17 04:00:00 UTC,233.43,233.85,230.52,232.15,32993810,232.056313
AAPL,2024-10-18 04:00:00 UTC,236.18,236.18,234.01,235,46431472,235.252634
AAPL,2024-10-21 04:00:00 UTC,234.45,236.85,234.45,236.48,36254470,235.991167
AAPL,2024-10-22 04:00:00 UTC,233.885,236.22,232.6,235.86,38846578,234.775329
AAPL,2024-10-23 04:00:00 UTC,234.08,235.144,227.76,230.76,52286979,231.134978
AAPL,2024-10-24 04:00:00 UTC,229.98,230.82,228.41,230.57,31109503,230.056502
AAPL,2024-10-25 04:00:00 UTC,229.74,233.22,229.57,231.41,38802304,231.703642
AAPL,2024-10-28 04:00:00 UTC,233.32,234.73,232.55,233.4,36087134,233.654245
AAPL,2024-10-29 04:00:00 UTC,233.1,234.325,232.32,233.67,35417247,233.602577
AAPL,2024-10-30 04:00:00 UTC,232.61,233.47,229.55,230.1,47070907,230.82421
AAPL,2024-10-31 04:00:00 UTC,229.34,229.83,225.37,225.91,64370086,227.038381
AAPL,2024-11-01 04:00:00 UTC,220.965,225.35,220.27,222.91,65276741,222.804987
AAPL,2024-11-04 05:00:00 UTC,220.99,222.79,219.71,222.01,44944468,221.767417
AAPL,2024-11-05 05:00:00 UTC,221.795,223.95,221.14,223.45,28111338,223.110799
AAPL,2024-11-06 05:00:00 UTC,222.61,226.065,221.19,222.72,54561121,223.789045
AAPL,2024-11-07 05:00:00 UTC,224.625,227.875,224.57,227.48,42137691,226.79628
AAPL,2024-11-08 05:00:00 UTC,227.17,228.66,226.405,226.96,38328824,227.235239
AAPL,2024-11-11 05:00:00 UTC,225,225.7,221.5,224.23,42005602,223.397808
AAPL,2024-11-12 05:00:00 UTC,224.55,225.59,223.355,224.23,40398299,224.377658
AAPL,2024-11-13 05:00:00 UTC,224.01,226.65,222.76,225.12,48566217,224.935939
AAPL,2024-11-14 05:00:00 UTC,225.02,228.87,225,228.22,44923941,227.454246
AAPL,2024-11-15 05:00:00 UTC,226.4,226.92,224.27,225,47923696,225.147593
AAPL,2024-11-18 05:00:00 UTC,225.25,229.74,225.17,228.02,44691859,228.036169
AAPL,2024-11-19 05:00:00 UTC,226.98,230.16,226.66,228.28,36211774,228.651147
AAPL,2024-11-20 05:00:00 UTC,228.06,229.93,225.89,229,35230059,228.019292
AAPL,2024-11-21 05:00:00 UTC,228.88,230.155,225.7103,228.52,42108327,228.439064
AAPL,2024-11-22 05:00:00 UTC,228.06,230.7199,228.06,229.87,38168252,229.692547
AAPL,2024-11-25 05:00:00 UTC,231.46,233.245,229.74,232.87,90152832,232.405006
AAPL,2024-11-26 05:00:00 UTC,233.33,235.57,233.33,235.06,45986189,234.821331
AAPL,2024-11-27 05:00:00 UTC,234.465,235.69,233.8101,234.93,33498439,234.806483
AAPL,2024-11-29 05:00:00 UTC,234.805,237.81,233.97,237.33,28481377,236.570409
AAPL,2024-12-02 05:00:00 UTC,237.27,240.79,237.16,239.59,48137103,239.520954
AAPL,2024-12-03 05:00:00 UTC,239.81,242.76,238.9,242.65,38861017,241.628776
AAPL,2024-12-04 05:00:00 UTC,242.87,244.11,241.25,243.01,44383935,242.952411
AAPL,2024-12-05 05:00:00 UTC,243.99,244.54,242.13,243.04,40033878,243.055
AAPL,2024-12-06 05:00:00 UTC,242.905,244.63,242.08,242.84,36870619,243.211621
AAPL,2024-12-09 05:00:00 UTC,241.83,247.24,241.75,246.75,44649232,245.992267
AAPL,2024-12-10 05:00:00 UTC,246.89,248.21,245.34,247.77,36914806,247.266088
AAPL,2024-12-11 05:00:00 UTC,247.96,250.8,246.2601,246.49,45205814,248.24955
AAPL,2024-12-12 05:00:00 UTC,246.89,248.74,245.68,247.96,32777532,247.765941
AAPL,2024-12-13 05:00:00 UTC,247.815,249.2902,246.24,248.13,33155290,247.74208
AAPL,2024-12-16 05:00:00 UTC,247.99,251.38,247.65,251.04,51694753,250.490096
AAPL,2024-12-17 05:00:00 UTC,250.08,253.83,249.78,253.48,51356360,253.010532
AAPL,2024-12-18 05:00:00 UTC,252.16,254.28,247.74,248.05,56774101,250.488225
AAPL,2024-12-19 05:00:00 UTC,247.5,252,247.0949,249.79,60882264,249.866349
AAPL,2024-12-20 05:00:00 UTC,248.04,255,245.69,254.49,147495267,252.59909
AAPL,2024-12-23 05:00:00 UTC,254.77,255.65,253.45,255.27,40858774,254.713849
AAPL,2024-12-24 05:00:00 UTC,255.49,258.21,255.29,258.2,23234705,257.452942
AAPL,2024-12-26 05:00:00 UTC,258.19,260.1,257.63,259.02,27262983,258.937766
AAPL,2024-12-27 05:00:00 UTC,257.83,258.7,253.06,255.59,42355321,255.255129
AAPL,2024-12-30 05:00:00 UTC,252.23,253.5,250.75,252.2,35557542,252.228327
AAPL,2024-12-31 05:00:00 UTC,252.44,253.28,249.43,250.42,39480718,250.721619
AAPL,2025-01-02 05:00:00 UTC,248.93,249.1,241.8201,243.85,55740731,244.339399
AAPL,2025-01-03 05:00:00 UTC,243.36,244.18,241.89,243.36,40244114,243.069441
AAPL,2025-01-06 05:00:00 UTC,244.31,247.33,243.2,245,45045571,245.23906
AAPL,2025-01-07 05:00:00 UTC,242.98,245.55,241.35,242.21,40855960,243.011137
AAPL,2025-01-08 05:00:00 UTC,241.92,243.7123,240.05,242.7,37628940,242.272854
AAPL,2025-01-10 05:00:00 UTC,240.01,240.16,233,236.85,61710856,236.564899
AAPL,2025-01-13 05:00:00 UTC,233.53,234.67,229.72,234.4,49630725,232.601034
AAPL,2025-01-14 05:00:00 UTC,234.75,236.12,232.472,233.28,39435294,233.949347
AAPL,2025-01-15 05:00:00 UTC,234.635,238.96,234.43,237.87,39831969,237.596688
AAPL,2025-01-16 05:00:00 UTC,237.35,238.01,228.03,228.26,71759052,230.597381
AAPL,2025-01-17 05:00:00 UTC,232.115,232.29,228.48,229.98,68488301,230.573333
AAPL,2025-01-21 05:00:00 UTC,224,224.42,219.38,222.64,98070429,221.551566
AAPL,2025-01-22 05:00:00 UTC,219.79,224.12,219.79,223.83,64126500,222.720781
AAPL,2025-01-23 05:00:00 UTC,224.74,227.03,222.3,223.66,60234760,224.1898
AAPL,2025-01-24 05:00:00 UTC,224.78,225.63,221.41,222.78,54697907,223.094438
AAPL,2025-01-27 05:00:00 UTC,224.02,232.15,223.98,229.86,94863418,229.066419
AAPL,2025-01-28 05:00:00 UTC,230.85,240.19,230.81,238.26,75707569,237.590259
AAPL,2025-01-29 05:00:00 UTC,234.12,239.855,234.01,239.36,45486100,237.532995
AAPL,2025-01-30 05:00:00 UTC,238.665,240.79,237.21,237.59,55658279,238.666258
AAPL,2025-01-31 05:00:00 UTC,247.19,247.19,233.44,236,101075128,238.739716
AAPL,2025-02-03 05:00:00 UTC,229.99,231.83,225.7,228.01,72998404,228.158376
AAPL,2025-02-04 05:00:00 UTC,227.25,233.13,226.65,232.8,44902694,231.209491
AAPL,2025-02-05 05:00:00 UTC,228.53,232.67,228.27,232.47,39664989,230.958037
AAPL,2025-02-06 05:00:00 UTC,231.285,233.8,230.425,233.22,29925349,232.379795
AAPL,2025-02-07 05:00:00 UTC,232.6,234,227.26,227.63,39487057,229.183241
AAPL,2025-02-10 05:00:00 UTC,229.57,230.585,227.2,227.65,33102191,228.551097
AAPL,2025-02-11 05:00:00 UTC,228.2,235.23,228.13,232.62,53718362,232.735086
AAPL,2025-02-12 05:00:00 UTC,231.2,236.96,230.68,236.87,45243292,235.145378
AAPL,2025-02-13 05:00:00 UTC,236.91,242.3399,235.57,241.53,53614054,240.36593
AAPL,2025-02-14 05:00:00 UTC,241.25,245.55,240.99,244.6,40896227,244.066726
AAPL,2025-02-18 05:00:00 UTC,244.15,245.18,241.84,244.47,48822491,244.072787
AAPL,2025-02-19 05:00:00 UTC,244.66,246.01,243.1604,244.87,32146308,244.699147
AAPL,2025-02-20 05:00:00 UTC,244.94,246.78,244.29,245.83,32316907,245.643641
AAPL,2025-02-21 05:00:00 UTC,245.95,248.69,245.22,245.55,53197431,246.384922
AAPL,2025-02-24 05:00:00 UTC,244.925,248.86,244.42,247.1,51326396,247.302823
AAPL,2025-02-25 05:00:00 UTC,248,250,244.91,247.04,48013272,247.548096
AAPL,2025-02-26 05:00:00 UTC,244.33,244.98,239.13,240.36,44433564,241.664944
AAPL,2025-02-27 05:00:00 UTC,239.41,242.46,237.06,237.3,41153639,239.443587
AAPL,2025-02-28 05:00:00 UTC,236.95,242.09,230.2,241.84,56833360,239.403148
AAPL,2025-03-03 05:00:00 UTC,241.79,244.0272,236.112,238.03,47183985,239.978276
AAPL,2025-03-04 05:00:00 UTC,237.705,240.07,234.68,235.93,53798062,237.505567
AAPL,2025-03-05 05:00:00 UTC,235.42,236.55,229.23,235.74,47227643,233.781766
AAPL,2025-03-06 05:00:00 UTC,234.435,237.86,233.1581,235.33,45170419,235.298577
AAPL,2025-03-07 05:00:00 UTC,235.105,241.37,234.76,239.07,46273565,238.940422
AAPL,2025-03-10 04:00:00 UTC,235.54,236.16,224.22,227.48,72071197,227.623563
AAPL,2025-03-11 04:00:00 UTC,223.805,225.8399,217.45,220.84,76137410,221.096091
AAPL,2025-03-12 04:00:00 UTC,220.14,221.75,214.91,216.98,62547467,217.596761
AAPL,2025-03-13 04:00:00 UTC,215.95,216.8394,208.42,209.68,61368330,212.024245
AAPL,2025-03-14 04:00:00 UTC,211.25,213.95,209.58,213.49,60107582,212.466779
AAPL,2025-03-17 04:00:00 UTC,213.31,215.22,209.97,214,48073426,213.202242
AAPL,2025-03-18 04:00:00 UTC,214.16,215.15,211.49,212.69,42432426,213.10947
AAPL,2025-03-19 04:00:00 UTC,214.22,218.76,213.75,215.24,54385391,215.609629
AAPL,2025-03-20 04:00:00 UTC,213.99,217.4899,212.22,214.1,48862947,214.396693
AAPL,2025-03-21 04:00:00 UTC,211.56,218.84,211.28,218.27,94127768,215.734078
AAPL,2025-03-24 04:00:00 UTC,221,221.48,218.58,220.73,44299483,220.082882
AAPL,2025-03-25 04:00:00 UTC,220.77,224.1,220.08,223.75,34493583,223.117364
AAPL,2025-03-26 04:00:00 UTC,223.51,225.02,220.47,221.53,34532656,222.527802
AAPL,2025-03-27 04:00:00 UTC,221.39,224.99,220.5601,223.85,37094774,223.354994
AAPL,2025-03-28 04:00:00 UTC,221.67,223.81,217.68,217.9,39818617,219.364708
AAPL,2025-03-31 04:00:00 UTC,217.005,225.62,216.23,222.13,65298894,220.644612
AAPL,2025-04-01 04:00:00 UTC,219.805,223.68,218.9,223.19,36412740,222.333555
AAPL,2025-04-02 04:00:00 UTC,221.315,225.19,221.02,223.89,35905904,223.770488
AAPL,2025-04-03 04:00:00 UTC,205.54,207.49,201.25,203.19,103418915,204.016333
AAPL,2025-04-04 04:00:00 UTC,193.89,199.88,187.34,188.38,125908914,192.430879
AAPL,2025-04-07 04:00:00 UTC,177.2,194.15,174.62,181.46,160466286,180.47395
AAPL,2025-04-08 04:00:00 UTC,186.7,190.335,169.2101,172.42,120853216,179.164809
AAPL,2025-04-09 04:00:00 UTC,171.95,200.61,171.89,198.85,184386792,188.345233
AAPL,2025-04-10 04:00:00 UTC,189.065,194.7799,183,190.42,121879981,189.875437
AAPL,2025-04-11 04:00:00 UTC,186.1,199.54,186.06,198.15,87435915,195.686718
AAPL,2025-04-14 04:00:00 UTC,211.44,212.94,201.1621,202.52,101352911,205.417854
AAPL,2025-04-15 04:00:00 UTC,201.855,203.51,199.8,202.14,51343872,202.184277
AAPL,2025-04-16 04:00:00 UTC,198.36,200.7,192.37,194.27,59732423,195.847681
AAPL,2025-04-17 04:00:00 UTC,197.2,198.8335,194.42,196.98,52164408,196.897749
AAPL,2025-04-21 04:00:00 UTC,193.265,193.8,189.8112,193.16,46742537,191.966857
AAPL,2025-04-22 04:00:00 UTC,196.12,201.59,195.97,199.74,52976297,199.219833
AAPL,2025-04-23 04:00:00 UTC,206,208,202.799,204.6,52929165,205.344795
AAPL,2025-04-24 04:00:00 UTC,204.89,208.8299,202.94,208.37,47310989,207.133886
AAPL,2025-04-25 04:00:00 UTC,206.365,209.75,206.2,209.28,38222258,208.424899
AAPL,2025-04-28 04:00:00 UTC,210,211.5,207.46,210.14,38743074,209.664384
AAPL,2025-04-29 04:00:00 UTC,208.693,212.24,208.37,211.21,36827633,211.011514
AAPL,2025-04-30 04:00:00 UTC,209.3,213.58,206.6705,212.5,52286454,211.321946
AAPL,2025-05-01 04:00:00 UTC,209.08,214.56,208.9,213.32,57365675,212.465753
AAPL,2025-05-02 04:00:00 UTC,206.09,206.99,202.16,205.35,101010621,204.784489
AAPL,2025-05-05 04:00:00 UTC,203.1,204.1,198.21,198.89,69018452,199.723715
AAPL,2025-05-06 04:00:00 UTC,198.21,200.65,197.02,198.51,51216482,198.863683
AAPL,2025-05-07 04:00:00 UTC,199.17,199.44,193.25,196.25,68616943,195.89945
