Symbol,Timestamp,Open,High,Low,Close,Volume,VWAP
GOOGL,2022-08-11 04:00:00 UTC,121.28,121.49,118.56,118.84,27805422,119.660936
GOOGL,2022-08-12 04:00:00 UTC,120.26,121.68,119.46,121.68,22129814,120.96153
GOOGL,2022-08-15 04:00:00 UTC,121.13,122.3,120.61,122.08,21607528,121.733999
GOOGL,2022-08-16 04:00:00 UTC,121.52,122.43,120.64,121.7,20858130,121.619267
GOOGL,2022-08-17 04:00:00 UTC,120.12,121.29,119.38,119.55,25183861,119.969806
GOOGL,2022-08-18 04:00:00 UTC,119.43,120.82,118.72,120.17,19884574,120.062328
GOOGL,2022-08-19 04:00:00 UTC,119.06,119.15,116.76,117.21,25301411,117.712431
GOOGL,2022-08-22 04:00:00 UTC,115.2,115.63,113.85,114.24,24027670,114.46941
GOOGL,2022-08-23 04:00:00 UTC,113.475,115.01,113.43,113.86,17428811,114.087587
GOOGL,2022-08-24 04:00:00 UTC,113.5,114.78,112.8701,113.69,20366310,113.854168
GOOGL,2022-08-25 04:00:00 UTC,114.235,116.72,114.11,116.65,19294089,115.847827
GOOGL,2022-08-26 04:00:00 UTC,114.72,115.12,110.19,110.34,41924173,111.678081
GOOGL,2022-08-29 04:00:00 UTC,109.99,110.95,108.8,109.42,23672071,109.786008
GOOGL,2022-08-30 04:00:00 UTC,110.17,110.5,107.8,108.94,29524230,108.885209
GOOGL,2022-08-31 04:00:00 UTC,110.65,110.85,108.13,108.22,34146633,108.951413
GOOGL,2022-09-01 04:00:00 UTC,108.28,110.445,107.36,109.74,30742133,108.890576
GOOGL,2022-09-02 04:00:00 UTC,110.59,110.74,107.26,107.85,27113086,108.788439
GOOGL,2022-09-06 04:00:00 UTC,107.3,108.03,105.78,106.81,28307028,106.83199
GOOGL,2022-09-07 04:00:00 UTC,107.06,109.98,106.9,109.45,25753761,108.751208
GOOGL,2022-09-08 04:00:00 UTC,108.04,109.6,107.16,108.38,28509231,108.337317
GOOGL,2022-09-09 04:00:00 UTC,109.065,110.99,109.02,110.65,25659493,110.339252
GOOGL,2022-09-12 04:00:00 UTC,110.99,111.62,109.93,110.86,25972454,110.77631
GOOGL,2022-09-13 04:00:00 UTC,107.8,108.3,104.09,104.32,43583934,105.279897
GOOGL,2022-09-14 04:00:00 UTC,104.57,105.275,103.66,105,28934935,104.606068
GOOGL,2022-09-15 04:00:00 UTC,104.03,105.27,102.35,102.91,37244013,103.326912
GOOGL,2022-09-16 04:00:00 UTC,102.07,103.13,100.94,102.8,53203465,102.341214
GOOGL,2022-09-19 04:00:00 UTC,101.75,103.33,101.55,103.07,25775773,102.485423
GOOGL,2022-09-20 04:00:00 UTC,102.08,102.37,100.52,101.14,28875139,101.433948
GOOGL,2022-09-21 04:00:00 UTC,101.67,102.88,99.27,99.28,34306607,100.690189
GOOGL,2022-09-22 04:00:00 UTC,98.82,101.24,98.79,100.14,37262344,100.132299
GOOGL,2022-09-23 04:00:00 UTC,99.63,99.66,97.47,98.74,34662361,98.570466
GOOGL,2022-09-26 04:00:00 UTC,98.1,99.88,97.8,98.17,30488406,98.526766
GOOGL,2022-09-27 04:00:00 UTC,99.43,100,96.872,97.5,33881999,97.986239
GOOGL,2022-09-28 04:00:00 UTC,97.65,100.7,97.11,100.05,38450481,99.346594
GOOGL,2022-09-29 04:00:00 UTC,98.64,98.64,95.96,97.42,34465626,97.003109
GOOGL,2022-09-30 04:00:00 UTC,97.05,98.9,95.56,95.65,38658253,96.547156
GOOGL,2022-10-03 04:00:00 UTC,96.76,99.2872,96.521,98.64,32307159,98.274656
GOOGL,2022-10-04 04:00:00 UTC,100.44,101.84,100.38,101.64,32218531,101.358835
GOOGL,2022-10-05 04:00:00 UTC,99.825,101.93,98.8,101.43,24336444,100.499565
GOOGL,2022-10-06 04:00:00 UTC,100.68,102.9254,100.59,101.42,24177386,101.628155
GOOGL,2022-10-07 04:00:00 UTC,99.85,100.53,98.295,98.68,32496297,98.96882
GOOGL,2022-10-10 04:00:00 UTC,99,99.095,97.01,97.86,20487247,97.976699
GOOGL,2022-10-11 04:00:00 UTC,97.43,99.245,96.31,97.18,29442497,97.576048
GOOGL,2022-10-12 04:00:00 UTC,97.3,98.75,96.735,97.56,24937257,97.70688
GOOGL,2022-10-13 04:00:00 UTC,95.15,99.775,94.3836,99.06,37849768,97.755636
GOOGL,2022-10-14 04:00:00 UTC,99.99,100.69,96.37,96.56,28861890,97.351238
GOOGL,2022-10-17 04:00:00 UTC,98.86,100.93,98.83,99.97,32761327,100.080005
GOOGL,2022-10-18 04:00:00 UTC,103.13,103.47,99.97,100.77,26130751,101.120624
GOOGL,2022-10-19 04:00:00 UTC,100.01,101.0183,98.9201,99.63,26204858,99.852249
GOOGL,2022-10-20 04:00:00 UTC,100,102.32,99.39,99.97,28117694,100.489323
GOOGL,2022-10-21 04:00:00 UTC,97.845,101.31,97.72,101.13,37418728,99.768373
GOOGL,2022-10-24 04:00:00 UTC,101.8,102.75,99.98,102.52,29933357,101.844313
GOOGL,2022-10-25 04:00:00 UTC,102.9,104.82,102.72,104.48,46101180,104.03216
GOOGL,2022-10-26 04:00:00 UTC,96.43,98.31,94.69,94.93,93306018,96.187893
GOOGL,2022-10-27 04:00:00 UTC,94.52,95.43,91.8,92.22,65293489,92.938368
GOOGL,2022-10-28 04:00:00 UTC,92.27,96.55,92.13,96.29,49168952,94.93407
GOOGL,2022-10-31 04:00:00 UTC,95.42,96.03,93.98,94.51,36927327,94.62276
GOOGL,2022-11-01 04:00:00 UTC,95.45,96.03,90.37,90.47,50342604,91.802127
GOOGL,2022-11-02 04:00:00 UTC,90.94,91.18,86.88,86.97,60971703,88.992814
GOOGL,2022-11-03 04:00:00 UTC,86.32,86.52,83.34,83.43,64839550,84.669033
GOOGL,2022-11-04 04:00:00 UTC,85.4,86.64,83.71,86.58,54747505,85.58428
GOOGL,2022-11-07 05:00:00 UTC,87.28,88.9,86.85,88.49,38945483,88.068626
GOOGL,2022-11-08 05:00:00 UTC,88.9,90.32,87.5901,88.9,34712694,89.007107
GOOGL,2022-11-09 05:00:00 UTC,88.45,89.435,87.28,87.32,35327874,87.999889
GOOGL,2022-11-10 05:00:00 UTC,92.25,94.39,91.61,93.94,59468617,93.550863
GOOGL,2022-11-11 05:00:00 UTC,94.69,96.93,93.92,96.41,37113097,96.037452
GOOGL,2022-11-14 05:00:00 UTC,95.09,96.79,94.51,95.7,35119328,95.661623
GOOGL,2022-11-15 05:00:00 UTC,98.26,100.14,96.71,98.44,46355708,98.481212
GOOGL,2022-11-16 05:00:00 UTC,97.9,99.6375,97.64,98.85,32667879,98.737722
GOOGL,2022-11-17 05:00:00 UTC,96.97,99.28,96.79,98.36,29162490,98.026493
GOOGL,2022-11-18 05:00:00 UTC,98.77,98.9,96.37,97.43,33187095,97.564708
GOOGL,2022-11-21 05:00:00 UTC,97.29,98.4,95.355,95.6,25143036,96.160147
GOOGL,2022-11-22 05:00:00 UTC,95.95,97.22,94.05,97.05,27257606,96.285471
GOOGL,2022-11-23 05:00:00 UTC,97.09,98.76,97.09,98.46,21285403,98.113268
GOOGL,2022-11-25 05:00:00 UTC,98.24,98.64,97.4,97.46,11161000,97.733678
GOOGL,2022-11-28 05:00:00 UTC,97.0363,97.58,95.61,96.05,31644543,96.187357
GOOGL,2022-11-29 05:00:00 UTC,95.73,96.12,94.11,95.19,22388911,95.195511
GOOGL,2022-11-30 05:00:00 UTC,94.82,101.04,94.42,100.99,52540207,99.374232
GOOGL,2022-12-01 05:00:00 UTC,101.02,102.25,100.25,100.99,35110988,101.084524
GOOGL,2022-12-02 05:00:00 UTC,99.05,100.77,98.9,100.44,23884698,99.953333
GOOGL,2022-12-05 05:00:00 UTC,99.4,101.38,99,99.48,27457664,99.954673
GOOGL,2022-12-06 05:00:00 UTC,99.3,99.78,96.42,96.98,28230476,97.341305
GOOGL,2022-12-07 05:00:00 UTC,96.41,96.8811,94.715,94.94,36576012,95.287314
GOOGL,2022-12-08 05:00:00 UTC,95.38,95.58,93.45,93.71,35359625,94.059374
GOOGL,2022-12-09 05:00:00 UTC,93.77,94.26,92.75,92.83,31756579,93.397623
GOOGL,2022-12-12 05:00:00 UTC,92.71,93.56,91.61,93.31,33297446,92.728378
GOOGL,2022-12-13 05:00:00 UTC,97.76,99.53,95.03,95.63,45140016,96.73004
GOOGL,2022-12-14 05:00:00 UTC,95.2,96.87,93.6,95.07,31890889,95.378192
GOOGL,2022-12-15 05:00:00 UTC,93.13,93.64,90.01,90.86,45143250,91.082823
GOOGL,2022-12-16 05:00:00 UTC,90.76,91.33,89.52,90.26,84144765,90.332475
GOOGL,2022-12-19 05:00:00 UTC,90.255,90.56,88.21,88.44,33146650,89.004225
GOOGL,2022-12-20 05:00:00 UTC,88.11,89.175,87.4401,89.02,26190325,88.646975
GOOGL,2022-12-21 05:00:00 UTC,89.08,90.22,88.32,89.58,29682843,89.534352
GOOGL,2022-12-22 05:00:00 UTC,88.16,88.54,86.32,87.76,31634643,87.440124
GOOGL,2022-12-23 05:00:00 UTC,87.11,89.545,87.07,89.23,25222960,88.886273
GOOGL,2022-12-27 05:00:00 UTC,88.795,88.94,87.01,87.39,22456258,87.63973
GOOGL,2022-12-28 05:00:00 UTC,86.98,88.04,85.94,86.02,21565497,86.461614
GOOGL,2022-12-29 05:00:00 UTC,86.62,88.845,86.61,88.45,26836109,88.263468
GOOGL,2022-12-30 05:00:00 UTC,86.98,88.3,86.57,88.23,28023292,87.648589
GOOGL,2023-01-03 05:00:00 UTC,89.585,91.05,88.52,89.12,33269171,89.298494
GOOGL,2023-01-04 05:00:00 UTC,90.35,90.65,87.271,88.08,39823023,88.230188
GOOGL,2023-01-05 05:00:00 UTC,87.47,87.57,85.9,86.2,31635307,86.503201
GOOGL,2023-01-06 05:00:00 UTC,86.79,87.69,84.86,87.34,46119929,86.565664
GOOGL,2023-01-09 05:00:00 UTC,88.36,90.05,87.86,88.02,32452249,88.851738
GOOGL,2023-01-10 05:00:00 UTC,85.98,88.67,85.83,88.42,34301160,87.84638
GOOGL,2023-01-11 05:00:00 UTC,89.18,91.6,89.01,91.52,30560593,90.74926
GOOGL,2023-01-12 05:00:00 UTC,91.48,91.87,89.75,91.13,33012280,91.14674
GOOGL,2023-01-13 05:00:00 UTC,90.85,92.19,90.1299,92.12,29632844,91.478605
GOOGL,2023-01-17 05:00:00 UTC,92.06,92.25,90.05,91.29,37203557,91.231891
GOOGL,2023-01-18 05:00:00 UTC,92.14,92.7999,90.64,91.12,32654449,91.445794
GOOGL,2023-01-19 05:00:00 UTC,90.72,93.605,90.63,93.05,40555189,92.655696
GOOGL,2023-01-20 05:00:00 UTC,95.1,98.3,95.02,98.02,70017168,97.092606
GOOGL,2023-01-23 05:00:00 UTC,97.95,100.04,97.5,99.79,43386638,99.349359
GOOGL,2023-01-24 05:00:00 UTC,98.1,99.61,97.2,97.7,35872983,98.251609
GOOGL,2023-01-25 05:00:00 UTC,95.57,96.162,93.76,95.22,45502512,94.778589
GOOGL,2023-01-26 05:00:00 UTC,96.5,97.57,95.38,97.52,33009603,96.89863
GOOGL,2023-01-27 05:00:00 UTC,97.31,100.32,97.31,99.37,37084693,99.235757
GOOGL,2023-01-30 05:00:00 UTC,97.48,98.29,96.395,96.94,30070709,97.18376
GOOGL,2023-01-31 05:00:00 UTC,96.87,98.88,96.82,98.84,34905143,98.242729
GOOGL,2023-02-01 05:00:00 UTC,98.71,101.19,97.58,100.43,38935955,99.321918
GOOGL,2023-02-02 05:00:00 UTC,105.8,107.85,105.61,107.74,70957859,106.84119
GOOGL,2023-02-03 05:00:00 UTC,102.93,107.81,102.58,104.78,68909400,105.263887
GOOGL,2023-02-06 05:00:00 UTC,102.4,104.36,101.88,102.9,34999236,102.984748
GOOGL,2023-02-07 05:00:00 UTC,103.22,108.18,103.12,107.64,53112133,105.799967
GOOGL,2023-02-08 05:00:00 UTC,102.05,103.14,98.035,99.37,100117678,99.775361
GOOGL,2023-02-09 05:00:00 UTC,100,100.03,93.63,95.01,123637886,95.224229
GOOGL,2023-02-10 05:00:00 UTC,95.45,96.75,94.25,94.57,58977388,95.013289
GOOGL,2023-02-13 05:00:00 UTC,94.74,95.2,93.84,94.61,54895997,94.500618
GOOGL,2023-02-14 05:00:00 UTC,94.43,94.845,92.26,94.68,58063956,93.817744
GOOGL,2023-02-15 05:00:00 UTC,94.49,97.12,94.15,96.94,53831053,96.085784
GOOGL,2023-02-16 05:00:00 UTC,95.37,97.68,94.74,95.51,46279209,96.257195
GOOGL,2023-02-17 05:00:00 UTC,94.85,95.5599,93.21,94.35,38612654,94.143014
GOOGL,2023-02-21 05:00:00 UTC,93,93.1,91.72,91.79,37656607,92.167619
GOOGL,2023-02-22 05:00:00 UTC,91.7,92.11,90.61,91.65,35422239,91.620302
GOOGL,2023-02-23 05:00:00 UTC,91.92,91.94,89.76,90.89,44335479,90.721221
GOOGL,2023-02-24 05:00:00 UTC,89.44,89.89,88.575,89.13,40718307,89.08041
GOOGL,2023-02-27 05:00:00 UTC,89.87,90.16,89.335,89.87,29236836,89.770614
GOOGL,2023-02-28 05:00:00 UTC,89.33,91.23,89.32,90.06,34135416,90.310677
GOOGL,2023-03-01 05:00:00 UTC,89.98,91.03,89.67,90.36,34280313,90.341092
GOOGL,2023-03-02 05:00:00 UTC,89.66,92.275,89.59,92,35075975,91.074134
GOOGL,2023-03-03 05:00:00 UTC,92.48,93.73,92.45,93.65,38493995,93.387192
GOOGL,2023-03-06 05:00:00 UTC,94.015,95.97,94,95.13,35170260,95.184337
GOOGL,2023-03-07 05:00:00 UTC,94.98,95.67,93.53,93.86,30430742,94.280932
GOOGL,2023-03-08 05:00:00 UTC,94.12,95.955,94,94.25,38008908,94.714431
GOOGL,2023-03-09 05:00:00 UTC,94.05,95.53,91.9,92.32,31957969,93.509131
GOOGL,2023-03-10 05:00:00 UTC,92.17,92.79,90.395,90.63,40219287,91.234768
GOOGL,2023-03-13 04:00:00 UTC,90.09,92.57,89.42,91.11,40408922,91.468252
GOOGL,2023-03-14 04:00:00 UTC,92.56,94.36,92.44,93.97,41590252,93.63894
GOOGL,2023-03-15 04:00:00 UTC,93.22,96.93,92.64,96.11,57566055,95.41869
GOOGL,2023-03-16 04:00:00 UTC,96.2,101.19,95.5,100.32,71025070,99.644737
GOOGL,2023-03-17 04:00:00 UTC,100.26,102.835,100.1,101.62,76164772,101.364217
GOOGL,2023-03-20 04:00:00 UTC,100.12,101.75,99.87,101.22,36376708,100.966002
GOOGL,2023-03-21 04:00:00 UTC,101.25,105.1,101.22,104.92,46137322,103.947069
GOOGL,2023-03-22 04:00:00 UTC,104.27,106.59,103.33,103.37,46139412,104.864389
GOOGL,2023-03-23 04:00:00 UTC,105.06,106.3,104.46,105.6,45379561,105.6118
GOOGL,2023-03-24 04:00:00 UTC,104.99,105.49,103.84,105.44,33699053,104.992468
GOOGL,2023-03-27 04:00:00 UTC,104.615,104.76,101.9273,102.46,34704040,103.043331
GOOGL,2023-03-28 04:00:00 UTC,102.44,102.45,99.74,101.03,34317028,100.636295
GOOGL,2023-03-29 04:00:00 UTC,102.28,102.49,100.65,101.39,32341075,101.41167
GOOGL,2023-03-30 04:00:00 UTC,100.91,101.155,99.78,100.89,36048319,100.57701
GOOGL,2023-03-31 04:00:00 UTC,101.3,103.89,101.04,103.73,36659808,102.957704
GOOGL,2023-04-03 04:00:00 UTC,102.39,104.53,101.93,104.36,27826987,103.595508
GOOGL,2023-04-04 04:00:00 UTC,104.33,105.58,104.04,104.72,27560354,104.766618
GOOGL,2023-04-05 04:00:00 UTC,105.78,106.1,103.66,104.47,31132245,104.458493
GOOGL,2023-04-06 04:00:00 UTC,105.26,109.17,104.33,108.42,53120101,107.445923
GOOGL,2023-04-10 04:00:00 UTC,106.98,107.59,105.12,106.44,29643222,106.266585
GOOGL,2023-04-11 04:00:00 UTC,106.55,106.73,104.68,105.35,26622854,105.515321
GOOGL,2023-04-12 04:00:00 UTC,106.58,106.75,104.34,104.64,26706490,105.098812
GOOGL,2023-04-13 04:00:00 UTC,105.84,107.49,105.84,107.43,27822101,107.004675
GOOGL,2023-04-14 04:00:00 UTC,106.89,108.94,106.84,108.87,29813305,108.210456
GOOGL,2023-04-17 04:00:00 UTC,104.658,106.16,104.52,105.97,38098196,105.38766
GOOGL,2023-04-18 04:00:00 UTC,106.49,106.54,104.07,104.5,29156034,104.998546
GOOGL,2023-04-19 04:00:00 UTC,103.58,104.98,103.07,104.18,23073554,104.132596
GOOGL,2023-04-20 04:00:00 UTC,103.91,106.25,103.8684,105.29,31106249,105.155625
GOOGL,2023-04-21 04:00:00 UTC,105.47,106,104.78,105.41,29202317,105.356103
GOOGL,2023-04-24 04:00:00 UTC,105.49,106.63,104.7,105.97,23799705,105.881802
GOOGL,2023-04-25 04:00:00 UTC,105.825,106.69,103.84,103.85,50489943,104.874556
GOOGL,2023-04-26 04:00:00 UTC,104.92,106.35,102.63,103.71,57147021,104.298699
GOOGL,2023-04-27 04:00:00 UTC,104.45,108.37,103.54,107.59,55453299,107.140071
GOOGL,2023-04-28 04:00:00 UTC,107.04,107.35,105.09,107.34,40213583,106.714626
GOOGL,2023-05-01 04:00:00 UTC,106.84,107.99,106.82,107.2,29803327,107.305235
GOOGL,2023-05-02 04:00:00 UTC,107.14,107.2,103.71,105.32,34907400,105.270747
GOOGL,2023-05-03 04:00:00 UTC,105.53,107.49,104.96,105.41,23985874,105.870136
GOOGL,2023-05-04 04:00:00 UTC,105.485,105.6,103.97,104.69,25775263,104.805569
GOOGL,2023-05-05 04:00:00 UTC,104.82,105.88,104.11,105.57,29847196,105.171889
GOOGL,2023-05-08 04:00:00 UTC,105.18,107.96,105.16,107.77,26511445,107.118315
GOOGL,2023-05-09 04:00:00 UTC,108.39,110.15,107.19,107.35,39262774,108.396598
GOOGL,2023-05-10 04:00:00 UTC,107.97,112.94,107.93,111.75,67723030,110.769188
GOOGL,2023-05-11 04:00:00 UTC,115.395,117.92,114.41,116.57,83049670,116.759565
GOOGL,2023-05-12 04:00:00 UTC,116.68,118.03,116.11,117.51,44616085,117.09346
GOOGL,2023-05-15 04:00:00 UTC,116.11,118.48,116.01,116.51,38701669,116.989585
GOOGL,2023-05-16 04:00:00 UTC,116.49,120.75,116.43,119.51,47617157,119.333163
GOOGL,2023-05-17 04:00:00 UTC,119.61,121.67,118.89,120.84,33723554,120.310299
GOOGL,2023-05-18 04:00:00 UTC,120.95,123.31,120.83,122.83,39309818,122.394358
GOOGL,2023-05-19 04:00:00 UTC,123.55,125.97,122.15,122.76,45250541,123.332723
GOOGL,2023-05-22 04:00:00 UTC,122.94,126.43,122.74,125.05,38082347,125.200926
GOOGL,2023-05-23 04:00:00 UTC,124.16,124.625,122.2104,122.56,34528502,123.335848
GOOGL,2023-05-24 04:00:00 UTC,121.12,121.91,119.86,120.9,38059967,120.812331
GOOGL,2023-05-25 04:00:00 UTC,124.52,125.32,121.96,123.48,45944113,123.627168
GOOGL,2023-05-26 04:00:00 UTC,123.17,125.26,122.45,124.61,39732055,124.463982
GOOGL,2023-05-30 04:00:00 UTC,125.64,125.66,122,123.67,38251775,123.572852
GOOGL,2023-05-31 04:00:00 UTC,122.75,124.0601,122.5,122.87,37724404,123.048613
GOOGL,2023-06-01 04:00:00 UTC,122.815,124.42,122.62,123.72,34779209,123.424751
GOOGL,2023-06-02 04:00:00 UTC,123.99,126.15,123.76,124.67,35480359,124.8248
GOOGL,2023-06-05 04:00:00 UTC,124.01,127.43,123.84,126.01,32311884,126.281064
GOOGL,2023-06-06 04:00:00 UTC,126.01,128.29,125.36,127.31,26639609,127.240917
GOOGL,2023-06-07 04:00:00 UTC,126.97,129.04,122.12,122.5,52543561,123.707701
GOOGL,2023-06-08 04:00:00 UTC,122.225,123.225,121.24,122.14,29394419,122.243819
GOOGL,2023-06-09 04:00:00 UTC,122.25,123.755,121.91,122.23,23777373,122.68566
GOOGL,2023-06-12 04:00:00 UTC,122.785,124.05,121.66,123.64,32420659,123.061009
GOOGL,2023-06-13 04:00:00 UTC,124.98,125.16,123.18,123.83,22279562,123.996688
GOOGL,2023-06-14 04:00:00 UTC,123.1,124.05,121.45,123.67,30584062,123.177325
GOOGL,2023-06-15 04:00:00 UTC,123.14,125.46,122.4,125.09,35237932,124.349578
GOOGL,2023-06-16 04:00:00 UTC,125.93,126.108,123.28,123.53,45534669,124.3576
GOOGL,2023-06-20 04:00:00 UTC,122.93,124.57,122.14,123.1,26107183,123.113607
GOOGL,2023-06-21 04:00:00 UTC,122.4,122.66,120.1,120.55,30310276,120.865188
GOOGL,2023-06-22 04:00:00 UTC,120,123.24,118.83,123.15,26960997,121.473318
GOOGL,2023-06-23 04:00:00 UTC,121.38,122.7879,121.06,122.34,35806914,122.176758
GOOGL,2023-06-26 04:00:00 UTC,120.76,122,118.265,118.34,33999676,119.5226
GOOGL,2023-06-27 04:00:00 UTC,117.08,119.08,116.1,118.33,39545130,117.810924
GOOGL,2023-06-28 04:00:00 UTC,117.09,120.39,116.85,120.18,27094454,119.404969
GOOGL,2023-06-29 04:00:00 UTC,119.24,120.06,118.295,119.1,24090902,119.044562
GOOGL,2023-06-30 04:00:00 UTC,120.17,121.08,119.7,119.7,28614491,120.205765
GOOGL,2023-07-03 04:00:00 UTC,119.24,120.19,118.8182,119.9,14407579,119.502358
GOOGL,2023-07-05 04:00:00 UTC,119.24,122.61,119.23,121.75,27592126,121.67468
GOOGL,2023-07-06 04:00:00 UTC,119.795,120.3,118.4,120.11,24783978,119.591012
GOOGL,2023-07-07 04:00:00 UTC,120.1,121.05,119.4,119.48,21709550,120.102107
GOOGL,2023-07-10 04:00:00 UTC,118.3,118.305,116.135,116.45,35321570,116.83079
GOOGL,2023-07-11 04:00:00 UTC,116.29,117.71,115.35,117.14,23081505,116.895298
GOOGL,2023-07-12 04:00:00 UTC,118.8,120.33,118.4145,118.93,30418830,119.187346
GOOGL,2023-07-13 04:00:00 UTC,120.93,124.83,120.45,124.54,44315823,123.752938
GOOGL,2023-07-14 04:00:00 UTC,124.8,126.775,123.49,125.42,33283077,125.455992
GOOGL,2023-07-17 04:00:00 UTC,125.94,127.0999,124.195,124.65,25717307,125.039154
GOOGL,2023-07-18 04:00:00 UTC,124.6,124.68,122.96,123.76,26229737,123.638466
GOOGL,2023-07-19 04:00:00 UTC,124.6,125.18,121.8,122.03,37241584,122.93481
GOOGL,2023-07-20 04:00:00 UTC,121.42,124.09,118.22,119.2,37925424,120.319255
GOOGL,2023-07-21 04:00:00 UTC,120.62,120.99,118.73,120.02,72866901,119.941941
GOOGL,2023-07-24 04:00:00 UTC,121.66,123,120.98,121.53,29726497,121.791134
GOOGL,2023-07-25 04:00:00 UTC,121.36,123.145,121.02,122.21,52731094,122.060865
GOOGL,2023-07-26 04:00:00 UTC,130.07,130.98,128.32,129.27,61698757,129.673698
GOOGL,2023-07-27 04:00:00 UTC,131.67,133.24,128.79,129.4,44954684,131.199778
GOOGL,2023-07-28 04:00:00 UTC,130.78,133.74,130.57,132.58,36591160,132.678378
GOOGL,2023-07-31 04:00:00 UTC,132.73,133.525,131.775,132.72,28067568,132.556054
GOOGL,2023-08-01 04:00:00 UTC,130.775,132.63,130.68,131.55,23314974,131.75513
GOOGL,2023-08-02 04:00:00 UTC,129.45,130.09,127.56,128.38,26283426,128.649648
GOOGL,2023-08-03 04:00:00 UTC,127.97,129.385,127.42,128.45,20184085,128.539187
GOOGL,2023-08-04 04:00:00 UTC,129.28,131.51,127.91,128.11,26147166,129.32828
GOOGL,2023-08-07 04:00:00 UTC,129.16,131.61,129.02,131.53,22749897,130.758771
GOOGL,2023-08-08 04:00:00 UTC,130.62,131.51,129.545,131.4,23537840,130.898176
GOOGL,2023-08-09 04:00:00 UTC,131.66,132.04,129,129.66,24919038,130.330577
GOOGL,2023-08-10 04:00:00 UTC,131.32,132.05,129.45,129.69,20862623,130.466362
GOOGL,2023-08-11 04:00:00 UTC,128.66,129.93,128.17,129.56,19591080,129.213639
GOOGL,2023-08-14 04:00:00 UTC,129.39,131.37,128.96,131.33,24711805,130.814049
GOOGL,2023-08-15 04:00:00 UTC,131.1,131.42,129.28,129.78,19773715,130.157957
GOOGL,2023-08-16 04:00:00 UTC,128.7,130.2809,127.865,128.7,25222592,128.817919
GOOGL,2023-08-17 04:00:00 UTC,129.8,131.99,129.29,129.92,33758887,130.363779
GOOGL,2023-08-18 04:00:00 UTC,128.51,129.25,126.3824,127.46,30504770,127.396146
GOOGL,2023-08-21 04:00:00 UTC,127.175,128.725,126.56,128.37,25251273,128.022204
GOOGL,2023-08-22 04:00:00 UTC,128.51,130.278,128.32,129.08,22071182,129.237825
GOOGL,2023-08-23 04:00:00 UTC,130.18,133.41,129.87,132.37,27835973,132.427669
GOOGL,2023-08-24 04:00:00 UTC,133.95,134.25,129.57,129.78,28508133,131.012133
GOOGL,2023-08-25 04:00:00 UTC,129.54,130.76,127.25,129.88,26762891,129.106437
GOOGL,2023-08-28 04:00:00 UTC,131.31,132.54,130.14,131.01,20546889,131.020952
GOOGL,2023-08-29 04:00:00 UTC,132.24,136.57,132.24,134.57,43086326,134.533555
GOOGL,2023-08-30 04:00:00 UTC,134.78,136.275,134.07,135.88,28323517,135.436983
GOOGL,2023-08-31 04:00:00 UTC,136.01,138,135.79,136.17,30057805,136.592078
GOOGL,2023-09-01 04:00:00 UTC,137.455,137.455,134.85,135.66,21543689,135.666513
GOOGL,2023-09-05 04:00:00 UTC,135.44,136.42,134.5801,135.77,19409454,135.581975
GOOGL,2023-09-06 04:00:00 UTC,136.02,136.5299,133.665,134.46,18686416,134.667854
GOOGL,2023-09-07 04:00:00 UTC,133.59,135.58,132.95,135.26,18845656,134.748228
GOOGL,2023-09-08 04:00:00 UTC,134.91,136.66,134.85,136.38,23584190,136.079678
GOOGL,2023-09-11 04:00:00 UTC,136.54,137.48,135.785,136.92,20768556,136.723378
GOOGL,2023-09-12 04:00:00 UTC,136.26,136.8701,135.19,135.34,18409152,135.778838
GOOGL,2023-09-13 04:00:00 UTC,135.09,136.9,134.15,136.71,20750771,135.957504
GOOGL,2023-09-14 04:00:00 UTC,137.6,138.695,136.24,138.1,24756865,137.928622
GOOGL,2023-09-15 04:00:00 UTC,137.98,138.52,136.48,137.4,38919614,137.433514
GOOGL,2023-09-18 04:00:00 UTC,136.61,139.16,136.61,138.21,21863176,138.321299
GOOGL,2023-09-19 04:00:00 UTC,137.42,138.41,136.62,138.04,20356808,137.662292
GOOGL,2023-09-20 04:00:00 UTC,138.08,138.08,133.62,133.74,29933289,135.305304
GOOGL,2023-09-21 04:00:00 UTC,131.44,132.23,130.07,130.44,31508030,130.940779
GOOGL,2023-09-22 04:00:00 UTC,130.76,132.025,129.6,130.25,26397339,130.805957
GOOGL,2023-09-25 04:00:00 UTC,129.83,131.17,128.96,131.11,20096978,130.462578
GOOGL,2023-09-26 04:00:00 UTC,129.77,130.3645,127.22,128.565,25721806,128.308321
GOOGL,2023-09-27 04:00:00 UTC,128.57,130.895,128.57,130.54,22752667,129.834813
GOOGL,2023-09-28 04:00:00 UTC,129.84,133.3,129.79,132.31,22516661,131.937272
GOOGL,2023-09-29 04:00:00 UTC,133.28,134.05,130.36,130.86,30866615,131.6572
GOOGL,2023-10-02 04:00:00 UTC,131.21,134.42,131.17,134.17,22292212,133.375319
GOOGL,2023-10-03 04:00:00 UTC,133.94,134.26,131.84,132.43,22995041,132.684883
GOOGL,2023-10-04 04:00:00 UTC,132.79,135.57,132.53,135.24,26759590,134.627283
GOOGL,2023-10-05 04:00:00 UTC,135.07,135.49,133.45,135.07,19835035,134.810719
GOOGL,2023-10-06 04:00:00 UTC,134.01,138.155,134.01,137.58,27597598,136.918793
GOOGL,2023-10-09 04:00:00 UTC,136.94,138.94,135.61,138.42,19282859,137.859407
GOOGL,2023-10-10 04:00:00 UTC,138.5,139.72,137.33,138.06,27789047,138.586127
GOOGL,2023-10-11 04:00:00 UTC,138.58,141.11,138.58,140.55,25888504,140.259849
GOOGL,2023-10-12 04:00:00 UTC,141.05,141.22,138.26,138.97,24769077,139.716571
GOOGL,2023-10-13 04:00:00 UTC,139.38,140,136.615,137.36,23435599,137.778726
GOOGL,2023-10-16 04:00:00 UTC,138.17,139.63,137.99,139.095,28504549,139.005397
GOOGL,2023-10-17 04:00:00 UTC,138.63,139.9,137.18,139.72,23517682,139.107669
GOOGL,2023-10-18 04:00:00 UTC,139.445,140.72,137.38,137.96,23382271,139.091396
GOOGL,2023-10-19 04:00:00 UTC,138.5,139.66,137.38,137.75,26071545,138.396958
GOOGL,2023-10-20 04:00:00 UTC,137.33,137.87,135.08,135.6,26335674,136.172164
GOOGL,2023-10-23 04:00:00 UTC,135.04,137.6599,133.95,136.5,26333870,136.451947
GOOGL,2023-10-24 04:00:00 UTC,137.83,139.3599,137.42,138.81,44966296,138.641142
GOOGL,2023-10-25 04:00:00 UTC,128.16,128.31,125.07,125.61,84466159,126.359264
GOOGL,2023-10-26 04:00:00 UTC,123.27,124.3297,121.27,122.28,57098566,122.566967
GOOGL,2023-10-27 04:00:00 UTC,122.88,123.31,120.2057,122.17,44566507,121.727272
GOOGL,2023-10-30 04:00:00 UTC,123.21,125.4,122.75,124.46,28943082,124.45278
GOOGL,2023-10-31 04:00:00 UTC,125.06,125.37,122.685,124.08,26293164,123.81884
GOOGL,2023-11-01 04:00:00 UTC,124.07,126.49,123.715,126.45,30097517,125.579868
GOOGL,2023-11-02 04:00:00 UTC,128.42,128.98,126.93,127.49,27133309,127.653362
GOOGL,2023-11-03 04:00:00 UTC,128.02,129.525,127.86,129.1,26496685,128.936789
GOOGL,2023-11-06 05:00:00 UTC,129.05,130.34,128.67,130.25,19054794,129.757059
GOOGL,2023-11-07 05:00:00 UTC,130.71,131.91,129.88,130.97,29764247,131.097563
GOOGL,2023-11-08 05:00:00 UTC,130.97,132.21,130.78,131.84,26433404,131.544138
GOOGL,2023-11-09 05:00:00 UTC,131.96,132.55,130.065,130.24,23753667,131.071961
GOOGL,2023-11-10 05:00:00 UTC,130.105,132.8,129.41,132.59,26927828,131.685998
GOOGL,2023-11-13 05:00:00 UTC,131.78,132.59,131.25,132.09,18326475,132.084804
GOOGL,2023-11-14 05:00:00 UTC,134.19,135.7,133.32,133.62,32401386,134.283475
GOOGL,2023-11-15 05:00:00 UTC,134.87,135.03,133.57,134.62,23866458,134.358197
GOOGL,2023-11-16 05:00:00 UTC,135.19,137.2199,134.32,136.93,28026477,136.404766
GOOGL,2023-11-17 05:00:00 UTC,136,136.06,133.65,135.31,37287693,134.912355
GOOGL,2023-11-20 05:00:00 UTC,133.69,136.66,133.62,136.25,27861515,135.7954
GOOGL,2023-11-21 05:00:00 UTC,136.29,137.18,135.96,136.97,22641669,136.698511
GOOGL,2023-11-22 05:00:00 UTC,137.47,139.42,137.47,138.49,17820670,138.476077
GOOGL,2023-11-24 05:00:00 UTC,138.03,138.13,135.99,136.69,12514323,136.770388
GOOGL,2023-11-27 05:00:00 UTC,136.03,138.42,136,136.41,23439152,136.721864
GOOGL,2023-11-28 05:00:00 UTC,136.08,137.25,135.4222,137.2,18733923,136.629021
GOOGL,2023-11-29 05:00:00 UTC,137.57,138.288,134.84,134.99,23970928,135.814648
GOOGL,2023-11-30 05:00:00 UTC,135.05,135.55,131.28,132.53,40273994,132.47695
GOOGL,2023-12-01 05:00:00 UTC,131.86,132.11,130.665,131.86,31442264,131.498957
GOOGL,2023-12-04 05:00:00 UTC,129.88,130.03,127.9,129.27,36674607,128.820454
GOOGL,2023-12-05 05:00:00 UTC,128.95,132.14,128.25,130.99,27393782,130.753783
GOOGL,2023-12-06 05:00:00 UTC,131.44,131.84,129.875,130.02,23587765,130.643829
GOOGL,2023-12-07 05:00:00 UTC,135.04,138.56,134.7,136.93,56777483,137.015557
GOOGL,2023-12-08 05:00:00 UTC,134.2,136.4,134.025,134.99,32260112,135.031291
GOOGL,2023-12-11 05:00:00 UTC,132.38,133.335,131.36,133.29,31153355,132.675152
GOOGL,2023-12-12 05:00:00 UTC,131.81,133,131.26,132.52,29036951,132.301109
GOOGL,2023-12-13 05:00:00 UTC,133.38,133.5,131.57,132.57,30105050,132.535288
GOOGL,2023-12-14 05:00:00 UTC,133.38,133.72,129.685,131.94,38727227,131.425623
GOOGL,2023-12-15 05:00:00 UTC,131.62,133.51,131.18,132.6,50847113,132.220008
GOOGL,2023-12-18 05:00:00 UTC,132.63,137.1478,132.43,135.8,32263150,135.640485
GOOGL,2023-12-19 05:00:00 UTC,136.84,137.47,136.08,136.65,25479349,136.692152
GOOGL,2023-12-20 05:00:00 UTC,138.97,141.695,138.065,138.34,49120685,139.855509
GOOGL,2023-12-21 05:00:00 UTC,139.49,140.685,139.18,140.42,27492777,140.046859
GOOGL,2023-12-22 05:00:00 UTC,140.77,141.99,140.71,141.49,26532199,141.316499
GOOGL,2023-12-26 05:00:00 UTC,141.59,142.68,141.19,141.52,16784096,141.67609
GOOGL,2023-12-27 05:00:00 UTC,141.59,142.08,139.886,140.37,19631354,140.424734
GOOGL,2023-12-28 05:00:00 UTC,140.78,141.14,139.75,140.23,16047099,140.324092
GOOGL,2023-12-29 05:00:00 UTC,139.63,140.36,138.78,139.69,18733017,139.609991
GOOGL,2024-01-02 05:00:00 UTC,138.55,139.45,136.48,138.17,23715274,137.757757
GOOGL,2024-01-03 05:00:00 UTC,137.25,139.63,137.08,138.92,24214076,138.749284
GOOGL,2024-01-04 05:00:00 UTC,138.42,139.16,136.35,136.39,27139644,137.364563
GOOGL,2024-01-05 05:00:00 UTC,136.745,137.1558,135.15,135.73,22513854,136.022865
GOOGL,2024-01-08 05:00:00 UTC,136.29,139.01,136.26,138.84,21405420,138.104058
GOOGL,2024-01-09 05:00:00 UTC,138.5,141.485,138.15,140.95,24765144,140.445943
GOOGL,2024-01-10 05:00:00 UTC,141,143,140.91,142.28,21323292,142.088559
GOOGL,2024-01-11 05:00:00 UTC,143.49,145.22,140.635,142.08,24012786,142.31774
GOOGL,2024-01-12 05:00:00 UTC,142.67,143.195,141.82,142.65,18785514,142.68635
GOOGL,2024-01-16 05:00:00 UTC,142,144.35,141.45,142.49,22673946,142.587697
GOOGL,2024-01-17 05:00:00 UTC,141.345,141.84,138.9,141.47,20969536,140.708137
GOOGL,2024-01-18 05:00:00 UTC,142.05,144.21,141.99,143.48,25749833,143.259128
GOOGL,2024-01-19 05:00:00 UTC,144.74,146.45,144.38,146.38,34271867,145.800685
GOOGL,2024-01-22 05:00:00 UTC,147.1,148.39,145.84,145.99,32201349,146.91404
GOOGL,2024-01-23 05:00:00 UTC,145.89,147.182,145.5,147.04,21639295,146.678782
GOOGL,2024-01-24 05:00:00 UTC,148.54,149.855,148.1,148.7,25236770,149.017505
GOOGL,2024-01-25 05:00:00 UTC,150.065,153.05,149.54,151.87,29162508,151.677941
GOOGL,2024-01-26 05:00:00 UTC,151.1,152.535,151.01,152.185,26115494,151.983148
GOOGL,2024-01-29 05:00:00 UTC,152.06,153.78,151.43,153.51,27770205,152.689421
GOOGL,2024-01-30 05:00:00 UTC,152.8,153.62,151.185,151.46,36331227,152.161568
GOOGL,2024-01-31 05:00:00 UTC,143.62,144,139.87,140.1,71910044,141.54055
GOOGL,2024-02-01 05:00:00 UTC,142.12,143.06,140.79,141.16,40466549,141.680428
GOOGL,2024-02-02 05:00:00 UTC,139.26,142.62,136.5,142.38,62499574,139.967645
GOOGL,2024-02-05 05:00:00 UTC,142.82,145.47,142.78,143.68,38505405,143.996707
GOOGL,2024-02-06 05:00:00 UTC,144.65,145.36,143.19,144.1,29128201,144.055037
GOOGL,2024-02-07 05:00:00 UTC,144.76,145.615,143.925,145.54,25208862,145.07911
GOOGL,2024-02-08 05:00:00 UTC,145.83,146.33,145.105,145.91,22563764,145.828273
GOOGL,2024-02-09 05:00:00 UTC,146.68,149.44,146.18,149,26829504,148.482159
GOOGL,2024-02-12 05:00:00 UTC,148.42,149.335,147.37,147.53,21564085,148.115815
GOOGL,2024-02-13 05:00:00 UTC,144.92,146.67,143.69,145.14,27837730,145.043832
GOOGL,2024-02-14 05:00:00 UTC,146.08,146.52,144.094,145.94,22704166,145.383202
GOOGL,2024-02-15 05:00:00 UTC,143.14,143.52,140.46,142.77,37590695,142.036595
GOOGL,2024-02-16 05:00:00 UTC,142.99,143.19,140.14,140.52,31468926,141.046581
GOOGL,2024-02-20 05:00:00 UTC,139.655,142.08,139.49,141.12,24935710,140.930266
GOOGL,2024-02-21 05:00:00 UTC,141.45,142.69,140.675,142.55,23315687,141.987639
GOOGL,2024-02-22 05:00:00 UTC,144.93,145,142.8,144.09,27191892,143.940176
GOOGL,2024-02-23 05:00:00 UTC,143.67,144.68,143.43,143.96,19493752,143.961048
GOOGL,2024-02-26 05:00:00 UTC,142.14,142.44,137.39,137.57,53641795,138.895326
GOOGL,2024-02-27 05:00:00 UTC,138.02,139.25,137.09,138.88,33102669,138.173207
GOOGL,2024-02-28 05:00:00 UTC,137.9,138.01,135.41,136.38,37328508,136.197718
GOOGL,2024-02-29 05:00:00 UTC,137.28,138.86,136.4,138.46,42132953,137.803913
GOOGL,2024-03-01 05:00:00 UTC,138.43,138.87,136.92,137.14,31151116,137.691385
GOOGL,2024-03-04 05:00:00 UTC,135.66,135.66,131.91,133.35,56430215,133.089727
GOOGL,2024-03-05 05:00:00 UTC,131.88,133.24,130.665,132.67,40194757,132.082296
GOOGL,2024-03-06 05:00:00 UTC,133.12,133.58,130.85,131.4,35318610,131.570307
GOOGL,2024-03-07 05:00:00 UTC,132.795,134.94,131.61,134.38,37738209,133.899675
GOOGL,2024-03-08 05:00:00 UTC,134.21,138.085,134,135.41,39392392,136.260546
GOOGL,2024-03-11 04:00:00 UTC,136.13,139.095,136.13,137.67,32437772,138.061688
GOOGL,2024-03-12 04:00:00 UTC,137.03,139.375,137.03,138.5,27563354,138.584444
GOOGL,2024-03-13 04:00:00 UTC,139,141.09,138.99,139.79,23347208,140.133346
GOOGL,2024-03-14 04:00:00 UTC,141.19,143.585,140.455,143.1,42753387,142.517596
GOOGL,2024-03-15 04:00:00 UTC,142.5,143.18,140.03,141.18,49475417,141.275898
GOOGL,2024-03-18 04:00:00 UTC,148.61,152.15,147.17,147.68,69273699,149.502414
GOOGL,2024-03-19 04:00:00 UTC,148.16,148.7913,146.08,147.03,24070435,146.87191
GOOGL,2024-03-20 04:00:00 UTC,148,148.86,146.735,148.74,21311501,148.059431
GOOGL,2024-03-21 04:00:00 UTC,149.47,150.37,146.9001,147.6,24755597,147.976556
GOOGL,2024-03-22 04:00:00 UTC,149.12,151.58,148.98,150.77,29211769,150.718867
GOOGL,2024-03-25 04:00:00 UTC,149.94,150.375,147.82,150.07,19229285,149.525665
GOOGL,2024-03-26 04:00:00 UTC,150.22,152.256,149.98,150.67,22149137,151.082585
GOOGL,2024-03-27 04:00:00 UTC,151.18,151.635,148.9,150.87,22879178,150.15937
GOOGL,2024-03-28 04:00:00 UTC,150.85,151.43,150.17,150.93,24485390,150.872134
GOOGL,2024-04-01 04:00:00 UTC,150.69,155.74,150.61,155.49,31730848,154.886445
GOOGL,2024-04-02 04:00:00 UTC,153.5,154.7,152.15,154.56,24585985,153.742539
GOOGL,2024-04-03 04:00:00 UTC,153.6,155.08,152.73,154.92,24704991,154.330143
GOOGL,2024-04-04 04:00:00 UTC,153.5,154.77,150.45,150.53,34724738,152.537394
GOOGL,2024-04-05 04:00:00 UTC,150.03,153.42,149.6,152.5,23459246,152.374762
GOOGL,2024-04-08 04:00:00 UTC,152.78,155.27,152.61,154.85,20701974,154.628409
GOOGL,2024-04-09 04:00:00 UTC,156.085,158.56,155.19,156.6,31113013,156.708735
GOOGL,2024-04-10 04:00:00 UTC,156.21,156.61,154.68,156.14,22838629,155.731725
GOOGL,2024-04-11 04:00:00 UTC,156.91,159.68,156.46,159.41,27166431,158.438782
GOOGL,2024-04-12 04:00:00 UTC,157.96,160.2225,157.14,157.73,25340929,158.18726
GOOGL,2024-04-15 04:00:00 UTC,158.86,159.24,154.59,154.86,27136472,156.604561
GOOGL,2024-04-16 04:00:00 UTC,154.19,155.65,153.43,154.4,20779495,154.518523
GOOGL,2024-04-17 04:00:00 UTC,155.62,157.08,154.58,155.47,21763130,155.760802
GOOGL,2024-04-18 04:00:00 UTC,155.34,156.94,154.62,156.01,19883044,156.032668
GOOGL,2024-04-19 04:00:00 UTC,156.2,156.36,152.3,154.09,32615639,154.234854
GOOGL,2024-04-22 04:00:00 UTC,154.31,157.64,154.06,156.28,26446206,156.004785
GOOGL,2024-04-23 04:00:00 UTC,156.96,158.97,156.28,158.26,21151568,158.116353
GOOGL,2024-04-24 04:00:00 UTC,157.49,159.565,157.165,159.13,22779112,158.450007
GOOGL,2024-04-25 04:00:00 UTC,151.33,156.49,150.87,156,57109730,154.809773
GOOGL,2024-04-26 04:00:00 UTC,174.37,174.71,169.65,171.95,64665299,171.923005
GOOGL,2024-04-29 04:00:00 UTC,169.058,169.55,165.21,166.15,45610024,167.127286
GOOGL,2024-04-30 04:00:00 UTC,165.612,168.1,162.6,162.78,33562861,164.563974
GOOGL,2024-05-01 04:00:00 UTC,164.3,167.12,163.09,163.86,33493151,164.913512
GOOGL,2024-05-02 04:00:00 UTC,164.785,166.73,163.89,166.62,24294549,165.670656
GOOGL,2024-05-03 04:00:00 UTC,167.56,167.96,163.05,167.24,34662432,165.823144
GOOGL,2024-05-06 04:00:00 UTC,167.46,168.14,166.03,168.1,21871283,167.207877
GOOGL,2024-05-07 04:00:00 UTC,168.5,171.76,168.39,171.25,28039696,170.737107
GOOGL,2024-05-08 04:00:00 UTC,169,170.15,168.735,169.38,19586146,169.538863
GOOGL,2024-05-09 04:00:00 UTC,169.39,170.69,168.18,169.96,15346700,169.267101
GOOGL,2024-05-10 04:00:00 UTC,168.025,169.85,166.19,168.65,29799931,168.225396
GOOGL,2024-05-13 04:00:00 UTC,164.26,169.28,164,169.14,31327602,166.744957
GOOGL,2024-05-14 04:00:00 UTC,169.77,171.25,168.8,170.34,25127138,170.124905
GOOGL,2024-05-15 04:00:00 UTC,170.63,172.65,170.51,172.51,26948370,171.847054
GOOGL,2024-05-16 04:00:00 UTC,173.29,175.115,172.69,174.18,27867947,174.212654
GOOGL,2024-05-17 04:00:00 UTC,174.18,176.265,173.69,176.06,24479262,175.63836
GOOGL,2024-05-20 04:00:00 UTC,176.192,178.77,176.08,176.92,22554400,177.258345
GOOGL,2024-05-21 04:00:00 UTC,176.9,178.15,175.81,177.85,16806769,177.468037
GOOGL,2024-05-22 04:00:00 UTC,176.644,177.15,175.21,176.38,17880042,176.027798
GOOGL,2024-05-23 04:00:00 UTC,177.07,178.25,172.95,173.55,21024935,174.723615
GOOGL,2024-05-24 04:00:00 UTC,174.98,175.77,173.65,174.99,16579438,175.008156
GOOGL,2024-05-28 04:00:00 UTC,174.45,177.27,174.365,176.4,20572157,176.041185
GOOGL,2024-05-29 04:00:00 UTC,175.43,176.836,174.72,175.9,23388693,176.056616
GOOGL,2024-05-30 04:00:00 UTC,175.2,175.22,171.79,172.11,22958677,172.82545
GOOGL,2024-05-31 04:00:00 UTC,171.86,173.06,169.44,172.5,37638876,171.731216
GOOGL,2024-06-03 04:00:00 UTC,172.54,174.525,171.16,173.17,27459118,172.712615
GOOGL,2024-06-04 04:00:00 UTC,173.28,173.845,171.89,173.79,26879596,173.151789
GOOGL,2024-06-05 04:00:00 UTC,175.2,176.645,173.9339,175.41,22068519,175.242145
GOOGL,2024-06-06 04:00:00 UTC,175.895,177.15,175.75,176.73,23251013,176.594093
GOOGL,2024-06-07 04:00:00 UTC,177.05,177.87,174.3,174.46,19661399,175.745272
GOOGL,2024-06-10 04:00:00 UTC,174.97,177.06,172.76,175.01,23779218,174.541329
GOOGL,2024-06-11 04:00:00 UTC,176.22,176.84,173.7701,176.62,21540582,175.48326
GOOGL,2024-06-12 04:00:00 UTC,178.25,180.41,176.11,177.79,27864737,177.805201
GOOGL,2024-06-13 04:00:00 UTC,176.11,176.74,174.88,175.16,20913299,175.690773
GOOGL,2024-06-14 04:00:00 UTC,174.22,177.0623,174.15,176.79,18063555,176.298823
GOOGL,2024-06-17 04:00:00 UTC,175.46,178.36,174.81,177.24,19618497,176.644554
GOOGL,2024-06-18 04:00:00 UTC,177.14,177.385,174.1042,175.09,21869857,175.254318
GOOGL,2024-06-20 04:00:00 UTC,175.37,177.29,174.99,176.3,20160085,175.980197
GOOGL,2024-06-21 04:00:00 UTC,177,180.85,176.61,179.63,58582743,179.166696
GOOGL,2024-06-24 04:00:00 UTC,180.16,180.89,178.67,179.22,18298012,179.474766
GOOGL,2024-06-25 04:00:00 UTC,179.62,184.29,179.42,184.03,23235589,182.714281
GOOGL,2024-06-26 04:00:00 UTC,182.63,184.51,182.48,183.88,19838972,183.726647
GOOGL,2024-06-27 04:00:00 UTC,184.18,186.05,184.02,185.41,18848884,185.201574
GOOGL,2024-06-28 04:00:00 UTC,184.32,185.13,181.96,182.15,28914892,183.063172
GOOGL,2024-07-01 04:00:00 UTC,183.03,183.88,181.3,182.99,16006128,182.666665
GOOGL,2024-07-02 04:00:00 UTC,182.05,185.57,181.56,185.24,17372485,184.211644
GOOGL,2024-07-03 04:00:00 UTC,184.85,186.09,184,185.82,10242126,185.391285
GOOGL,2024-07-05 04:00:00 UTC,185.855,190.86,185.8,190.6,20967450,189.825722
GOOGL,2024-07-08 04:00:00 UTC,189.895,190.17,187.78,189.03,21035886,188.972201
GOOGL,2024-07-09 04:00:00 UTC,190.31,191.36,188.72,188.98,15141312,189.642124
GOOGL,2024-07-10 04:00:00 UTC,189.15,191.75,189.03,191.18,15952454,190.731565
GOOGL,2024-07-11 04:00:00 UTC,189.845,190.86,185.08,185.57,25625784,186.710179
GOOGL,2024-07-12 04:00:00 UTC,185.08,187.11,184.49,185.07,22898406,185.590004
GOOGL,2024-07-15 04:00:00 UTC,184.92,188.24,184.92,186.53,16474043,186.754298
GOOGL,2024-07-16 04:00:00 UTC,187.36,188.68,183.3736,183.92,18290722,184.925334
GOOGL,2024-07-17 04:00:00 UTC,182.965,183.55,179.9,181.02,20734071,181.142689
GOOGL,2024-07-18 04:00:00 UTC,181.93,182.5,176.47,177.69,25315727,178.09193
GOOGL,2024-07-19 04:00:00 UTC,178.88,180.29,177.13,177.66,18881885,178.337112
GOOGL,2024-07-22 04:00:00 UTC,180.59,182.7,180.23,181.67,24100345,181.739108
GOOGL,2024-07-23 04:00:00 UTC,182.05,183.61,181.54,181.79,36352714,182.564997
GOOGL,2024-07-24 04:00:00 UTC,173.6,176.19,171.82,172.63,49585203,173.43975
GOOGL,2024-07-25 04:00:00 UTC,172.52,173.42,167.19,167.28,44851973,169.761783
GOOGL,2024-07-26 04:00:00 UTC,167.15,168.09,164.06,167,41336886,166.190376
GOOGL,2024-07-29 04:00:00 UTC,168.83,170.43,167.99,169.53,20293822,169.384544
GOOGL,2024-07-30 04:00:00 UTC,170.24,171.2299,168.44,170.29,18959686,169.972204
GOOGL,2024-07-31 04:00:00 UTC,173.24,174.245,170.01,171.54,25729090,171.585575
GOOGL,2024-08-01 04:00:00 UTC,170.25,174.05,168.88,170.76,24531392,171.056059
GOOGL,2024-08-02 04:00:00 UTC,166.44,168.51,164.67,166.66,29130102,166.166921
GOOGL,2024-08-05 04:00:00 UTC,155.5,164.43,154.93,159.25,53630673,160.102848
GOOGL,2024-08-06 04:00:00 UTC,159.33,160.57,156.41,158.29,49004561,158.590688
GOOGL,2024-08-07 04:00:00 UTC,161.25,162.98,158.47,158.94,25138573,160.23064
GOOGL,2024-08-08 04:00:00 UTC,160.51,163.69,160.21,162.03,25578839,162.32321
GOOGL,2024-08-09 04:00:00 UTC,160.01,163.79,159.06,163.67,28602285,161.359504
GOOGL,2024-08-12 04:00:00 UTC,164.35,164.9,161.84,162.29,15895286,162.897221
GOOGL,2024-08-13 04:00:00 UTC,163.41,164.73,162.97,164.16,18551690,163.92123
GOOGL,2024-08-14 04:00:00 UTC,162.4,163.22,157.71,160.37,40591126,159.525787
GOOGL,2024-08-15 04:00:00 UTC,160.5,161.635,159.61,161.3,31524252,160.830245
GOOGL,2024-08-16 04:00:00 UTC,161.47,165.06,161.13,162.96,24208647,163.283676
GOOGL,2024-08-19 04:00:00 UTC,165.28,166.69,164.26,166.67,22416185,165.77621
GOOGL,2024-08-20 04:00:00 UTC,166.9,168.64,166.82,167.18,18341533,167.587441
GOOGL,2024-08-21 04:00:00 UTC,165.15,166.85,164.67,165.85,22901997,165.790552
GOOGL,2024-08-22 04:00:00 UTC,167.26,167.59,163.31,163.8,22493275,164.772938
GOOGL,2024-08-23 04:00:00 UTC,164.72,166.18,163.83,165.62,13955741,165.218102
GOOGL,2024-08-26 04:00:00 UTC,166.38,167.55,164.455,166.16,14190417,165.938711
GOOGL,2024-08-27 04:00:00 UTC,165.835,166.4426,164.46,164.68,11821941,165.354162
GOOGL,2024-08-28 04:00:00 UTC,165.035,165.6,161.5284,162.85,16407444,162.792219
GOOGL,2024-08-29 04:00:00 UTC,164.31,165.97,160.25,161.78,19699767,162.870397
GOOGL,2024-08-30 04:00:00 UTC,162.615,163.66,161.6925,163.38,22123811,162.932321
GOOGL,2024-09-03 04:00:00 UTC,161.72,161.85,156.48,157.36,38945301,158.370698
GOOGL,2024-09-04 04:00:00 UTC,156.655,159,155.9616,156.45,19353759,157.068308
GOOGL,2024-09-05 04:00:00 UTC,156.3,159.45,155.9805,157.24,18688747,157.504612
GOOGL,2024-09-06 04:00:00 UTC,157.3,157.83,150.55,150.92,37912130,152.213601
GOOGL,2024-09-09 04:00:00 UTC,152.51,153.4,147.215,148.71,39260451,149.280571
GOOGL,2024-09-10 04:00:00 UTC,150.45,151.27,148.34,148.66,31118765,149.441836
GOOGL,2024-09-11 04:00:00 UTC,149.92,151.5,147.52,151.16,29607693,149.884943
GOOGL,2024-09-12 04:00:00 UTC,153.8,154.82,152.65,154.69,29695048,154.033295
GOOGL,2024-09-13 04:00:00 UTC,155.43,158.38,155.21,157.46,29591152,157.171602
GOOGL,2024-09-16 04:00:00 UTC,157.31,158.25,156.6,158.06,18379775,157.775444
GOOGL,2024-09-17 04:00:00 UTC,159.02,160.55,158.375,159.32,20715612,159.297372
GOOGL,2024-09-18 04:00:00 UTC,159.86,160.5,158.595,159.81,23677315,159.665189
GOOGL,2024-09-19 04:00:00 UTC,163.71,163.79,161.34,162.14,26587733,162.541346
GOOGL,2024-09-20 04:00:00 UTC,163.5,163.73,162.06,163.59,40896438,163.324874
GOOGL,2024-09-23 04:00:00 UTC,164.35,165.49,161.67,161.85,24150852,162.818732
GOOGL,2024-09-24 04:00:00 UTC,163.03,163.2158,160.69,162.29,23332147,162.240302
GOOGL,2024-09-25 04:00:00 UTC,161.47,162.81,161.3,161.49,18869199,161.861411
GOOGL,2024-09-26 04:00:00 UTC,163.64,164.08,162.28,162.73,20319336,162.938684
GOOGL,2024-09-27 04:00:00 UTC,162.81,165.7,162.6261,163.95,21101307,164.184361
GOOGL,2024-09-30 04:00:00 UTC,163.32,166.15,163.26,165.85,20481303,165.135743
GOOGL,2024-10-01 04:00:00 UTC,167.685,169.16,164.58,166.99,28338123,166.718446
GOOGL,2024-10-02 04:00:00 UTC,166.42,167.52,164.73,165.86,17760179,165.670691
GOOGL,2024-10-03 04:00:00 UTC,164.41,166.64,163.923,165.86,15073101,165.620823
GOOGL,2024-10-04 04:00:00 UTC,168.06,168.23,165.48,167.06,19093724,166.727538
GOOGL,2024-10-07 04:00:00 UTC,167.72,168.48,162.75,162.98,22463140,164.623972
GOOGL,2024-10-08 04:00:00 UTC,163.94,164.725,162.87,164.38,23072733,163.831367
GOOGL,2024-10-09 04:00:00 UTC,163.45,164.84,159.74,161.86,31181774,161.639663
GOOGL,2024-10-10 04:00:00 UTC,160.87,163.07,160.395,162.08,14144068,162.041994
GOOGL,2024-10-11 04:00:00 UTC,162.13,163.9,161.235,163.24,15344251,163.102159
GOOGL,2024-10-14 04:00:00 UTC,163.64,166.226,163.4,164.96,19016141,164.979056
GOOGL,2024-10-15 04:00:00 UTC,165.785,167.68,164.625,165.46,20247195,165.787034
GOOGL,2024-10-16 04:00:00 UTC,164.53,165.8,163.74,165.16,16406030,164.890676
GOOGL,2024-10-17 04:00:00 UTC,165.73,166.37,162.76,162.93,21453395,163.797483
GOOGL,2024-10-18 04:00:00 UTC,163.19,164.71,163.08,163.42,19757661,163.584437
GOOGL,2024-10-21 04:00:00 UTC,162.95,164.5,162.62,164.07,20946455,163.898711
GOOGL,2024-10-22 04:00:00 UTC,162.98,165.77,162.98,165.14,16568121,164.829873
GOOGL,2024-10-23 04:00:00 UTC,164.76,165.82,161.925,162.78,18280518,163.107923
GOOGL,2024-10-24 04:00:00 UTC,162.83,163.33,161.01,162.72,22412527,162.469449
GOOGL,2024-10-25 04:00:00 UTC,163.67,165.59,163.42,165.27,19828884,164.963945
GOOGL,2024-10-28 04:00:00 UTC,168.75,168.75,163.95,166.72,32138641,166.722569
GOOGL,2024-10-29 04:00:00 UTC,167.73,170.38,167.0896,169.68,42169025,169.164762
GOOGL,2024-10-30 04:00:00 UTC,180.68,182.02,174.0599,174.46,68890787,178.221172
GOOGL,2024-10-31 04:00:00 UTC,173.13,176.82,171,171.11,44768981,172.94923
GOOGL,2024-11-01 04:00:00 UTC,170.07,172.32,168.88,171.29,31796477,171.24021
GOOGL,2024-11-04 05:00:00 UTC,169.93,170.73,168.011,169.24,21492744,169.200659
GOOGL,2024-11-05 05:00:00 UTC,169.43,170.53,168.84,169.74,18242050,169.724803
GOOGL,2024-11-06 05:00:00 UTC,173.8,176.94,173.5,176.51,33695538,175.711766
GOOGL,2024-11-07 05:00:00 UTC,177.41,181.08,177.19,180.75,25352939,179.723174
GOOGL,2024-11-08 05:00:00 UTC,180.645,180.9,178.08,178.35,22006182,178.770279
GOOGL,2024-11-11 05:00:00 UTC,178.58,180.545,178.47,180.35,17450354,179.943157
GOOGL,2024-11-12 05:00:00 UTC,179.82,182.49,179.39,181.62,25134905,181.178418
GOOGL,2024-11-13 05:00:00 UTC,180.46,180.96,178.54,178.88,23184003,179.276343
GOOGL,2024-11-14 05:00:00 UTC,178.28,178.82,174.3218,175.58,31007457,175.712446
GOOGL,2024-11-15 05:00:00 UTC,173.73,174.14,171.22,172.49,32504649,172.489078
GOOGL,2024-11-18 05:00:00 UTC,173.42,175.438,172.9,175.3,20241897,174.53374
GOOGL,2024-11-19 05:00:00 UTC,173.72,178.87,173.56,178.12,23750925,177.056209
GOOGL,2024-11-20 05:00:00 UTC,177.34,177.675,173.78,175.98,18988159,175.511207
GOOGL,2024-11-21 05:00:00 UTC,173.9,174.13,163.7,167.63,59734379,166.675879
GOOGL,2024-11-22 05:00:00 UTC,165.85,166.46,163.9,164.76,38604587,165.067959
GOOGL,2024-11-25 05:00:00 UTC,166.09,168.63,165.6072,167.65,33135263,167.525139
GOOGL,2024-11-26 05:00:00 UTC,167.63,169.82,167.58,169.12,20486720,168.935164
GOOGL,2024-11-27 05:00:00 UTC,169,169.4832,168.02,169.23,19266511,169.121596
GOOGL,2024-11-29 05:00:00 UTC,168.5,169.43,167.16,168.95,14257244,168.673862
GOOGL,2024-12-02 05:00:00 UTC,168.765,172.075,168.57,171.49,23789084,171.250689
GOOGL,2024-12-03 05:00:00 UTC,171.49,172.68,170.85,171.34,22248705,171.424342
GOOGL,2024-12-04 05:00:00 UTC,171.145,174.91,171.06,174.37,31615137,173.887485
GOOGL,2024-12-05 05:00:00 UTC,175.36,176.06,172.33,172.64,21356243,173.564925
GOOGL,2024-12-06 05:00:00 UTC,172.03,175.08,171.86,174.71,21462393,174.402105
GOOGL,2024-12-09 05:00:00 UTC,173.96,176.26,173.65,175.37,25389631,175.217957
GOOGL,2024-12-10 05:00:00 UTC,182.845,186.36,181.05,185.17,54813022,184.126708
GOOGL,2024-12-11 05:00:00 UTC,185.31,195.61,184.85,195.4,67894071,192.909701
GOOGL,2024-12-12 05:00:00 UTC,195,195.18,191.71,191.96,34817486,193.432388
GOOGL,2024-12-13 05:00:00 UTC,191.01,192.73,189.64,189.82,25143495,190.877769
GOOGL,2024-12-16 05:00:00 UTC,192.87,199,192.62,196.66,44934901,196.647682
GOOGL,2024-12-17 05:00:00 UTC,197.25,201.42,194.98,195.42,43504025,197.091246
GOOGL,2024-12-18 05:00:00 UTC,195.22,197,187.74,188.4,34166074,191.475805
GOOGL,2024-12-19 05:00:00 UTC,191.625,193.03,188.38,188.51,32265241,190.018908
GOOGL,2024-12-20 05:00:00 UTC,185.78,192.89,185.22,191.41,63462934,190.200804
GOOGL,2024-12-23 05:00:00 UTC,192.62,195.1,190.15,194.63,25675014,193.585438
GOOGL,2024-12-24 05:00:00 UTC,194.84,196.11,193.78,196.11,10403259,195.502597
GOOGL,2024-12-26 05:00:00 UTC,195.15,196.748,194.375,195.6,12057210,195.804373
GOOGL,2024-12-27 05:00:00 UTC,194.95,195.32,190.65,192.76,18891362,192.436699
GOOGL,2024-12-30 05:00:00 UTC,189.8,192.55,189.12,191.24,14264659,191.190386
GOOGL,2024-12-31 05:00:00 UTC,191.075,191.96,188.51,189.3,17466919,189.861911
GOOGL,2025-01-02 05:00:00 UTC,190.65,192,187.5,189.43,20370828,189.584668
GOOGL,2025-01-03 05:00:00 UTC,191.37,193.21,189.975,191.79,18596159,191.763913
GOOGL,2025-01-06 05:00:00 UTC,193.98,198.2222,193.85,196.87,29563638,196.73636
GOOGL,2025-01-07 05:00:00 UTC,197.11,201,194.6,195.49,26487244,197.04705
GOOGL,2025-01-08 05:00:00 UTC,192.57,196.29,192.38,193.95,24864766,194.351096
GOOGL,2025-01-10 05:00:00 UTC,194.295,196.52,190.31,192.04,26665206,192.829352
GOOGL,2025-01-13 05:00:00 UTC,190.07,191.18,187.36,191.01,21823699,190.096289
GOOGL,2025-01-14 05:00:00 UTC,191.24,191.98,188.3082,189.66,17174854,190.045694
GOOGL,2025-01-15 05:00:00 UTC,193.09,196.36,191.86,195.55,21775969,194.800387
GOOGL,2025-01-16 05:00:00 UTC,194.14,195.48,192.81,192.91,17815432,193.887075
GOOGL,2025-01-17 05:00:00 UTC,196.53,197.23,193.75,196,27735089,195.950305
GOOGL,2025-01-21 05:00:00 UTC,199.07,202.29,197.87,198.05,29971292,198.981318
GOOGL,2025-01-22 05:00:00 UTC,199.06,200.48,197.53,198.37,26200617,198.883706
GOOGL,2025-01-23 05:00:00 UTC,198.14,200.3,195.2,197.98,26951357,197.878928
GOOGL,2025-01-24 05:00:00 UTC,198.1,200.9,198,200.21,23877521,199.783483
GOOGL,2025-01-27 05:00:00 UTC,192.41,196.88,190.73,191.81,41728893,192.975724
GOOGL,2025-01-28 05:00:00 UTC,192.745,195.48,190.68,195.3,24157929,194.438981
GOOGL,2025-01-29 05:00:00 UTC,195.555,196.785,193.43,195.41,18218256,195.082918
GOOGL,2025-01-30 05:00:00 UTC,198,201.4,197.67,200.87,24354684,200.161218
GOOGL,2025-01-31 05:00:00 UTC,202,205.48,201.8,204.02,32041952,204.25406
GOOGL,2025-02-03 05:00:00 UTC,200.69,203.75,200.1,201.23,27815470,201.870186
GOOGL,2025-02-04 05:00:00 UTC,203.39,207.05,202.81,206.38,43757263,205.376059
GOOGL,2025-02-05 05:00:00 UTC,191.07,192.75,188.03,191.33,70461770,190.219598
GOOGL,2025-02-06 05:00:00 UTC,189.5,192.1,188.72,191.6,29297442,190.720436
GOOGL,2025-02-07 05:00:00 UTC,191.05,191.18,183.24,185.34,49156418,186.160025
GOOGL,2025-02-10 05:00:00 UTC,187.35,188.2,185.86,186.47,23085939,186.785118
GOOGL,2025-02-11 05:00:00 UTC,185.03,186.94,184.28,185.32,21239519,185.266071
GOOGL,2025-02-12 05:00:00 UTC,183.22,185.11,181.83,183.61,22072559,183.531296
GOOGL,2025-02-13 05:00:00 UTC,184.32,186.28,183.14,186.14,21402523,184.821842
GOOGL,2025-02-14 05:00:00 UTC,185.055,186.4,184.32,185.23,20448437,185.225702
GOOGL,2025-02-18 05:00:00 UTC,185.6,185.96,181.7401,183.77,29916675,183.717394
GOOGL,2025-02-19 05:00:00 UTC,184.07,185.46,183.59,185.27,19529444,184.738238
GOOGL,2025-02-20 05:00:00 UTC,184.8,185.31,182.72,184.56,20441462,184.181898
GOOGL,2025-02-21 05:00:00 UTC,185.15,185.34,179.08,179.66,35199239,181.071951
GOOGL,2025-02-24 05:00:00 UTC,181.99,183.12,178.885,179.25,29854206,180.382185
GOOGL,2025-02-25 05:00:00 UTC,178.04,178.74,174.6939,175.42,41913411,176.122143
GOOGL,2025-02-26 05:00:00 UTC,175.07,176.08,171.5807,172.73,35431268,173.636834
GOOGL,2025-02-27 05:00:00 UTC,173.99,174.56,167.94,168.5,39991015,169.96209
GOOGL,2025-02-28 05:00:00 UTC,168.68,170.61,166.77,170.28,48130565,169.179184
GOOGL,2025-03-03 05:00:00 UTC,171.925,173.37,165.93,167.01,40770451,168.682936
GOOGL,2025-03-04 05:00:00 UTC,166.24,173.2946,165.8,170.92,45387996,169.733594
GOOGL,2025-03-05 05:00:00 UTC,170.52,173.78,169.06,173.02,30954922,171.74288
GOOGL,2025-03-06 05:00:00 UTC,170.53,174.81,170.5,172.35,28301953,172.595374
GOOGL,2025-03-07 05:00:00 UTC,171.26,174.97,170.27,173.86,27385813,172.791638
GOOGL,2025-03-10 04:00:00 UTC,168.26,168.46,163.69,165.87,43604027,165.810599
GOOGL,2025-03-11 04:00:00 UTC,164.91,166.75,161.37,164.04,39587414,164.318122
GOOGL,2025-03-12 04:00:00 UTC,166.58,167.6399,163.53,167.11,28372396,166.146278
GOOGL,2025-03-13 04:00:00 UTC,166.035,166.13,162.11,162.76,31756214,163.377176
GOOGL,2025-03-14 04:00:00 UTC,163.27,166.49,162.45,165.49,31995894,164.481338
GOOGL,2025-03-17 04:00:00 UTC,165.03,166.3,163.67,164.29,31184335,164.721001
GOOGL,2025-03-18 04:00:00 UTC,163.675,164.25,156.72,160.67,42074751,159.744602
GOOGL,2025-03-19 04:00:00 UTC,161.76,165.87,161,163.89,34275582,163.496787
GOOGL,2025-03-20 04:00:00 UTC,161.57,164.89,160.96,162.8,28138464,162.894049
GOOGL,2025-03-21 04:00:00 UTC,161.205,164.24,160.8901,163.99,36625764,162.975843
GOOGL,2025-03-24 04:00:00 UTC,167.065,168.32,165.14,167.68,30879129,167.35258
GOOGL,2025-03-25 04:00:00 UTC,168.98,170.63,168.315,170.56,24174373,169.896021
GOOGL,2025-03-26 04:00:00 UTC,169,169.61,164.84,165.06,28939326,166.640299
GOOGL,2025-03-27 04:00:00 UTC,164.63,165.42,162,162.24,24508273,163.287404
GOOGL,2025-03-28 04:00:00 UTC,160.49,161.82,153.63,154.33,48669335,155.870625
GOOGL,2025-03-31 04:00:00 UTC,153.11,155.54,150.662,154.64,54603335,153.530748
GOOGL,2025-04-01 04:00:00 UTC,153.62,158.1,153.62,157.07,30672899,156.549735
GOOGL,2025-04-02 04:00:00 UTC,155.15,158.4052,154.7,157.04,25041730,156.716563
GOOGL,2025-04-03 04:00:00 UTC,151.11,152.7799,150.39,150.72,46883360,151.373021
GOOGL,2025-04-04 04:00:00 UTC,148.01,151.07,145.38,145.6,62258205,147.673934
GOOGL,2025-04-07 04:00:00 UTC,141.55,152.85,140.53,146.75,76794136,145.8975
GOOGL,2025-04-08 04:00:00 UTC,151.22,152.24,143.03,144.7,52192771,147.749615
GOOGL,2025-04-09 04:00:00 UTC,144.415,159.55,143.905,158.71,70388272,153.144992
GOOGL,2025-04-10 04:00:00 UTC,156.54,157.72,149.93,152.82,48021972,153.776353
GOOGL,2025-04-11 04:00:00 UTC,152.9,157.67,152.82,157.14,33636239,156.21694
GOOGL,2025-04-14 04:00:00 UTC,159.995,161.72,157.56,159.07,30332957,159.619379
GOOGL,2025-04-15 04:00:00 UTC,159.125,159.65,155.21,156.31,27551534,156.858263
GOOGL,2025-04-16 04:00:00 UTC,153.1,155.89,151.51,153.33,28187421,153.522029
GOOGL,2025-04-17 04:00:00 UTC,154.29,154.68,148.5,151.16,33046436,151.388977
GOOGL,2025-04-21 04:00:00 UTC,148.88,148.945,146.1,147.67,26049115,147.329629
GOOGL,2025-04-22 04:00:00 UTC,148.89,152.19,148.54,151.47,26971750,150.65744
GOOGL,2025-04-23 04:00:00 UTC,155.61,157.525,153.81,155.35,31128833,155.713242
GOOGL,2025-04-24 04:00:00 UTC,156.15,159.59,155.79,159.28,45893951,158.48237
GOOGL,2025-04-25 04:00:00 UTC,165.07,166.1,161.04,161.96,56033995,162.945546
GOOGL,2025-04-28 04:00:00 UTC,162.425,163.15,158.6,160.61,29745782,160.353328
GOOGL,2025-04-29 04:00:00 UTC,160.325,160.74,157.52,160.16,26808958,159.664004
GOOGL,2025-04-30 04:00:00 UTC,157.975,159.27,155.4,158.8,34981059,157.754052
GOOGL,2025-05-01 04:00:00 UTC,160.45,161.95,158.91,161.3,30203248,160.956281
GOOGL,2025-05-02 04:00:00 UTC,163.405,164.97,161.87,164.03,25715005,163.840405
GOOGL,2025-05-05 04:00:00 UTC,163,165.39,162.72,164.21,21341814,164.509467
