META,2022-08-15 04:00:00 UTC,178.96,181.44,178.2,180.89,16730577,180.359929
META,2022-08-16 04:00:00 UTC,179.44,180.99,177.035,179.47,22152201,179.025476
META,2022-08-17 04:00:00 UTC,176.76,178.14,174.17,174.85,21221404,175.632304
META,2022-08-18 04:00:00 UTC,174.34,175.76,171.86,174.66,19820847,174.383196
META,2022-08-19 04:00:00 UTC,170.2,172.32,167.05,167.96,28134166,168.620853
META,2022-08-22 04:00:00 UTC,165.49,165.49,162.26,163.05,21017167,163.259295
META,2022-08-23 04:00:00 UTC,162.48,165.05,160.7,161.11,19190591,162.236462
META,2022-08-24 04:00:00 UTC,160.6,165.46,159.77,163.26,22445903,163.217183
META,2022-08-25 04:00:00 UTC,165.18,168.88,164.02,168.78,16641583,167.277643
META,2022-08-26 04:00:00 UTC,168.48,170.92,161.6726,161.78,26353181,164.098597
META,2022-08-29 04:00:00 UTC,160.655,163.05,159.01,159.17,21383345,160.48987
META,2022-08-30 04:00:00 UTC,160.355,161.66,155.91,157.16,20904041,157.69625
META,2022-08-31 04:00:00 UTC,167.07,167.84,162.14,162.93,43620620,164.575091
META,2022-09-01 04:00:00 UTC,163.58,167.3599,160.345,165.36,31435029,163.702311
META,2022-09-02 04:00:00 UTC,167.45,167.93,159.22,160.32,24287440,162.708759
META,2022-09-06 04:00:00 UTC,160.1,161.69,157.69,158.54,20499809,159.094712
META,2022-09-07 04:00:00 UTC,157.76,160.955,156.81,160.39,18181708,159.277568
META,2022-09-08 04:00:00 UTC,158.71,162.23,157.74,162.06,23632172,160.68903
META,2022-09-09 04:00:00 UTC,163.248,169.54,163.02,169.15,23589136,167.85755
META,2022-09-12 04:00:00 UTC,167.39,171.39,167.28,168.96,25049469,168.90068
META,2022-09-13 04:00:00 UTC,161.54,161.63,152.67,153.13,47184594,155.882293
META,2022-09-14 04:00:00 UTC,153.33,153.54,149.05,151.47,44882192,150.874598
META,2022-09-15 04:00:00 UTC,149.8,154.1984,148.7,149.55,36183112,150.720008
META,2022-09-16 04:00:00 UTC,148.05,148.58,144.2935,146.29,45774595,146.335221
META,2022-09-19 04:00:00 UTC,145.235,148.58,145.1,148.02,23371933,146.989461
META,2022-09-20 04:00:00 UTC,145.775,148.84,145.22,146.09,24466690,146.888549
META,2022-09-21 04:00:00 UTC,146.39,149.6,142,142.12,39675698,144.973916
META,2022-09-22 04:00:00 UTC,141.55,144.58,140.87,142.82,35878533,142.786283
META,2022-09-23 04:00:00 UTC,141.42,142.62,138.89,140.41,33536503,140.267729
META,2022-09-26 04:00:00 UTC,140.12,142.24,136.19,136.37,33531887,138.147949
META,2022-09-27 04:00:00 UTC,137.92,139.42,134.1201,134.4,32562651,135.921163
META,2022-09-28 04:00:00 UTC,134.62,142.03,134.27,141.61,35141470,139.427883
META,2022-09-29 04:00:00 UTC,139.36,139.84,135.2,136.41,40836494,136.922763
META,2022-09-30 04:00:00 UTC,136.05,140.99,135.5,135.68,35639365,137.645989
META,2022-10-03 04:00:00 UTC,137.14,139.62,136.1,138.61,29959084,138.071725
META,2022-10-04 04:00:00 UTC,140.49,142.3901,139.34,140.28,36765548,140.637808
META,2022-10-05 04:00:00 UTC,138.24,140.21,134.78,138.98,29283604,137.480941
META,2022-10-06 04:00:00 UTC,137.715,141.45,136.6,139.07,37566809,139.379777
META,2022-10-07 04:00:00 UTC,136.76,138.29,132.44,133.45,35739606,134.294518
META,2022-10-10 04:00:00 UTC,133.55,136.11,131.87,133.79,25487359,133.802357
META,2022-10-11 04:00:00 UTC,131.62,132.66,126.99,128.54,40178406,129.13593
META,2022-10-12 04:00:00 UTC,128.32,129.67,126.25,127.5,36348669,127.637786
META,2022-10-13 04:00:00 UTC,123.53,131.14,122.5301,130.29,36516282,128.00034
META,2022-10-14 04:00:00 UTC,131,131.79,126.52,126.76,25979219,127.951894
META,2022-10-17 04:00:00 UTC,130.3,134.79,130.18,134.04,33098642,133.158096
META,2022-10-18 04:00:00 UTC,137.085,137.8399,131.4,132.8,26503162,133.71643
META,2022-10-19 04:00:00 UTC,132.89,137,132.22,133.23,31891741,133.952675
META,2022-10-20 04:00:00 UTC,132.93,136.77,131.31,131.53,27781896,133.508204
META,2022-10-21 04:00:00 UTC,126.31,130.12,125.44,130.01,49436407,128.283193
META,2022-10-24 04:00:00 UTC,127.25,133.48,124.57,129.72,65337873,129.459691
META,2022-10-25 04:00:00 UTC,130.875,138.35,130.59,137.51,40283074,135.729167
META,2022-10-26 04:00:00 UTC,131.68,135.55,128.53,129.82,92300241,131.192861
META,2022-10-27 04:00:00 UTC,97.975,102.5,96.38,97.94,237641497,99.514716
META,2022-10-28 04:00:00 UTC,99.58,100.85,97.51,99.2,98560017,99.306787
META,2022-10-31 04:00:00 UTC,98.22,99.32,92.6,93.16,124940136,94.183132
META,2022-11-01 04:00:00 UTC,94.33,97.49,93.55,95.2,112332768,95.487954
META,2022-11-02 04:00:00 UTC,94.205,95.2,90.48,90.54,74510287,92.845877
META,2022-11-03 04:00:00 UTC,90.08,90.4576,88.41,88.91,63061998,89.347833
META,2022-11-04 04:00:00 UTC,90.35,91.39,88.09,90.79,58471302,89.742806
META,2022-11-07 05:00:00 UTC,94.78,96.88,93.1,96.72,84787160,95.525347
META,2022-11-08 05:00:00 UTC,95.92,97.8,94.79,96.47,54560616,96.191112
META,2022-11-09 05:00:00 UTC,101.72,104.9,100.74,101.47,111139314,102.793079
META,2022-11-10 05:00:00 UTC,107.12,112.75,104.61,111.87,84816494,109.631278
META,2022-11-11 05:00:00 UTC,109.23,114.9,108.81,113.02,62009580,112.697518
META,2022-11-14 05:00:00 UTC,110.99,116.27,110.8,114.22,56070698,114.34278
META,2022-11-15 05:00:00 UTC,116.07,118.74,114.4116,117.08,53834282,117.007278
META,2022-11-16 05:00:00 UTC,114.5,116.075,112.66,113.23,34983430,113.607425
META,2022-11-17 05:00:00 UTC,110.41,112.33,109.8,111.45,38074885,111.242182
META,2022-11-18 05:00:00 UTC,113.8,114.32,110.62,112.05,36524924,112.280865
META,2022-11-21 05:00:00 UTC,111.52,112.3699,109.19,109.86,26180072,110.236574
META,2022-11-22 05:00:00 UTC,109.86,111.62,108.3216,111.44,30788270,110.417378
META,2022-11-23 05:00:00 UTC,111.72,112.67,110.73,112.24,22655255,111.973445
META,2022-11-25 05:00:00 UTC,111.3,112.73,111.02,111.41,12710036,111.485903
META,2022-11-28 05:00:00 UTC,110.78,112.04,108.38,108.78,25320606,109.444875
META,2022-11-29 05:00:00 UTC,109.54,110.94,108.5437,109.46,25396133,109.630111
META,2022-11-30 05:00:00 UTC,109.505,118.16,109.38,118.1,47844790,114.877856
META,2022-12-01 05:00:00 UTC,119.198,121.2,118.4,120.44,38788226,120.039645
META,2022-12-02 05:00:00 UTC,117.83,124.04,117.61,123.49,41989336,122.077422
META,2022-12-05 05:00:00 UTC,121.75,124.67,121.35,122.43,37154075,122.692529
META,2022-12-06 05:00:00 UTC,119.91,120.55,113.74,114.12,45921145,115.415812
META,2022-12-07 05:00:00 UTC,113.76,115.88,112.88,113.93,32687787,113.985602
META,2022-12-08 05:00:00 UTC,116.39,117.34,114.59,115.33,32628340,115.617612
META,2022-12-09 05:00:00 UTC,115.3,117.54,113.87,115.9,27651653,116.115842
META,2022-12-12 05:00:00 UTC,115.18,115.72,113.14,114.71,27249467,114.33021
META,2022-12-13 05:00:00 UTC,122.13,123.3,118.64,120.15,47830561,120.827589
META,2022-12-14 05:00:00 UTC,119.39,124.14,119.39,121.59,39533389,121.879025
META,2022-12-15 05:00:00 UTC,118.33,118.625,114.01,116.15,37700829,116.01627
META,2022-12-16 05:00:00 UTC,120.23,123.31,118.8214,119.43,80074448,120.244579
META,2022-12-19 05:00:00 UTC,116.83,117.8,114.331,114.48,32522013,115.50178
META,2022-12-20 05:00:00 UTC,113.26,117.33,112.46,117.09,30534029,115.828895
META,2022-12-21 05:00:00 UTC,116.7,120.34,115.62,119.76,21972487,119.161834
META,2022-12-22 05:00:00 UTC,117.2,118.62,114.38,117.12,25509757,116.391361
META,2022-12-23 05:00:00 UTC,116.03,118.175,115.535,118.04,18862284,117.324127
META,2022-12-27 05:00:00 UTC,117.93,118.6,116.0501,116.88,23207446,117.269314
META,2022-12-28 05:00:00 UTC,116.25,118.15,115.51,115.62,21168173,116.43932
META,2022-12-29 05:00:00 UTC,116.4,121.03,115.77,120.26,23870654,119.638143
META,2022-12-30 05:00:00 UTC,118.16,120.42,117.74,120.34,21704976,119.281762
META,2023-01-03 05:00:00 UTC,122.82,126.37,122.28,124.74,37410812,124.260439
META,2023-01-04 05:00:00 UTC,127.38,129.0498,125.85,127.37,34266523,127.413573
META,2023-01-05 05:00:00 UTC,126.125,128.52,124.54,126.94,27319373,126.604842
META,2023-01-06 05:00:00 UTC,128.97,130.33,126.04,130.02,29943202,129.063001
META,2023-01-09 05:00:00 UTC,131.16,132.95,129.28,129.47,28716578,130.727982
META,2023-01-10 05:00:00 UTC,127.27,133.44,127.15,132.99,31414556,131.766884
META,2023-01-11 05:00:00 UTC,130.96,133.8494,130.34,132.89,27395864,132.497418
META,2023-01-12 05:00:00 UTC,133.44,137.6781,131.76,136.71,32665515,135.540556
META,2023-01-13 05:00:00 UTC,134.97,137.39,134.835,136.98,23715062,136.434999
META,2023-01-17 05:00:00 UTC,136.176,136.75,134.25,135.36,23281819,135.523809
META,2023-01-18 05:00:00 UTC,135.81,137.25,132.8,133.02,22222410,134.179899
META,2023-01-19 05:00:00 UTC,132.49,137.45,132.14,136.15,30285961,135.505891
META,2023-01-20 05:00:00 UTC,135.89,139.94,134.61,139.37,31196483,138.118955
META,2023-01-23 05:00:00 UTC,139.29,143.76,138.66,143.27,29670749,142.323455
META,2023-01-24 05:00:00 UTC,141.69,145,141.36,143.14,23480247,143.549478
META,2023-01-25 05:00:00 UTC,141.22,143.17,140.31,141.5,28222094,141.806615
META,2023-01-26 05:00:00 UTC,144.4,147.51,143.3,147.3,27434397,145.920918
META,2023-01-27 05:00:00 UTC,148.237,153.19,147.39,151.74,37678108,150.932135
META,2023-01-30 05:00:00 UTC,149.405,151.1233,146.95,147.06,29734518,148.259999
META,2023-01-31 05:00:00 UTC,147.95,149.88,147.52,148.97,32712207,148.516526
META,2023-02-01 05:00:00 UTC,148.03,153.58,147.06,153.12,57840358,150.656739
META,2023-02-02 05:00:00 UTC,183.38,197.16,180.16,188.77,154679403,188.470044
META,2023-02-03 05:00:00 UTC,183.465,196.77,182.89,186.53,79576538,190.479725
META,2023-02-06 05:00:00 UTC,186.53,190.7,185.5156,186.06,44709418,187.596739
META,2023-02-07 05:00:00 UTC,185.575,193.7799,184.4,191.62,49929129,189.602827
META,2023-02-08 05:00:00 UTC,190,190.83,182.92,183.43,38724009,185.44506
META,2023-02-09 05:00:00 UTC,186.13,186.65,177.27,177.92,38799953,180.902664
META,2023-02-10 05:00:00 UTC,176.3534,178.89,173.35,174.15,35297643,175.519115
META,2023-02-13 05:00:00 UTC,178.215,181,175.82,179.43,34143638,179.151917
META,2023-02-14 05:00:00 UTC,177.16,181.5064,175.88,179.48,26423869,179.426477
META,2023-02-15 05:00:00 UTC,176.415,178.19,175.33,177.16,26906208,176.618266
META,2023-02-16 05:00:00 UTC,172.75,175.85,171.79,172.44,27799591,173.741148
META,2023-02-17 05:00:00 UTC,170.22,173.18,169.7,172.88,26368583,171.665637
META,2023-02-21 05:00:00 UTC,174.31,178.17,171.88,172.08,36507596,173.869786
META,2023-02-22 05:00:00 UTC,171.07,172.755,169.69,171.12,24044524,171.287621
META,2023-02-23 05:00:00 UTC,172,173.69,169.38,172.04,21655181,171.783823
META,2023-02-24 05:00:00 UTC,168.64,170.72,167.66,170.39,21404393,169.440675
META,2023-02-27 05:00:00 UTC,171.875,173.12,169.06,169.54,21336107,170.278395
META,2023-02-28 05:00:00 UTC,171.9,177.55,171.87,174.94,50311079,175.267694
META,2023-03-01 05:00:00 UTC,174.59,177.85,173.05,173.42,31189475,175.646276
META,2023-03-02 05:00:00 UTC,172.38,175.01,171.43,174.53,18635265,173.411724
META,2023-03-03 05:00:00 UTC,178.92,186.62,177.05,185.25,48172575,183.536232
META,2023-03-06 05:00:00 UTC,188,189.66,184.64,184.9,34658836,187.072101
META,2023-03-07 05:00:00 UTC,189,190.36,184.01,184.51,38715280,186.271491
META,2023-03-08 05:00:00 UTC,182.87,185.26,181.34,184.97,20461448,183.492973
META,2023-03-09 05:00:00 UTC,186.35,188.93,180.3,181.69,28626904,184.042643
META,2023-03-10 05:00:00 UTC,181.01,184.77,178.8,179.51,27042322,181.22776
META,2023-03-13 04:00:00 UTC,177.96,183.78,174.82,180.9,26374933,180.83122
META,2023-03-14 04:00:00 UTC,187.58,194.32,186.56,194.02,44033961,191.731098
META,2023-03-15 04:00:00 UTC,192.95,197.78,190.8351,197.75,44194137,194.533777
META,2023-03-16 04:00:00 UTC,198.26,205.76,196.0886,204.93,53608605,200.766429
META,2023-03-17 04:00:00 UTC,200.56,201.9,195.4304,195.61,62459635,197.430414
META,2023-03-20 04:00:00 UTC,198.48,199.36,193.64,197.81,25422382,196.672447
META,2023-03-21 04:00:00 UTC,203.2,203.55,197.95,202.16,33451458,200.837913
META,2023-03-22 04:00:00 UTC,202.5,207.37,199.67,199.81,29719192,203.372927
META,2023-03-23 04:00:00 UTC,202.84,207.88,202.15,204.28,27558564,205.260856
META,2023-03-24 04:00:00 UTC,205.18,207.58,203.55,206.01,29378250,205.50919
META,2023-03-27 04:00:00 UTC,204.81,205.86,201.36,202.84,20161889,203.279165
META,2023-03-28 04:00:00 UTC,200.15,201.03,197.9,200.68,20190973,199.614752
META,2023-03-29 04:00:00 UTC,203.56,205.72,202.5355,205.35,20444619,204.534455
META,2023-03-30 04:00:00 UTC,203.38,208.09,202.82,207.84,23580628,206.676612
META,2023-03-31 04:00:00 UTC,207.24,212.17,206.77,211.94,25607425,210.259953
META,2023-04-03 04:00:00 UTC,208.84,213.4861,208.2,213.07,19279424,211.260314
META,2023-04-04 04:00:00 UTC,213.39,216.24,212.54,214.72,23260234,214.271294
META,2023-04-05 04:00:00 UTC,214.15,215.19,209.94,211.48,21073564,211.905746
META,2023-04-06 04:00:00 UTC,209.25,216.94,208.65,216.1,27745757,214.151283
META,2023-04-10 04:00:00 UTC,214.71,215.66,210.66,214.75,17068527,213.404691
META,2023-04-11 04:00:00 UTC,215.48,216.02,213.41,213.85,16907922,214.76862
META,2023-04-12 04:00:00 UTC,214.835,216.84,212.584,214,19164554,214.890925
META,2023-04-13 04:00:00 UTC,215.73,221.15,215.69,220.35,23460010,219.195731
META,2023-04-14 04:00:00 UTC,217.88,222.11,217.55,221.49,22913978,220.249328
META,2023-04-17 04:00:00 UTC,219.79,220.979,217.13,218.86,15636125,219.035593
META,2023-04-18 04:00:00 UTC,219.91,220.44,216.21,217.89,13371822,217.979808
META,2023-04-19 04:00:00 UTC,213.472,217.33,212.93,215.7,16831139,215.528532
META,2023-04-20 04:00:00 UTC,213.48,216.75,212.77,213.07,18053501,214.28199
META,2023-04-21 04:00:00 UTC,210.21,213.41,209.58,212.89,18106728,211.8881
META,2023-04-24 04:00:00 UTC,213.675,213.92,210.71,212.79,15899274,212.499909
META,2023-04-25 04:00:00 UTC,210.815,211.26,207.13,207.55,21152247,208.78561
META,2023-04-26 04:00:00 UTC,212.5,214.11,208.88,209.4,42951151,210.948852
META,2023-04-27 04:00:00 UTC,239.89,241.685,236.77,238.56,74323864,239.496765
META,2023-04-28 04:00:00 UTC,239.01,240.43,235.75,240.32,40032108,238.467848
META,2023-05-01 04:00:00 UTC,238.615,244,236.46,243.18,30757502,240.521875
META,2023-05-02 04:00:00 UTC,243.18,244.92,238.99,239.24,26129118,240.748245
META,2023-05-03 04:00:00 UTC,239.47,241.75,232.75,237.03,35776528,237.926038
META,2023-05-04 04:00:00 UTC,236.06,238.2,232.9264,233.52,19088480,235.506344
META,2023-05-05 04:00:00 UTC,232.24,234.68,229.85,232.78,27234428,231.89216
META,2023-05-08 04:00:00 UTC,231.415,235.62,230.27,233.27,17259720,232.894469
META,2023-05-09 04:00:00 UTC,231.46,235.88,231.08,233.37,18084062,233.738971
META,2023-05-10 04:00:00 UTC,236.17,236.75,230.72,233.08,19119007,233.510035
META,2023-05-11 04:00:00 UTC,233.05,238.21,232.3,235.79,20615373,236.514892
META,2023-05-12 04:00:00 UTC,236.74,236.9599,231.45,233.81,17574784,233.849321
META,2023-05-15 04:00:00 UTC,236.92,240.255,235.33,238.86,21702609,238.319585
META,2023-05-16 04:00:00 UTC,235.79,239.635,235.52,238.82,19130835,238.082249
META,2023-05-17 04:00:00 UTC,238.45,243.8423,238.14,242.485,22725118,241.645522
META,2023-05-18 04:00:00 UTC,241.3,247.0881,241.19,246.85,24549922,244.3077
META,2023-05-19 04:00:00 UTC,247.47,248.69,243.41,245.64,22155369,245.505585
META,2023-05-22 04:00:00 UTC,245.41,253.57,245.12,248.32,29571316,250.03743
META,2023-05-23 04:00:00 UTC,246.81,251.61,246.65,246.74,19084989,248.466959
META,2023-05-24 04:00:00 UTC,245.28,249.5892,244.952,249.21,17893043,247.383072
META,2023-05-25 04:00:00 UTC,253.4,255.62,249.17,252.69,22711494,252.933465
META,2023-05-26 04:00:00 UTC,252.93,262.3107,252.71,262.04,28161287,259.446201
META,2023-05-30 04:00:00 UTC,265.25,268.65,261.29,262.52,26135087,264.372798
META,2023-05-31 04:00:00 UTC,260,265,258.45,264.72,25737870,263.199223
META,2023-06-01 04:00:00 UTC,265.9,274,265.89,272.61,27177616,271.046688
META,2023-06-02 04:00:00 UTC,272.66,275.35,271.12,272.61,24883503,273.181733
META,2023-06-05 04:00:00 UTC,270.3,275.57,269.56,271.39,20746149,272.571962
META,2023-06-06 04:00:00 UTC,270.14,276.57,269.69,271.12,19419094,273.499759
META,2023-06-07 04:00:00 UTC,271.67,274.25,262.8,263.6,29968173,266.97757
META,2023-06-08 04:00:00 UTC,260.62,267.65,258.88,264.58,20903992,264.34345
META,2023-06-09 04:00:00 UTC,262.48,267.949,261.7,264.95,16947409,265.091941
META,2023-06-12 04:00:00 UTC,267.17,271.75,265.33,271.05,15476101,269.309585
META,2023-06-13 04:00:00 UTC,274.88,275.72,269.0923,271.32,16163523,271.967936
META,2023-06-14 04:00:00 UTC,271.89,274.99,268.315,273.35,19170634,272.554385
META,2023-06-15 04:00:00 UTC,272.3,283.99,271.42,281.83,25971216,279.575122
META,2023-06-16 04:00:00 UTC,284.75,287.85,280.13,281,43111162,283.016439
META,2023-06-20 04:00:00 UTC,278.73,284.8,276.22,284.33,20702188,281.859822
META,2023-06-21 04:00:00 UTC,283.53,284,278.36,281.64,20555238,281.171142
META,2023-06-22 04:00:00 UTC,279.08,285.26,277.79,284.88,17569181,281.764874
META,2023-06-23 04:00:00 UTC,281.51,289.67,278.95,288.73,51606949,286.940296
META,2023-06-26 04:00:00 UTC,288.7,289.79,277.6,278.47,24236310,282.525055
META,2023-06-27 04:00:00 UTC,282.01,289.345,280.655,287.05,26118345,285.535
META,2023-06-28 04:00:00 UTC,284.82,289.55,284.06,285.29,16725692,286.159952
META,2023-06-29 04:00:00 UTC,284.5,286.57,280.69,281.53,15395701,282.82557
META,2023-06-30 04:00:00 UTC,284.76,289.05,284.415,286.98,19227968,287.162307
META,2023-07-03 04:00:00 UTC,286.7,289.39,284.8499,286.02,8594399,286.643578
META,2023-07-05 04:00:00 UTC,287.65,298.12,286.36,294.37,33891760,294.748335
META,2023-07-06 04:00:00 UTC,295.885,298.12,291.31,291.99,47747288,294.354248
META,2023-07-07 04:00:00 UTC,292.18,296.2,288.66,290.53,25585976,291.987425
META,2023-07-10 04:00:00 UTC,295.55,298.13,287.05,294.1,37115642,292.53004
META,2023-07-11 04:00:00 UTC,293.9,300.18,291.9,298.29,28141469,296.72105
META,2023-07-12 04:00:00 UTC,301.745,309.45,300.1004,309.34,36684365,306.505157
META,2023-07-13 04:00:00 UTC,313.62,316.24,310.2901,313.41,30286092,313.657347
META,2023-07-14 04:00:00 UTC,311.79,314.88,307.3612,308.87,23054429,311.437005
META,2023-07-17 04:00:00 UTC,307.54,311.71,304.71,310.62,25324626,308.15712
META,2023-07-18 04:00:00 UTC,310.875,314.2,307.6188,312.05,20766944,310.951821
META,2023-07-19 04:00:00 UTC,313.03,318.68,310.52,316.01,21775436,315.178224
META,2023-07-20 04:00:00 UTC,313.5,315.54,302.22,302.52,23853300,306.818107
META,2023-07-21 04:00:00 UTC,304.57,305.46,291.2,294.26,42348490,296.055634
META,2023-07-24 04:00:00 UTC,295.78,297.52,288.3001,291.61,24950325,291.949952
META,2023-07-25 04:00:00 UTC,295.19,298.3,291.86,294.47,19609665,294.572737
META,2023-07-26 04:00:00 UTC,301.19,301.77,291.9,298.57,47613320,297.895789
META,2023-07-27 04:00:00 UTC,325.12,325.35,309.84,311.71,64258756,318.082772
META,2023-07-28 04:00:00 UTC,316.875,326.2,314.2481,325.48,39220272,322.843241
META,2023-07-31 04:00:00 UTC,323.69,325.6599,317.59,318.6,27124314,321.021227
META,2023-08-01 04:00:00 UTC,317.535,324.14,314.66,322.71,22904120,320.935257
META,2023-08-02 04:00:00 UTC,318,318.39,310.65,314.31,20463950,314.513752
META,2023-08-03 04:00:00 UTC,309.93,315.9499,309.93,313.19,15220144,313.812495
META,2023-08-04 04:00:00 UTC,314.96,318.41,310.2,310.73,17612764,313.521219
META,2023-08-07 04:00:00 UTC,313.23,317.07,310.46,316.56,16239098,314.219091
META,2023-08-08 04:00:00 UTC,314.4,317.89,310.11,312.64,15185665,312.874169
META,2023-08-09 04:00:00 UTC,312.88,313.63,302.85,305.21,19960488,306.927273
META,2023-08-10 04:00:00 UTC,307.94,312.339,303.87,305.74,14359220,307.935118
META,2023-08-11 04:00:00 UTC,302.57,304.72,300.36,301.64,14046252,302.12895
META,2023-08-14 04:00:00 UTC,300.98,306.21,298.25,306.19,15646226,302.927072
META,2023-08-15 04:00:00 UTC,306.14,307.23,300.03,301.95,11625751,302.752596
META,2023-08-16 04:00:00 UTC,300.195,301.08,294.28,294.29,18554020,297.421191
META,2023-08-17 04:00:00 UTC,293.05,296.05,284.95,285.09,23957506,289.756817
META,2023-08-18 04:00:00 UTC,279.03,285.69,274.38,283.25,35347926,279.626936
META,2023-08-21 04:00:00 UTC,283.45,290.5,281.85,289.9,20185392,287.814508
META,2023-08-22 04:00:00 UTC,292.55,292.9,286.75,287.6,13003814,289.353922
META,2023-08-23 04:00:00 UTC,288.5,297.4,287.67,294.24,18308987,294.442327
META,2023-08-24 04:00:00 UTC,298.5,299.46,286.64,286.75,18363950,290.927866
META,2023-08-25 04:00:00 UTC,286.13,288.386,276.03,285.5,23701445,282.339678
META,2023-08-28 04:00:00 UTC,288,291.45,285.8,290.26,14240315,288.896237
META,2023-08-29 04:00:00 UTC,288.585,299.15,288.18,297.99,20847150,294.947891
META,2023-08-30 04:00:00 UTC,297.17,298.29,293.43,295.1,17719051,295.80671
META,2023-08-31 04:00:00 UTC,295.8,301.1,295.66,295.89,17230293,298.069269
META,2023-09-01 04:00:00 UTC,299.37,301.74,294.47,296.38,12842259,296.76255
META,2023-09-05 04:00:00 UTC,297.02,301.39,295.51,300.15,14957632,299.469667
META,2023-09-06 04:00:00 UTC,301.71,303.3,295.66,299.17,15419327,298.813072
META,2023-09-07 04:00:00 UTC,298,307.0499,292.22,298.67,33750843,299.707938
META,2023-09-08 04:00:00 UTC,299.22,305.25,296.78,297.89,17572205,300.509981
META,2023-09-11 04:00:00 UTC,301.41,309.04,301.28,307.56,19494010,305.62644
META,2023-09-12 04:00:00 UTC,306.33,308.6599,300.23,301.66,13740654,302.94296
META,2023-09-13 04:00:00 UTC,302.36,307.18,301.3206,305.06,13213308,304.900149
META,2023-09-14 04:00:00 UTC,306.74,312.87,305.03,311.72,19344375,310.045637
META,2023-09-15 04:00:00 UTC,311.61,312,298.75,300.31,28131141,303.605753
META,2023-09-18 04:00:00 UTC,298.19,303.6,297.8,302.55,14236316,301.65292
META,2023-09-19 04:00:00 UTC,302.48,306.17,299.81,305.07,15932580,303.38005
META,2023-09-20 04:00:00 UTC,305.05,308.06,299.43,299.67,19382247,303.433608
META,2023-09-21 04:00:00 UTC,295.7,300.2566,293.27,295.73,21323668,296.618404
META,2023-09-22 04:00:00 UTC,299.3,305.38,298.27,299.08,25369592,301.718375
META,2023-09-25 04:00:00 UTC,295.64,300.95,293.7,300.83,18990339,298.433589
META,2023-09-26 04:00:00 UTC,297.66,300.2999,296.0101,298.96,19428697,298.448492
META,2023-09-27 04:00:00 UTC,300.45,301.2997,286.79,297.74,36439188,296.023243
META,2023-09-28 04:00:00 UTC,298.935,306.3299,296.7,303.96,22280819,302.94431
META,2023-09-29 04:00:00 UTC,307.38,310.64,299.36,300.21,25373696,303.843323
META,2023-10-02 04:00:00 UTC,302.74,307.18,301.63,306.82,16268037,305.008216
META,2023-10-03 04:00:00 UTC,304.26,306.77,299.64,300.94,17366753,301.632278
META,2023-10-04 04:00:00 UTC,298.725,306.9,298.5,305.58,16881128,303.694359
META,2023-10-05 04:00:00 UTC,304.625,306.208,299.5,304.79,19132984,302.495533
META,2023-10-06 04:00:00 UTC,301.44,316.31,300.9148,315.43,21803857,310.361013
META,2023-10-09 04:00:00 UTC,312.5,320.33,311.82,318.36,22511160,317.580837
META,2023-10-10 04:00:00 UTC,319.12,324.66,318.16,321.84,19045502,321.664861
META,2023-10-11 04:00:00 UTC,323.005,328.835,322.95,327.82,22039196,326.43498
META,2023-10-12 04:00:00 UTC,328,330.54,322.69,324.16,20544548,326.902236
META,2023-10-13 04:00:00 UTC,323.53,325.0502,312.37,314.69,21360792,317.016034
META,2023-10-16 04:00:00 UTC,318.64,321.82,315.52,321.15,16538498,319.807572
META,2023-10-17 04:00:00 UTC,318.18,324.4,317.3,324,16389030,322.250226
META,2023-10-18 04:00:00 UTC,321.39,325.94,315.56,316.97,16855404,319.984069
META,2023-10-19 04:00:00 UTC,319.875,321.89,311.7504,312.81,18714204,316.183988
META,2023-10-20 04:00:00 UTC,314.14,315.3,306.47,308.65,22312276,310.394962
META,2023-10-23 04:00:00 UTC,309.5,317.36,307.26,314.01,17803030,313.682639
META,2023-10-24 04:00:00 UTC,316.78,318.35,310.63,312.55,19536910,314.076822
META,2023-10-25 04:00:00 UTC,310,310.88,298.84,299.53,42559209,302.982682
META,2023-10-26 04:00:00 UTC,295,295,279.403,288.35,66702609,287.298918
META,2023-10-27 04:00:00 UTC,294.48,299.31,292.97,296.73,29596258,296.312342
META,2023-10-30 04:00:00 UTC,299.09,309.3967,299.05,302.66,28436347,303.946991
META,2023-10-31 04:00:00 UTC,303.31,303.68,296.86,301.27,19443331,300.207663
META,2023-11-01 04:00:00 UTC,301.85,312.74,301.85,311.85,20439284,308.055734
META,2023-11-02 04:00:00 UTC,317.3,318.82,308.33,310.87,21636529,310.876225
META,2023-11-03 04:00:00 UTC,312.55,315.55,311.0167,314.6,16764316,313.570949
META,2023-11-06 05:00:00 UTC,315.98,318.33,314.45,315.8,12889557,316.203456
META,2023-11-07 05:00:00 UTC,317.06,321,315.12,318.82,14070078,318.995444
META,2023-11-08 05:00:00 UTC,318.14,321.33,314.88,319.78,13610306,318.296199
META,2023-11-09 05:00:00 UTC,319.418,324.1799,318.8,320.55,16112488,321.004043
META,2023-11-10 05:00:00 UTC,319.94,329.1,319.46,328.77,19123333,326.029487
META,2023-11-13 05:00:00 UTC,326.2,332.33,325.7,329.19,16911118,329.909524
META,2023-11-14 05:00:00 UTC,334.54,338.1,333.33,336.31,17186733,335.697819
META,2023-11-15 05:00:00 UTC,337.93,338.4,330.02,332.71,14532264,333.667351
META,2023-11-16 05:00:00 UTC,329.37,334.58,326.38,334.19,18934526,330.868394
META,2023-11-17 05:00:00 UTC,330.26,335.5,329.35,335.04,14519214,333.576853
META,2023-11-20 05:00:00 UTC,334.89,341.87,334.19,339.97,16978077,339.108908
META,2023-11-21 05:00:00 UTC,338.33,339.9015,335.9,336.98,12030585,337.841197
META,2023-11-22 05:00:00 UTC,339.21,342.92,338.58,341.49,10716280,341.311288
META,2023-11-24 05:00:00 UTC,340.13,341.8556,336.77,338.23,5467489,338.49453
META,2023-11-27 05:00:00 UTC,336.18,339.9,334.2,334.7,15687910,336.75965
META,2023-11-28 05:00:00 UTC,333.4,339.375,333.4,338.99,12638421,336.614548
META,2023-11-29 05:00:00 UTC,339.69,339.9,330.78,332.2,16025215,333.68928
META,2023-11-30 05:00:00 UTC,331.89,333.5,322.4037,327.15,23147791,326.152945
META,2023-12-01 05:00:00 UTC,325.48,326.86,320.76,324.82,15276377,323.629698
META,2023-12-04 05:00:00 UTC,317.29,320.86,313.66,320.02,19038111,317.445397
META,2023-12-05 05:00:00 UTC,318.98,321.88,315.39,318.29,16954525,318.229449
META,2023-12-06 05:00:00 UTC,321.93,322.25,317.04,317.45,11294967,319.098866
META,2023-12-07 05:00:00 UTC,317.77,328.24,317.77,326.59,15909235,325.330777
META,2023-12-08 05:00:00 UTC,323.09,333.17,323,332.75,14087351,330.32341
META,2023-12-11 05:00:00 UTC,329.4,329.89,319.995,325.28,25806733,323.724077
META,2023-12-12 05:00:00 UTC,324.6,334.47,324.56,334.22,18490266,331.228009
META,2023-12-13 05:00:00 UTC,333.93,338.37,332.64,334.74,16353326,335.213642
META,2023-12-14 05:00:00 UTC,333.85,334.7,328.6371,333.17,19609260,331.984873
META,2023-12-15 05:00:00 UTC,331.99,338.66,331.22,334.92,31776852,334.938721
META,2023-12-18 05:00:00 UTC,337.48,347.56,337.02,344.62,18995094,344.141457
META,2023-12-19 05:00:00 UTC,345.58,353.6,345.12,350.36,17732073,350.628466
META,2023-12-20 05:00:00 UTC,348.65,354.96,347.79,349.28,16374378,351.219544
META,2023-12-21 05:00:00 UTC,352.98,356.405,349.21,354.09,15291776,352.519388
META,2023-12-22 05:00:00 UTC,355.58,357.1999,351.22,353.39,11772779,353.880145
META,2023-12-26 05:00:00 UTC,354.99,356.98,353.45,354.83,9899365,355.038124
META,2023-12-27 05:00:00 UTC,356.07,359,355.31,357.83,13209491,357.495923
META,2023-12-28 05:00:00 UTC,359.7,361.9,357.81,358.32,11831037,359.659651
META,2023-12-29 05:00:00 UTC,358.99,360,351.82,353.96,14987092,354.603392
META,2024-01-02 05:00:00 UTC,351.32,353.16,340.01,346.29,19046256,344.717959
META,2024-01-03 05:00:00 UTC,344.98,347.95,343.175,344.47,15452870,345.216499
META,2024-01-04 05:00:00 UTC,344.5,348.1499,343.3987,347.12,12101235,346.417522
META,2024-01-05 05:00:00 UTC,346.99,353.5,346.2601,351.95,13750912,351.142553
META,2024-01-08 05:00:00 UTC,354.7,358.98,352.05,358.66,13893482,356.275361
META,2024-01-09 05:00:00 UTC,356.4,360.64,355.36,357.43,13464678,358.016433
META,2024-01-10 05:00:00 UTC,360.17,372.94,359.08,370.47,22121427,369.014401
META,2024-01-11 05:00:00 UTC,372.13,372.78,362.93,369.67,17207639,367.989145
META,2024-01-12 05:00:00 UTC,370.155,377.06,369.54,374.49,19310046,374.300808
META,2024-01-16 05:00:00 UTC,373.65,375.61,367.23,367.46,15311495,369.533956
META,2024-01-17 05:00:00 UTC,366.3,368.54,358.61,368.37,12726827,365.337591
META,2024-01-18 05:00:00 UTC,371.49,376.85,370.95,376.13,16361519,374.799484
META,2024-01-19 05:00:00 UTC,379,384.36,377.97,383.45,21670806,382.014298
META,2024-01-22 05:00:00 UTC,387.95,390.3525,381.1601,381.78,17682483,384.33161
META,2024-01-23 05:00:00 UTC,384.615,388.38,382.075,385.2,15509060,385.236269
META,2024-01-24 05:00:00 UTC,390,396.15,387.81,390.7,15607183,392.346599
META,2024-01-25 05:00:00 UTC,390.17,395.49,385.66,393.18,15098596,392.69234
META,2024-01-26 05:00:00 UTC,394.35,396.79,391.5908,394.14,13159290,394.815561
META,2024-01-29 05:00:00 UTC,394.985,402.93,393.1,401.02,18742433,399.705308
META,2024-01-30 05:00:00 UTC,403.59,406.36,399.57,400.06,18614727,402.758666
META,2024-01-31 05:00:00 UTC,389,398,387.1,390.14,20175867,392.832798
META,2024-02-01 05:00:00 UTC,393.94,400.5,393.05,394.78,29727251,396.404565
META,2024-02-02 05:00:00 UTC,459.6,485.96,453.01,474.99,84707646,474.386204
META,2024-02-05 05:00:00 UTC,469.88,471.9,459.22,459.41,40832376,463.427237
META,2024-02-06 05:00:00 UTC,464,467.12,453,454.72,21655214,457.542719
META,2024-02-07 05:00:00 UTC,458,471.52,456.1773,469.59,23065994,467.92914
META,2024-02-08 05:00:00 UTC,468.32,470.59,465.03,470,18815097,468.478569
META,2024-02-09 05:00:00 UTC,472.95,473.59,467.465,468.11,18413137,469.698728
META,2024-02-12 05:00:00 UTC,468.19,479.145,466.58,468.9,19381963,473.067036
META,2024-02-13 05:00:00 UTC,456.87,467.89,455.09,460.12,20916602,462.037007
META,2024-02-14 05:00:00 UTC,467.93,474.11,466.0901,473.28,16858401,470.060219
META,2024-02-15 05:00:00 UTC,475.28,488.62,472.22,484.03,24212326,483.102003
META,2024-02-16 05:00:00 UTC,478.11,478.96,469.21,473.32,23549620,473.955658
META,2024-02-20 05:00:00 UTC,469.715,476.18,466.56,471.75,18015523,470.722858
META,2024-02-21 05:00:00 UTC,466.5,469,461.79,468.03,12977050,466.21065
META,2024-02-22 05:00:00 UTC,480.24,489.99,476.0618,486.13,21625805,485.390854
META,2024-02-23 05:00:00 UTC,488.05,494.3599,482.3482,484.03,18374286,487.397777
META,2024-02-26 05:00:00 UTC,483.47,486.14,480.6,481.74,12101415,483.018926
META,2024-02-27 05:00:00 UTC,479.975,487.27,479.92,487.05,10809595,484.659193
META,2024-02-28 05:00:00 UTC,485,491.05,482.75,484.02,12715486,486.201184
META,2024-02-29 05:00:00 UTC,488.44,491.7,482.61,490.13,17732045,489.041398
META,2024-03-01 05:00:00 UTC,492.11,504.25,491.85,502.3,15884882,500.482889
META,2024-03-04 05:00:00 UTC,503,504.42,496.42,498.19,12324141,500.201513
META,2024-03-05 05:00:00 UTC,495,495.58,487.89,490.22,15325299,491.035903
META,2024-03-06 05:00:00 UTC,497.63,502.97,494.292,496.09,11757925,497.617316
META,2024-03-07 05:00:00 UTC,503.28,519.85,501.38,512.19,18586437,511.264595
META,2024-03-08 05:00:00 UTC,514.19,523.57,499.35,505.95,18597059,510.511714
META,2024-03-11 04:00:00 UTC,497.01,497.318,476,483.59,20428274,484.60441
META,2024-03-12 04:00:00 UTC,493.26,502.31,484.73,499.75,15448232,496.158416
META,2024-03-13 04:00:00 UTC,495.39,500.98,491.0318,495.57,12090656,495.661608
META,2024-03-14 04:00:00 UTC,500.255,501.35,488.16,491.83,12620014,494.219269
META,2024-03-15 04:00:00 UTC,489.01,491.83,481.3001,484.1,29153576,484.962978
META,2024-03-18 04:00:00 UTC,491.91,497.42,486.81,496.98,11755251,493.460261
META,2024-03-19 04:00:00 UTC,488.17,496.6296,481.28,496.24,10903092,491.649109
META,2024-03-20 04:00:00 UTC,499.5,508.1999,495.17,505.52,11711100,501.689161
META,2024-03-21 04:00:00 UTC,514.71,515.04,506.01,507.76,9712549,509.105868
META,2024-03-22 04:00:00 UTC,507,509.97,504.34,509.58,8120593,507.681886
META,2024-03-25 04:00:00 UTC,505.79,507.22,500.2411,503.02,8380617,504.232259
META,2024-03-26 04:00:00 UTC,505.13,510,495.2137,495.89,11205382,502.894654
META,2024-03-27 04:00:00 UTC,499.3,499.89,488.07,493.86,9989676,492.600673
META,2024-03-28 04:00:00 UTC,492.84,492.89,485.15,485.58,15212764,487.37601
META,2024-04-01 04:00:00 UTC,487.2,497.43,481.78,491.35,9247007,491.56523
META,2024-04-02 04:00:00 UTC,485.1,497.53,484.65,497.37,11081026,492.477209
META,2024-04-03 04:00:00 UTC,498.93,507.24,498.75,506.74,12099171,504.899068
META,2024-04-04 04:00:00 UTC,516.42,530,510.58,510.92,26476253,520.755612
META,2024-04-05 04:00:00 UTC,516.855,530.7,514.4099,527.34,19263265,524.925109
META,2024-04-08 04:00:00 UTC,529.28,531.4899,518.89,519.25,13260579,523.273548
META,2024-04-09 04:00:00 UTC,522.23,525.87,506.74,516.9,10881145,515.146159
META,2024-04-10 04:00:00 UTC,509.29,522.5599,505.8,519.83,11418491,517.877796
META,2024-04-11 04:00:00 UTC,521.11,523.86,517.29,523.16,10369469,520.987061
META,2024-04-12 04:00:00 UTC,517.75,520.1899,509.33,511.9,11956035,513.449388
META,2024-04-15 04:00:00 UTC,516.72,518.53,497.28,500.23,13512893,504.999562
META,2024-04-16 04:00:00 UTC,498.11,504.7699,497.11,499.76,9847925,501.075266
META,2024-04-17 04:00:00 UTC,503.1,503.16,487.14,494.17,12193743,495.092519
META,2024-04-18 04:00:00 UTC,499.82,512.21,499.04,501.8,14808670,505.192472
META,2024-04-19 04:00:00 UTC,502.8,502.8,475.73,481.07,25651764,485.401381
META,2024-04-22 04:00:00 UTC,489.715,492.01,473.4,481.73,17271125,482.099173
META,2024-04-23 04:00:00 UTC,491.25,498.76,488.97,496.1,15079196,494.44432
META,2024-04-24 04:00:00 UTC,508.06,510,484.58,493.5,37772677,494.477871
META,2024-04-25 04:00:00 UTC,421.4,445.77,414.5,441.38,82890741,433.149819
META,2024-04-26 04:00:00 UTC,441.46,446.44,431.96,443.29,32691443,440.174864
META,2024-04-29 04:00:00 UTC,439.56,439.76,428.56,432.62,21502646,432.774577
META,2024-04-30 04:00:00 UTC,431.05,439.6199,429.72,430.17,18429496,433.318469
META,2024-05-01 04:00:00 UTC,428.6,449.96,427.11,439.19,20355322,439.146442
META,2024-05-02 04:00:00 UTC,438.84,443.96,432.28,441.68,15221322,439.012473
META,2024-05-03 04:00:00 UTC,445.93,454.17,443.85,451.96,16489057,450.404581
META,2024-05-06 04:00:00 UTC,455.58,466.16,453.34,465.68,15094627,460.271601
META,2024-05-07 04:00:00 UTC,466.29,471.53,461.31,468.24,13406816,467.160466
META,2024-05-08 04:00:00 UTC,463.5,475.58,463.002,472.6,11683929,472.040716
META,2024-05-09 04:00:00 UTC,470,476.08,467.63,475.42,9437651,473.689984
META,2024-05-10 04:00:00 UTC,477.09,477.5,469.6,476.2,10749999,474.322087
META,2024-05-13 04:00:00 UTC,472.75,473.35,462.85,468.01,14668798,467.613579
META,2024-05-14 04:00:00 UTC,463.37,472.54,460.08,471.85,10478553,468.311874
META,2024-05-15 04:00:00 UTC,474.98,482.4999,471.2,481.54,13100470,478.220135
META,2024-05-16 04:00:00 UTC,475,477.69,472.75,473.23,16608179,474.969457
META,2024-05-17 04:00:00 UTC,470.83,472.8,468.42,471.91,10807289,470.921929
META,2024-05-20 04:00:00 UTC,469.95,473.2,467.04,468.84,11745080,470.033649
META,2024-05-21 04:00:00 UTC,467.12,470.7,462.27,464.63,11742189,465.385269
META,2024-05-22 04:00:00 UTC,467.87,473.7199,465.65,467.78,10078611,469.451328
META,2024-05-23 04:00:00 UTC,472.88,474.3581,461.54,465.78,11747913,467.043216
META,2024-05-24 04:00:00 UTC,467.62,479.8499,466.3,478.22,12024254,475.495758
META,2024-05-28 04:00:00 UTC,476.575,480.86,474.84,479.92,10175770,477.772466
META,2024-05-29 04:00:00 UTC,474.66,479.85,473.7,474.36,9226218,476.096249
META,2024-05-30 04:00:00 UTC,471.67,471.73,464.71,467.05,10735226,467.912318
META,2024-05-31 04:00:00 UTC,465.8,469.12,454.4601,466.83,16919805,462.195718
META,2024-06-03 04:00:00 UTC,470.86,479.6,468.24,477.49,11279390,475.331825
META,2024-06-04 04:00:00 UTC,477,478.89,473.2322,476.99,7088718,475.907177
META,2024-06-05 04:00:00 UTC,484.45,496.65,483.91,495.06,15690484,490.355183
META,2024-06-06 04:00:00 UTC,492.98,502.82,490.89,493.76,10667339,496.426027
META,2024-06-07 04:00:00 UTC,495.91,498.91,490.1701,492.96,9380745,494.699462
META,2024-06-10 04:00:00 UTC,493.86,502.66,493.41,502.6,11236919,499.816802
META,2024-06-11 04:00:00 UTC,500.16,507.6,498.27,507.47,9673715,503.734195
META,2024-06-12 04:00:00 UTC,513.99,514.01,504.47,508.84,11983227,508.091263
META,2024-06-13 04:00:00 UTC,505.71,509.36,501.36,504.1,9954621,504.633727
META,2024-06-14 04:00:00 UTC,502.65,507.15,500.75,504.16,10743347,503.68741
META,2024-06-17 04:00:00 UTC,501.67,510.75,496.01,506.63,11266601,504.420914
META,2024-06-18 04:00:00 UTC,504.56,506,495.02,499.49,13060425,499.726183
META,2024-06-20 04:00:00 UTC,502,503.67,496.77,501.7,11801182,501.048582
META,2024-06-21 04:00:00 UTC,503.45,503.45,492.39,494.78,23130732,496.778897
META,2024-06-24 04:00:00 UTC,499.2,507.8,494.29,498.91,13525278,500.626591
META,2024-06-25 04:00:00 UTC,497.05,510.71,495.5,510.6,12109769,507.77384
META,2024-06-26 04:00:00 UTC,506.645,513.81,504.6765,513.12,8882337,511.318792
META,2024-06-27 04:00:00 UTC,514.25,522.8799,513.9,519.56,10121199,519.009404
META,2024-06-28 04:00:00 UTC,517.15,521.88,503.84,504.22,15782127,509.685154
META,2024-07-01 04:00:00 UTC,504.95,506.58,493.17,504.68,10328150,500.762581
META,2024-07-02 04:00:00 UTC,500.76,510.5,499.45,509.5,7739479,507.015431
META,2024-07-03 04:00:00 UTC,506.37,511.28,506.02,509.96,6005615,509.223333
META,2024-07-05 04:00:00 UTC,511.6,540.87,511.6,539.91,21354093,531.556482
META,2024-07-08 04:00:00 UTC,542.35,542.81,526.65,529.32,14917495,531.292726
META,2024-07-09 04:00:00 UTC,533.75,537.48,528.1901,530,8769088,532.204325
META,2024-07-10 04:00:00 UTC,530.79,538.88,528.36,534.69,10983276,534.223908
META,2024-07-11 04:00:00 UTC,530.89,535.46,508.3733,512.7,16458253,517.146968
META,2024-07-12 04:00:00 UTC,497.755,508.09,494.23,498.87,19750544,501.443109
META,2024-07-15 04:00:00 UTC,498.63,506.6799,493.37,496.16,12539163,498.853307
META,2024-07-16 04:00:00 UTC,501.5,503.9499,485.79,489.79,14075833,491.387607
META,2024-07-17 04:00:00 UTC,479.17,479.17,459.12,461.99,28076595,466.280633
META,2024-07-18 04:00:00 UTC,475,479.2393,464.54,475.85,19267160,472.022957
META,2024-07-19 04:00:00 UTC,476.06,486.71,475.71,476.79,15149416,480.14358
META,2024-07-22 04:00:00 UTC,486.575,492.06,483.9,487.4,12023088,487.940555
META,2024-07-23 04:00:00 UTC,489.84,495.22,487.72,488.69,9455527,490.960253
META,2024-07-24 04:00:00 UTC,472.305,476.3,460.58,461.27,17649738,466.776956
META,2024-07-25 04:00:00 UTC,463.26,463.548,442.65,453.41,18240489,454.832721
META,2024-07-26 04:00:00 UTC,464.195,469.77,459.42,465.7,14222388,465.059045
META,2024-07-29 04:00:00 UTC,469.88,473.96,465.02,465.71,11339630,468.454905
META,2024-07-30 04:00:00 UTC,467,472.73,456.7,463.19,11390439,464.553278
META,2024-07-31 04:00:00 UTC,471.02,476.5,466.75,474.83,24285777,473.291347
META,2024-08-01 04:00:00 UTC,521,527.1709,492.1,497.74,43083082,507.745242
META,2024-08-02 04:00:00 UTC,489,501.145,476.15,488.14,24044658,487.320226
META,2024-08-05 04:00:00 UTC,451.345,483.48,450.8,475.73,21396191,472.158127
META,2024-08-06 04:00:00 UTC,479,502.56,478.65,494.09,20954959,494.616518
META,2024-08-07 04:00:00 UTC,503.13,510.15,486.86,488.92,20105307,497.255869
META,2024-08-08 04:00:00 UTC,497.5,509.96,494.72,509.63,16156843,504.117818
META,2024-08-09 04:00:00 UTC,507.71,518.34,505.7,517.77,13696640,513.52286
META,2024-08-12 04:00:00 UTC,516.86,518.02,509.1,515.95,9767422,514.715684
META,2024-08-13 04:00:00 UTC,520.01,531.4999,518.15,528.54,13743839,526.526104
META,2024-08-14 04:00:00 UTC,528.06,534,523.13,526.76,11444189,528.45684
META,2024-08-15 04:00:00 UTC,531.79,539.77,526.7,537.33,13482141,536.467877
META,2024-08-16 04:00:00 UTC,531.9,533.66,524.66,527.42,14776684,529.118714
META,2024-08-19 04:00:00 UTC,526.87,531.66,522.76,529.28,9879713,527.507614
META,2024-08-20 04:00:00 UTC,528.35,531.09,525.88,526.73,8018391,528.140178
META,2024-08-21 04:00:00 UTC,527.15,539.4,526.935,535.16,13423292,534.127617
META,2024-08-22 04:00:00 UTC,537,544.23,528.59,531.93,15708292,536.310568
META,2024-08-23 04:00:00 UTC,536.92,539.87,525.06,528,11323936,530.663428
META,2024-08-26 04:00:00 UTC,527.6,528,514.95,521.12,9584002,520.447263
META,2024-08-27 04:00:00 UTC,518.98,524.01,515.31,519.1,6282720,519.949689
META,2024-08-28 04:00:00 UTC,517.675,521.085,512.45,516.78,9106077,516.397262
META,2024-08-29 04:00:00 UTC,519.05,527.2,515.6789,518.22,8317424,521.308348
META,2024-08-30 04:00:00 UTC,521.35,523.54,515.2,521.31,9157541,519.853817
META,2024-09-03 04:00:00 UTC,519.64,525.49,508.6176,511.76,12459113,514.428077
META,2024-09-04 04:00:00 UTC,506.07,516.59,504.07,512.74,8335207,512.317171
META,2024-09-05 04:00:00 UTC,511.72,521.6295,511.15,516.86,8640888,516.500535
META,2024-09-06 04:00:00 UTC,521.88,524.5849,498.25,500.27,14744521,504.950977
META,2024-09-09 04:00:00 UTC,506.16,511.33,502.08,504.79,11047828,505.896519
META,2024-09-10 04:00:00 UTC,508.16,514.18,500.0278,504.79,9899022,505.840344
META,2024-09-11 04:00:00 UTC,507.01,513.12,495.6,511.83,10782532,506.260172
META,2024-09-12 04:00:00 UTC,517.05,526.71,515.22,525.6,11993342,522.458144
META,2024-09-13 04:00:00 UTC,520.34,527.581,517.11,524.62,10321422,524.374005
META,2024-09-16 04:00:00 UTC,524.54,534.1,517.4,533.28,9527646,527.623182
META,2024-09-17 04:00:00 UTC,537.6,542.1,530.57,536.315,11690779,536.382546
META,2024-09-18 04:00:00 UTC,537.065,544.2,533.9026,537.95,10323537,538.756682
META,2024-09-19 04:00:00 UTC,550,562.07,546.52,559.1,15646951,556.528915
META,2024-09-20 04:00:00 UTC,560,564.5,556.3001,561.35,22066817,561.277205
META,2024-09-23 04:00:00 UTC,569.5,573.9799,562.41,564.41,12830669,566.499396
META,2024-09-24 04:00:00 UTC,566.68,567.745,554.19,563.33,12992956,561.090669
META,2024-09-25 04:00:00 UTC,564.05,576.88,563.72,568.31,16543350,570.593655
META,2024-09-26 04:00:00 UTC,575.73,577.4,562.3501,567.84,14400787,569.127036
META,2024-09-27 04:00:00 UTC,570.1,570.8399,564.51,567.36,9398367,567.576715
META,2024-09-30 04:00:00 UTC,567.7,574.68,564.8,572.44,12807206,571.248672
META,2024-10-01 04:00:00 UTC,577.98,583.04,570.1,576.47,15259274,576.889206
META,2024-10-02 04:00:00 UTC,574.86,576,569.34,572.81,6524650,572.938782
META,2024-10-03 04:00:00 UTC,570.15,583.36,568.73,582.77,11580980,578.998392
META,2024-10-04 04:00:00 UTC,583.73,596.85,581.43,595.94,14199788,589.800604
META,2024-10-07 04:00:00 UTC,598.22,602.95,584.04,584.78,12014198,591.617871
META,2024-10-08 04:00:00 UTC,589.69,593.56,585.97,592.89,7857377,590.710807
META,2024-10-09 04:00:00 UTC,593.99,594.39,581.61,590.51,9529707,588.030935
META,2024-10-10 04:00:00 UTC,587.57,590.23,582.52,583.83,7740449,585.638842
META,2024-10-11 04:00:00 UTC,584.83,591.21,582.71,589.95,8587051,587.729266
META,2024-10-14 04:00:00 UTC,594.22,600.1,589.96,590.42,8251971,593.786951
META,2024-10-15 04:00:00 UTC,590.16,590.61,580.143,586.27,9564236,585.210052
META,2024-10-16 04:00:00 UTC,581.395,582.08,574.03,576.79,11268384,576.761019
META,2024-10-17 04:00:00 UTC,583.33,584.97,575.2,576.93,8701158,578.46022
META,2024-10-18 04:00:00 UTC,581.1,583.9675,575.25,576.47,7694274,579.280152
META,2024-10-21 04:00:00 UTC,576.03,577.2399,569.11,575.16,8171879,573.318448
META,2024-10-22 04:00:00 UTC,574.29,583.53,572.12,582.01,8544463,579.435339
META,2024-10-23 04:00:00 UTC,579.97,585,562.5,563.69,14248419,569.431518
META,2024-10-24 04:00:00 UTC,567.125,568.8799,561.52,567.78,7184651,566.540002
META,2024-10-25 04:00:00 UTC,573.935,581.29,571.72,573.25,11337874,575.638823
META,2024-10-28 04:00:00 UTC,582,583.7499,574.12,578.16,10925131,577.932283
META,2024-10-29 04:00:00 UTC,580.145,593.67,575.398,593.28,13019092,588.057594
META,2024-10-30 04:00:00 UTC,600.98,601.2,589.38,591.8,26864925,595.07717
META,2024-10-31 04:00:00 UTC,585,589.9,563.01,567.58,26838395,572.58367
META,2024-11-01 04:00:00 UTC,567.605,573.67,562.56,567.16,15303235,568.879567
META,2024-11-04 05:00:00 UTC,564.1,568.69,557.89,560.68,12064601,562.545104
META,2024-11-05 05:00:00 UTC,567.305,573.48,566.67,572.43,9775379,570.897915
META,2024-11-06 05:00:00 UTC,562.75,573,555.1679,572.05,18305429,566.17595
META,2024-11-07 05:00:00 UTC,576.89,594.7999,575.21,591.7,14653708,589.370414
META,2024-11-08 05:00:00 UTC,591.54,593.1,584.52,589.34,9415699,588.271017
META,2024-11-11 05:00:00 UTC,586.36,587,576.51,583.17,10209051,581.746893
META,2024-11-12 05:00:00 UTC,588.545,599.66,580.38,584.82,16287724,587.673883
META,2024-11-13 05:00:00 UTC,582.605,585.64,575.17,580,10757583,580.635007
META,2024-11-14 05:00:00 UTC,577,580.76,573.01,577.16,11053743,576.619312
META,2024-11-15 05:00:00 UTC,571.22,572.57,551.5,554.08,17712864,558.283141
META,2024-11-18 05:00:00 UTC,557.04,559.9,550.09,554.4,14349882,554.921523
META,2024-11-19 05:00:00 UTC,551.86,561.43,550.6,561.09,9522445,557.087547
META,2024-11-20 05:00:00 UTC,562.93,566.3499,554.2001,565.52,9777015,562.735889
META,2024-11-21 05:00:00 UTC,569.52,570,549.05,563.09,11154749,559.426818
META,2024-11-22 05:00:00 UTC,563.55,563.8273,554.59,559.14,9164004,558.738589
META,2024-11-25 05:00:00 UTC,562.1,572.5915,556.39,565.11,13599830,564.460056
META,2024-11-26 05:00:00 UTC,566,577.5,565.2,573.54,10356550,573.045025
META,2024-11-27 05:00:00 UTC,574.89,574.98,564.1001,569.2,7200228,568.596955
META,2024-11-29 05:00:00 UTC,569,578.46,566.9,574.32,7130519,574.09979
META,2024-12-02 05:00:00 UTC,577.5,594.5,575.57,592.83,12522371,589.841875
META,2024-12-03 05:00:00 UTC,595,614.2,591.2501,613.65,14907164,605.948233
META,2024-12-04 05:00:00 UTC,612.96,617.78,605.1,613.78,14697006,611.983757
META,2024-12-05 05:00:00 UTC,617.075,619.9,607.05,608.93,8081212,611.060997
META,2024-12-06 05:00:00 UTC,610.1,629.7899,608.53,623.77,16943420,622.628633
META,2024-12-09 05:00:00 UTC,623.925,626.4,606.1701,613.57,11426015,614.25293
META,2024-12-10 05:00:00 UTC,617.56,625.59,612.74,619.32,10938854,619.488103
META,2024-12-11 05:00:00 UTC,623.37,638.4,621.5349,632.68,10837228,633.125655
META,2024-12-12 05:00:00 UTC,631.5,636.6599,627.2094,630.79,7474717,631.875488
META,2024-12-13 05:00:00 UTC,627.22,631.08,616.886,620.35,8453349,621.627736
META,2024-12-16 05:00:00 UTC,629.975,631.15,618.58,624.24,10885625,624.850961
META,2024-12-17 05:00:00 UTC,626.17,632.37,616.54,619.44,12897842,621.54325
META,2024-12-18 05:00:00 UTC,621,627.36,596.32,597.19,17075480,610.94533
META,2024-12-19 05:00:00 UTC,610.39,611.52,595,595.57,14958082,601.381205
META,2024-12-20 05:00:00 UTC,590.58,603.11,580,585.25,48989390,587.995318
META,2024-12-23 05:00:00 UTC,589.6,601.09,586.25,599.85,10205750,595.791232
META,2024-12-24 05:00:00 UTC,602.715,607.99,599.2849,607.75,4726056,605.084714
META,2024-12-26 05:00:00 UTC,605.48,606.3,598.94,603.35,6091239,603.074926
META,2024-12-27 05:00:00 UTC,599.41,601.85,589.8,599.81,8084229,596.003144
META,2024-12-30 05:00:00 UTC,588.75,596.9399,585.58,591.24,7025864,591.517815
META,2024-12-31 05:00:00 UTC,592.265,593.97,583.85,585.51,6019520,587.789949
META,2025-01-02 05:00:00 UTC,589.72,604.91,587.82,599.24,12682269,596.904149
META,2025-01-03 05:00:00 UTC,604.76,609.5,596.4136,604.63,11436784,603.230194
META,2025-01-06 05:00:00 UTC,611.825,630.99,605.62,630.2,14560754,622.11867
META,2025-01-07 05:00:00 UTC,631.7,632.1011,608.23,617.89,12071479,618.729172
META,2025-01-08 05:00:00 UTC,613.395,616.4397,602.79,610.72,10085846,610.917623
META,2025-01-10 05:00:00 UTC,610.03,629.91,597.34,615.86,19256564,616.862344
META,2025-01-13 05:00:00 UTC,607.1,608.97,598.445,608.33,10785031,604.965757
META,2025-01-14 05:00:00 UTC,605.065,605.49,588.55,594.25,13598342,595.44357
META,2025-01-15 05:00:00 UTC,610.21,622.46,606.5,617.12,15524302,615.927168
META,2025-01-16 05:00:00 UTC,611.5,616.25,609.71,611.3,8355349,612.598726
META,2025-01-17 05:00:00 UTC,624.05,624.97,603.67,612.77,17280600,615.312767
META,2025-01-21 05:00:00 UTC,617.825,621.5,609.0082,616.46,11674016,616.269775
META,2025-01-22 05:00:00 UTC,623.3,633.7,619.435,623.5,12274011,626.17797
META,2025-01-23 05:00:00 UTC,627.36,636.6,621.15,636.45,9910163,631.100117
META,2025-01-24 05:00:00 UTC,636.4,652,634.2,647.49,19065329,645.257486
META,2025-01-27 05:00:00 UTC,626.61,663.87,625.1,659.88,28399190,650.979746
META,2025-01-28 05:00:00 UTC,666,682.58,659.465,674.33,20950107,673.570106
META,2025-01-29 05:00:00 UTC,675,681.0459,665.67,676.49,21377820,673.917489
META,2025-01-30 05:00:00 UTC,696.82,710.79,676.1,687,29322898,693.664519
META,2025-01-31 05:00:00 UTC,691,705.2999,685.58,689.18,19331660,695.744037
META,2025-02-03 05:00:00 UTC,675.91,704,675.25,697.46,21407254,695.459039
META,2025-02-04 05:00:00 UTC,702.5,707.71,691.61,704.19,13780701,702.446192
META,2025-02-05 05:00:00 UTC,703.55,718.14,699.01,704.87,17793766,706.570381
META,2025-02-06 05:00:00 UTC,705.88,718.9,703.5,711.99,13080690,711.680497
META,2025-02-07 05:00:00 UTC,716.795,725.01,711.75,714.52,16351458,717.849065
META,2025-02-10 05:00:00 UTC,718.56,721.2,711.33,717.4,12901224,716.201375
META,2025-02-11 05:00:00 UTC,713.32,723.66,710.04,719.8,12997959,717.906286
META,2025-02-12 05:00:00 UTC,715.3,727.1,712.6,725.38,12016517,721.948656
META,2025-02-13 05:00:00 UTC,721.5197,729,718.04,728.56,12569064,724.267545
META,2025-02-14 05:00:00 UTC,726.14,740.91,725.62,736.67,16901249,734.723768
META,2025-02-18 05:00:00 UTC,736,737,706.44,716.37,21938703,717.175546
META,2025-02-19 05:00:00 UTC,704.095,707,695.39,703.77,17517397,701.994378
META,2025-02-20 05:00:00 UTC,697.275,705.63,693.64,694.84,12587408,697.3564
META,2025-02-21 05:00:00 UTC,696.58,703.87,682.36,683.55,15660355,690.017797
META,2025-02-24 05:00:00 UTC,686.28,687.27,662.45,668.13,15676994,670.691578
META,2025-02-25 05:00:00 UTC,665.972,668,641.86,657.5,20579662,655.370718
META,2025-02-26 05:00:00 UTC,659.65,683.0078,658,673.7,14488705,673.972799
META,2025-02-27 05:00:00 UTC,682.45,688.6469,657.57,658.24,12500013,668.36171
META,2025-02-28 05:00:00 UTC,658.04,669.63,642.6017,668.2,17534168,661.364329
META,2025-03-03 05:00:00 UTC,673.675,681.25,650.8439,655.05,10843763,663.506106
META,2025-03-04 05:00:00 UTC,645.51,649.75,623.65,640,21495208,635.606659
META,2025-03-05 05:00:00 UTC,641,659.5,637.66,656.47,13770026,649.721311
META,2025-03-06 05:00:00 UTC,648,650.5625,624.11,627.93,13446454,635.077933
META,2025-03-07 05:00:00 UTC,625.37,634.79,600.61,625.66,21375671,617.160003
META,2025-03-10 04:00:00 UTC,608.07,610.1059,586.8701,597.99,21999943,596.461726
META,2025-03-11 04:00:00 UTC,595.055,614.934,593.33,605.71,17401469,605.678578
META,2025-03-12 04:00:00 UTC,629.9,633.33,609.35,619.56,15746966,621.843686
META,2025-03-13 04:00:00 UTC,620.245,620.5,586.51,590.64,16480324,596.297556
META,2025-03-14 04:00:00 UTC,602.805,608.86,594.78,607.6,12364505,604.344467
META,2025-03-17 04:00:00 UTC,607.46,613.1,598,604.9,15473909,603.715714
META,2025-03-18 04:00:00 UTC,600.05,600.25,574.66,582.36,20297708,581.41941
META,2025-03-19 04:00:00 UTC,584.28,592.3223,574.77,584.06,20537498,583.151368
META,2025-03-20 04:00:00 UTC,582.755,610.2,579.51,586,24336505,595.625607
META,2025-03-21 04:00:00 UTC,583.425,597.545,580.95,596.25,25015864,592.352574
META,2025-03-24 04:00:00 UTC,614.97,622.54,612.2001,618.85,15741274,617.086381
META,2025-03-25 04:00:00 UTC,626.76,633.88,621.18,626.31,15312540,627.150651
META,2025-03-26 04:00:00 UTC,624.89,626.7499,606.61,610.98,12661891,614.63144
META,2025-03-27 04:00:00 UTC,602,614.25,600.1,602.58,10436524,606.376248
META,2025-03-28 04:00:00 UTC,600.31,601.75,573.92,576.74,17602823,582.707261
META,2025-03-31 04:00:00 UTC,563.5,578.7,553.3,576.36,21124677,568.648503
META,2025-04-01 04:00:00 UTC,570.84,589.91,570,586,12836574,582.64427
META,2025-04-02 04:00:00 UTC,574.91,592.66,573.36,583.93,13470778,584.761067
META,2025-04-03 04:00:00 UTC,546.22,552.5596,530.3,531.62,34777460,540.136655
META,2025-04-04 04:00:00 UTC,506.62,518,494.2,504.73,38589124,508.890027
META,2025-04-07 04:00:00 UTC,485.1,539.37,481.9,516.25,36606136,509.659707
META,2025-04-08 04:00:00 UTC,543.25,547.43,502.86,510.45,28031766,525.378042
META,2025-04-09 04:00:00 UTC,509.265,587.89,502.11,585.77,39212535,552.135375
META,2025-04-10 04:00:00 UTC,575.49,581.3,535.3,546.29,28173491,552.157065
META,2025-04-11 04:00:00 UTC,535.505,547.4,528.5901,543.57,17642327,539.732056
META,2025-04-14 04:00:00 UTC,556.175,557.77,528.28,531.48,14130928,537.596018
META,2025-04-15 04:00:00 UTC,532.105,537.94,517.5,521.52,15558659,526.127886
META,2025-04-16 04:00:00 UTC,508.51,513.37,495.63,502.31,18735075,505.057448
META,2025-04-17 04:00:00 UTC,505.25,507.3,498.0133,501.48,14593474,502.719032
META,2025-04-21 04:00:00 UTC,491.325,493.5,479.8,484.66,16165982,484.850751
META,2025-04-22 04:00:00 UTC,491.87,506.88,486.36,500.28,17399336,496.898234
META,2025-04-23 04:00:00 UTC,528.525,535.3376,516.52,520.27,18173910,525.145188
META,2025-04-24 04:00:00 UTC,518.73,533.9,517.5,533.15,13910011,529.540269
META,2025-04-25 04:00:00 UTC,546.8,549.86,536.25,547.27,17098921,544.300956
META,2025-04-28 04:00:00 UTC,555.64,558.4899,540.59,549.74,15178995,548.634232
META,2025-04-29 04:00:00 UTC,546,556.5699,544.12,554.44,11835036,552.268747
META,2025-04-30 04:00:00 UTC,538.4,549.1,529.5,549,29243971,541.561355
META,2025-05-01 04:00:00 UTC,592.075,592.95,570.5,572.21,31159033,578.219591
META,2025-05-02 04:00:00 UTC,583.455,604.34,578.33,597.02,24739260,595.292391
META,2025-05-05 04:00:00 UTC,591.22,603.21,588.05,599.27,13887724,598.747038
META,2025-05-06 04:00:00 UTC,592.525,596.03,586.58,587.31,10600650,590.285802
META,2025-05-07 04:00:00 UTC,590.36,603.075,586.67,596.81,13160976,594.704728
