MSFT,2022-08-15 04:00:00 UTC,291,294.18,290.11,293.47,20584359,292.644893
MSFT,2022-08-16 04:00:00 UTC,291.99,294.04,290.42,292.71,20159545,292.386476
MSFT,2022-08-17 04:00:00 UTC,289.74,293.35,289.47,291.32,20918383,291.359323
MSFT,2022-08-18 04:00:00 UTC,290.189,291.91,289.08,290.17,19353717,290.45688
MSFT,2022-08-19 04:00:00 UTC,288.9,289.25,285.56,286.15,25241918,286.835746
MSFT,2022-08-22 04:00:00 UTC,282.08,282.46,277.22,277.75,28900691,278.553283
MSFT,2022-08-23 04:00:00 UTC,276.44,278.86,275.4,276.44,19364552,276.787331
MSFT,2022-08-24 04:00:00 UTC,275.41,277.23,275.11,275.79,20931476,275.97206
MSFT,2022-08-25 04:00:00 UTC,277.33,279.02,274.52,278.85,19007754,277.317484
MSFT,2022-08-26 04:00:00 UTC,279.08,280.34,267.98,268.09,33875400,270.442837
MSFT,2022-08-29 04:00:00 UTC,265.85,267.4,263.85,265.23,22831112,265.490776
MSFT,2022-08-30 04:00:00 UTC,266.67,267.05,260.66,262.97,25799495,263.023113
MSFT,2022-08-31 04:00:00 UTC,265.39,267.11,261.33,261.47,29645255,262.704293
MSFT,2022-09-01 04:00:00 UTC,258.87,260.89,255.41,260.4,26127281,258.513056
MSFT,2022-09-02 04:00:00 UTC,261.695,264.74,254.47,256.06,26192064,258.456532
MSFT,2022-09-06 04:00:00 UTC,256.2,257.83,251.94,253.25,23801954,254.098333
MSFT,2022-09-07 04:00:00 UTC,254.7,258.83,253.22,258.09,27762263,256.895535
MSFT,2022-09-08 04:00:00 UTC,257.51,260.43,254.79,258.52,23625347,257.80061
MSFT,2022-09-09 04:00:00 UTC,260.5,265.23,260.29,264.46,25446660,263.89234
MSFT,2022-09-12 04:00:00 UTC,265.78,267.45,265.16,266.65,22170177,266.431114
MSFT,2022-09-13 04:00:00 UTC,258.84,260.4,251.59,251.99,40011911,253.990979
MSFT,2022-09-14 04:00:00 UTC,253.53,254.23,249.86,252.22,27571498,252.072515
MSFT,2022-09-15 04:00:00 UTC,249.77,251.4,244.02,245.38,35569718,246.484223
MSFT,2022-09-16 04:00:00 UTC,244.26,245.3,242.0627,244.74,51569173,244.113938
MSFT,2022-09-19 04:00:00 UTC,242.465,245.14,240.85,244.52,30174633,243.399567
MSFT,2022-09-20 04:00:00 UTC,242.065,243.51,239.64,242.45,29511244,241.939543
MSFT,2022-09-21 04:00:00 UTC,244.27,247.66,238.9,238.95,31366563,242.439511
MSFT,2022-09-22 04:00:00 UTC,237.8704,243.86,237.57,240.98,34068633,240.702709
MSFT,2022-09-23 04:00:00 UTC,239.54,241.13,235.2,237.92,37356801,238.292865
MSFT,2022-09-26 04:00:00 UTC,237.045,241.45,236.9,237.45,32050686,238.415233
MSFT,2022-09-27 04:00:00 UTC,239.98,241.8,234.5,236.41,30251575,236.949302
MSFT,2022-09-28 04:00:00 UTC,236.81,242.33,234.73,241.07,33459448,239.545531
MSFT,2022-09-29 04:00:00 UTC,238.89,239.95,234.41,237.5,31131681,236.611766
MSFT,2022-09-30 04:00:00 UTC,238.29,240.54,232.73,232.9,42777743,235.161233
MSFT,2022-10-03 04:00:00 UTC,235.41,241.61,234.66,240.74,33831186,239.294813
MSFT,2022-10-04 04:00:00 UTC,245.09,250.36,244.975,248.88,39478170,248.416693
MSFT,2022-10-05 04:00:00 UTC,245.99,250.58,244.1,249.2,22415518,247.676683
MSFT,2022-10-06 04:00:00 UTC,247.93,250.34,246.08,246.79,22878523,247.684223
MSFT,2022-10-07 04:00:00 UTC,240.902,241.32,233.17,234.24,43063645,235.357917
MSFT,2022-10-10 04:00:00 UTC,233.05,234.559,226.73,229.25,32094159,229.759742
MSFT,2022-10-11 04:00:00 UTC,227.62,229.06,224.11,225.41,33546265,226.281699
MSFT,2022-10-12 04:00:00 UTC,225.4,227.86,223.96,225.75,24165356,225.882817
MSFT,2022-10-13 04:00:00 UTC,219.85,236.1,219.13,234.24,47257197,230.894232
MSFT,2022-10-14 04:00:00 UTC,235.54,237.24,228.34,228.56,34833276,230.472532
MSFT,2022-10-17 04:00:00 UTC,235.82,238.96,235.135,237.53,33124166,237.200554
MSFT,2022-10-18 04:00:00 UTC,243.24,243.93,235.37,238.5,28887038,239.026449
MSFT,2022-10-19 04:00:00 UTC,237.04,239.61,234.29,236.48,22202907,236.674476
MSFT,2022-10-20 04:00:00 UTC,235.77,241.31,234.87,236.15,25167615,237.037594
MSFT,2022-10-21 04:00:00 UTC,234.74,243,234.5,242.12,32605213,239.295753
MSFT,2022-10-24 04:00:00 UTC,243.76,247.84,241.295,247.25,27945336,245.606437
MSFT,2022-10-25 04:00:00 UTC,247.26,251.04,245.83,250.66,38768519,249.552806
MSFT,2022-10-26 04:00:00 UTC,231.17,238.3,230.06,231.32,87595534,233.34603
MSFT,2022-10-27 04:00:00 UTC,231.04,233.69,225.78,226.75,44557402,227.687136
MSFT,2022-10-28 04:00:00 UTC,226.24,236.6,226.05,235.87,45416819,233.460688
MSFT,2022-10-31 04:00:00 UTC,233.76,234.92,231.15,232.13,33821790,232.616852
MSFT,2022-11-01 04:00:00 UTC,234.6,235.74,227.325,228.17,33470542,229.254465
MSFT,2022-11-02 04:00:00 UTC,229.46,231.3,220.04,220.1,43139968,224.171737
MSFT,2022-11-03 04:00:00 UTC,220.09,220.41,213.98,214.25,39909824,216.423005
MSFT,2022-11-04 04:00:00 UTC,217.55,221.59,213.431,221.39,40960067,218.663685
MSFT,2022-11-07 05:00:00 UTC,221.99,228.41,221.28,227.87,37207591,226.216542
MSFT,2022-11-08 05:00:00 UTC,228.7,231.65,225.84,228.87,30939016,229.215364
MSFT,2022-11-09 05:00:00 UTC,227.37,228.6327,224.33,224.51,31758066,225.580033
MSFT,2022-11-10 05:00:00 UTC,235.43,243.33,235,242.98,54286856,240.669336
MSFT,2022-11-11 05:00:00 UTC,242.99,247.99,241.93,247.11,38192557,245.758345
MSFT,2022-11-14 05:00:00 UTC,241.985,243.91,239.21,241.55,36437189,241.983006
MSFT,2022-11-15 05:00:00 UTC,245.66,247,240.03,241.97,35856696,243.200765
MSFT,2022-11-16 05:00:00 UTC,242.79,243.8,240.42,241.73,28628045,242.026008
MSFT,2022-11-17 05:00:00 UTC,237.78,243.25,237.63,241.68,26653131,241.234761
MSFT,2022-11-18 05:00:00 UTC,243.51,243.74,239.03,241.22,32677081,240.921063
MSFT,2022-11-21 05:00:00 UTC,241.43,244.67,241.19,242.05,29130373,242.228838
MSFT,2022-11-22 05:00:00 UTC,243.59,245.31,240.71,245.03,23425807,243.90851
MSFT,2022-11-23 05:00:00 UTC,245.105,248.28,244.27,247.58,21989631,246.979517
MSFT,2022-11-25 05:00:00 UTC,247.31,248.7,246.73,247.49,10598517,247.646013
MSFT,2022-11-28 05:00:00 UTC,246.08,246.65,240.8,241.76,28285348,242.508691
MSFT,2022-11-29 05:00:00 UTC,241.4,242.79,238.21,240.33,20100882,240.263313
MSFT,2022-11-30 05:00:00 UTC,240.57,255.33,239.86,255.14,58657775,251.430993
MSFT,2022-12-01 05:00:00 UTC,253.87,256.12,250.9156,254.69,30161778,254.374882
MSFT,2022-12-02 05:00:00 UTC,249.82,256.06,249.69,255.02,24457540,253.374154
MSFT,2022-12-05 05:00:00 UTC,252.01,253.819,248.06,250.2,26642573,250.560756
MSFT,2022-12-06 05:00:00 UTC,250.82,251.86,243.78,245.12,26419591,246.030456
MSFT,2022-12-07 05:00:00 UTC,244.83,246.16,242.205,244.37,24575170,244.43557
MSFT,2022-12-08 05:00:00 UTC,244.84,248.74,243.06,247.4,25536317,246.794026
MSFT,2022-12-09 05:00:00 UTC,244.695,248.31,244.16,245.42,24717011,246.05932
MSFT,2022-12-12 05:00:00 UTC,247.445,252.54,247.17,252.51,34730156,251.020329
MSFT,2022-12-13 05:00:00 UTC,261.69,263.915,253.07,256.92,47986675,258.058204
MSFT,2022-12-14 05:00:00 UTC,257.13,262.588,254.31,257.22,39044087,258.608892
MSFT,2022-12-15 05:00:00 UTC,253.72,254.2,247.34,249.01,41628258,249.497495
MSFT,2022-12-16 05:00:00 UTC,248.55,249.84,243.51,244.69,122788119,245.426014
MSFT,2022-12-19 05:00:00 UTC,244.86,245.21,238.71,240.45,34123158,240.668834
MSFT,2022-12-20 05:00:00 UTC,239.4,242.91,238.42,241.8,28916945,241.37979
MSFT,2022-12-21 05:00:00 UTC,241.69,245.615,240.11,244.43,26783778,244.022898
MSFT,2022-12-22 05:00:00 UTC,241.255,241.99,233.87,238.19,33019352,237.329686
MSFT,2022-12-23 05:00:00 UTC,236.11,238.87,233.9428,238.73,23203754,237.354971
MSFT,2022-12-27 05:00:00 UTC,238.7,238.93,235.83,236.96,19162129,237.213231
MSFT,2022-12-28 05:00:00 UTC,236.89,239.72,234.17,234.53,19858985,236.036398
MSFT,2022-12-29 05:00:00 UTC,235.65,241.92,235.65,241.01,22955547,240.28042
MSFT,2022-12-30 05:00:00 UTC,238.21,239.96,236.66,239.82,26352359,238.911293
MSFT,2023-01-03 05:00:00 UTC,243.08,245.75,237.4,239.58,29619534,239.889869
MSFT,2023-01-04 05:00:00 UTC,232.275,232.87,225.96,229.1,55137085,228.562206
MSFT,2023-01-05 05:00:00 UTC,227.2,227.55,221.7602,222.31,43602344,223.472105
MSFT,2023-01-06 05:00:00 UTC,223,225.7601,219.35,224.93,48614918,223.550063
MSFT,2023-01-09 05:00:00 UTC,226.45,231.2366,226.41,227.12,31083159,228.441887
MSFT,2023-01-10 05:00:00 UTC,227.755,231.31,227.33,228.85,30423858,228.792391
MSFT,2023-01-11 05:00:00 UTC,231.29,235.95,231.11,235.77,33167876,234.27664
MSFT,2023-01-12 05:00:00 UTC,235.26,239.9,233.56,238.51,30550938,237.930498
MSFT,2023-01-13 05:00:00 UTC,237.002,239.37,234.92,239.23,23980554,237.676655
MSFT,2023-01-17 05:00:00 UTC,237.97,240.91,237.09,240.35,34771039,239.749714
MSFT,2023-01-18 05:00:00 UTC,241.565,242.38,235.52,235.81,34211780,237.618542
MSFT,2023-01-19 05:00:00 UTC,233.78,235.52,230.68,231.93,32798816,232.443029
MSFT,2023-01-20 05:00:00 UTC,234.855,240.74,234.51,240.22,43426664,238.144606
MSFT,2023-01-23 05:00:00 UTC,241.1,245.165,239.65,242.58,35685742,242.730427
MSFT,2023-01-24 05:00:00 UTC,242.5,243.95,240.44,242.04,42385308,242.03789
MSFT,2023-01-25 05:00:00 UTC,234.48,243.3,230.9,240.61,69237533,237.638474
MSFT,2023-01-26 05:00:00 UTC,243.65,248.31,242,248,36538568,245.63952
MSFT,2023-01-27 05:00:00 UTC,248.99,249.83,246.83,248.16,30013694,248.375031
MSFT,2023-01-30 05:00:00 UTC,244.51,245.6,242.2,242.71,29072570,243.16109
MSFT,2023-01-31 05:00:00 UTC,243.45,247.95,242.945,247.81,32436875,246.740623
MSFT,2023-02-01 05:00:00 UTC,248,255.18,245.47,252.75,36054742,250.678268
MSFT,2023-02-02 05:00:00 UTC,258.82,264.69,257.25,264.6,40592625,261.648181
MSFT,2023-02-03 05:00:00 UTC,259.542,264.2,257.1,258.35,32695834,259.71533
MSFT,2023-02-06 05:00:00 UTC,257.44,258.3,254.78,256.77,25032115,256.770865
MSFT,2023-02-07 05:00:00 UTC,260.53,268.775,260.08,267.56,54939617,265.003638
MSFT,2023-02-08 05:00:00 UTC,273.2,276.76,266.21,266.73,58753972,270.188185
MSFT,2023-02-09 05:00:00 UTC,273.8,273.98,262.8,263.62,46112964,267.551672
MSFT,2023-02-10 05:00:00 UTC,261.53,264.09,260.662,263.1,28956581,262.45343
MSFT,2023-02-13 05:00:00 UTC,267.64,274.6,267.15,271.32,48341095,271.528628
MSFT,2023-02-14 05:00:00 UTC,272.67,274.97,269.28,272.17,40926147,272.019226
MSFT,2023-02-15 05:00:00 UTC,268.32,270.73,266.18,269.32,31706292,268.487751
MSFT,2023-02-16 05:00:00 UTC,264.02,266.74,261.9,262.15,33741350,263.794361
MSFT,2023-02-17 05:00:00 UTC,259.39,260.09,256,258.06,33447567,257.7824
MSFT,2023-02-21 05:00:00 UTC,254.48,255.49,251.59,252.67,34190867,252.883469
MSFT,2023-02-22 05:00:00 UTC,254.09,254.34,250.34,251.51,26297890,252.134615
MSFT,2023-02-23 05:00:00 UTC,255.56,256.84,250.48,254.77,32535378,254.036163
MSFT,2023-02-24 05:00:00 UTC,249.96,251,248.1,249.22,28620428,249.20647
MSFT,2023-02-27 05:00:00 UTC,252.46,252.82,249.39,250.16,23864108,250.538486
MSFT,2023-02-28 05:00:00 UTC,249.07,251.49,248.73,249.42,26152174,249.739068
MSFT,2023-03-01 05:00:00 UTC,250.76,250.93,245.79,246.27,31619169,247.293097
MSFT,2023-03-02 05:00:00 UTC,246.55,251.4,245.61,251.11,28735665,249.257188
MSFT,2023-03-03 05:00:00 UTC,252.19,255.62,251.39,255.29,35684701,254.71478
MSFT,2023-03-06 05:00:00 UTC,256.425,260.12,255.98,256.87,28207365,257.64287
MSFT,2023-03-07 05:00:00 UTC,256.3,257.69,253.39,254.15,24123088,254.793993
MSFT,2023-03-08 05:00:00 UTC,254.04,254.5417,250.81,253.7,19450823,252.966123
MSFT,2023-03-09 05:00:00 UTC,255.82,259.56,251.58,252.32,30200253,254.882768
MSFT,2023-03-10 05:00:00 UTC,251.08,252.79,247.6,248.59,31996859,249.493241
MSFT,2023-03-13 04:00:00 UTC,247.4,257.91,245.73,253.92,36954718,253.824363
MSFT,2023-03-14 04:00:00 UTC,256.75,261.07,255.86,260.79,39378537,259.44942
MSFT,2023-03-15 04:00:00 UTC,259.98,266.48,259.21,265.44,50898403,263.889948
MSFT,2023-03-16 04:00:00 UTC,265.205,276.56,263.28,276.2,60088255,272.903981
MSFT,2023-03-17 04:00:00 UTC,278.26,283.33,276.3201,279.43,88709971,279.307779
MSFT,2023-03-20 04:00:00 UTC,276.98,277.48,269.85,272.23,47384329,272.042569
MSFT,2023-03-21 04:00:00 UTC,274.88,275,269.5191,273.78,39630853,272.609461
MSFT,2023-03-22 04:00:00 UTC,273.4,281.04,272.18,272.29,37688258,275.611581
MSFT,2023-03-23 04:00:00 UTC,277.94,281.06,275.2,277.66,37057804,278.255001
MSFT,2023-03-24 04:00:00 UTC,277.24,280.63,275.28,280.57,31347505,278.835894
MSFT,2023-03-27 04:00:00 UTC,280.5,281.4589,275.52,276.38,30073276,277.52486
MSFT,2023-03-28 04:00:00 UTC,275.79,276.14,272.0451,275.23,24105856,273.974212
MSFT,2023-03-29 04:00:00 UTC,278.96,281.1398,278.41,280.51,29617592,280.015429
MSFT,2023-03-30 04:00:00 UTC,284.23,284.46,281.48,284.05,27457975,283.276718
MSFT,2023-03-31 04:00:00 UTC,283.73,289.27,283,288.3,33038542,286.480075
MSFT,2023-04-03 04:00:00 UTC,286.52,288.27,283.95,287.23,27511632,286.381324
MSFT,2023-04-04 04:00:00 UTC,287.23,290.4499,285.67,287.18,28756221,287.823511
MSFT,2023-04-05 04:00:00 UTC,285.85,287.15,282.92,284.34,24527199,284.404166
MSFT,2023-04-06 04:00:00 UTC,283.21,292.08,282.03,291.6,33158103,289.031142
MSFT,2023-04-10 04:00:00 UTC,289.208,289.6,284.71,289.39,25003020,287.832161
MSFT,2023-04-11 04:00:00 UTC,285.75,285.98,281.64,282.83,30042628,283.250167
MSFT,2023-04-12 04:00:00 UTC,284.79,287.01,281.96,283.49,27723054,284.48473
MSFT,2023-04-13 04:00:00 UTC,283.59,289.9,283.17,289.84,24481543,288.063985
MSFT,2023-04-14 04:00:00 UTC,287,288.48,283.69,286.14,23152824,285.977398
MSFT,2023-04-17 04:00:00 UTC,289.93,291.6,286.16,288.8,26656389,288.2876
MSFT,2023-04-18 04:00:00 UTC,291.57,291.755,287.01,288.37,23361219,288.496331
MSFT,2023-04-19 04:00:00 UTC,285.99,289.05,284.54,288.45,17150271,287.490418
MSFT,2023-04-20 04:00:00 UTC,285.25,289.03,285.08,286.11,26646612,286.561615
MSFT,2023-04-21 04:00:00 UTC,285.01,286.27,283.0608,285.76,25168225,285.184387
MSFT,2023-04-24 04:00:00 UTC,282.09,284.95,278.72,281.77,28910574,281.672353
MSFT,2023-04-25 04:00:00 UTC,279.51,281.6,275.37,275.42,50242043,277.283656
MSFT,2023-04-26 04:00:00 UTC,296.7,299.57,292.73,295.37,70241325,295.950128
MSFT,2023-04-27 04:00:00 UTC,295.97,305.2,295.25,304.83,46945695,302.520298
MSFT,2023-04-28 04:00:00 UTC,304.01,308.93,303.31,307.26,36820152,306.228267
MSFT,2023-05-01 04:00:00 UTC,306.97,308.6,305.15,305.56,23852134,306.501661
MSFT,2023-05-02 04:00:00 UTC,307.76,309.18,303.91,305.41,26788203,306.117059
MSFT,2023-05-03 04:00:00 UTC,306.62,308.61,304.09,304.4,25292234,305.568289
MSFT,2023-05-04 04:00:00 UTC,306.24,307.7626,303.4,305.41,24775390,305.756853
MSFT,2023-05-05 04:00:00 UTC,305.72,311.97,304.27,310.65,31503029,309.65911
MSFT,2023-05-08 04:00:00 UTC,310.13,310.2,306.09,308.65,23418630,308.18288
MSFT,2023-05-09 04:00:00 UTC,308,310.04,306.31,307,23754329,307.664911
MSFT,2023-05-10 04:00:00 UTC,308.62,313,307.67,312.31,33158209,311.150206
MSFT,2023-05-11 04:00:00 UTC,310.1,311.12,306.2601,310.11,31680179,309.177825
MSFT,2023-05-12 04:00:00 UTC,310.55,310.65,306.6,308.97,20024597,308.255644
MSFT,2023-05-15 04:00:00 UTC,309.095,309.905,307.59,309.46,18746866,309.124492
MSFT,2023-05-16 04:00:00 UTC,309.83,313.71,309.83,311.74,29574742,312.356741
MSFT,2023-05-17 04:00:00 UTC,312.29,314.43,310.74,314,29419136,313.326288
MSFT,2023-05-18 04:00:00 UTC,314.53,319.04,313.72,318.52,31396883,317.294794
MSFT,2023-05-19 04:00:00 UTC,316.74,318.75,316.37,318.34,32282676,317.799999
MSFT,2023-05-22 04:00:00 UTC,318.6,322.59,318.01,321.18,26158814,320.911505
MSFT,2023-05-23 04:00:00 UTC,320.03,322.72,315.25,315.26,30797173,317.770841
MSFT,2023-05-24 04:00:00 UTC,314.73,316.5,312.61,313.85,25838258,314.030742
MSFT,2023-05-25 04:00:00 UTC,323.24,326.9,320,325.92,47800926,324.530363
MSFT,2023-05-26 04:00:00 UTC,324.02,333.4,323.88,332.89,40925939,331.192278
MSFT,2023-05-30 04:00:00 UTC,335.23,335.74,330.52,331.21,33865984,332.21056
MSFT,2023-05-31 04:00:00 UTC,332.29,335.94,327.33,328.39,46389412,330.0204
MSFT,2023-06-01 04:00:00 UTC,325.93,333.53,324.72,332.58,30607866,330.767509
MSFT,2023-06-02 04:00:00 UTC,334.247,337.5,332.55,335.4,32676513,335.034355
MSFT,2023-06-05 04:00:00 UTC,335.22,338.5599,334.6601,335.94,21307588,336.718018
MSFT,2023-06-06 04:00:00 UTC,335.33,335.37,332.17,333.68,20395783,333.720349
MSFT,2023-06-07 04:00:00 UTC,331.65,334.49,322.5,323.38,40708583,325.745645
MSFT,2023-06-08 04:00:00 UTC,323.935,326.64,323.35,325.26,23286960,325.057504
MSFT,2023-06-09 04:00:00 UTC,324.99,329.99,324.41,326.79,22524508,327.325772
MSFT,2023-06-12 04:00:00 UTC,328.58,332.0999,325.16,331.85,24313889,329.594532
MSFT,2023-06-13 04:00:00 UTC,334.465,336.98,330.39,334.29,22950652,333.473245
MSFT,2023-06-14 04:00:00 UTC,334.34,339.04,332.81,337.34,25998659,336.443714
MSFT,2023-06-15 04:00:00 UTC,337.48,349.84,337.2,348.1,38897380,345.388235
MSFT,2023-06-16 04:00:00 UTC,351.32,351.47,341.95,342.33,46548777,346.217533
MSFT,2023-06-20 04:00:00 UTC,339.31,342.08,335.86,338.05,26375804,338.266938
MSFT,2023-06-21 04:00:00 UTC,336.37,337.73,332.07,333.56,25120187,334.050268
MSFT,2023-06-22 04:00:00 UTC,334.12,340.12,333.34,339.71,23558444,337.749609
MSFT,2023-06-23 04:00:00 UTC,334.36,337.96,333.45,335.02,23177273,335.584223
MSFT,2023-06-26 04:00:00 UTC,333.72,336.11,328.49,328.6,21526363,330.936007
MSFT,2023-06-27 04:00:00 UTC,331.86,336.15,329.3,334.57,24362340,333.402659
MSFT,2023-06-28 04:00:00 UTC,334.66,337.98,333.81,335.85,20262455,335.699223
MSFT,2023-06-29 04:00:00 UTC,334.71,336.11,332.62,335.05,16997043,334.617389
MSFT,2023-06-30 04:00:00 UTC,337.75,342.73,337.2,340.54,26349587,340.657573
MSFT,2023-07-03 04:00:00 UTC,339.19,340.9,336.571,337.99,12451557,338.246347
MSFT,2023-07-05 04:00:00 UTC,335.09,341.65,334.7276,338.15,18173737,338.631098
MSFT,2023-07-06 04:00:00 UTC,337.3,342.99,335.5,341.27,28201010,340.058514
MSFT,2023-07-07 04:00:00 UTC,339.32,341.79,337,337.22,21214826,339.078873
MSFT,2023-07-10 04:00:00 UTC,334.6,335.23,327.59,331.83,32794859,330.911111
MSFT,2023-07-11 04:00:00 UTC,331.06,332.86,327,332.47,26700893,330.659111
MSFT,2023-07-12 04:00:00 UTC,336.6,341.652,335.67,337.2,30004188,338.028796
MSFT,2023-07-13 04:00:00 UTC,339.56,343.74,339.02,342.66,20569655,341.623009
MSFT,2023-07-14 04:00:00 UTC,347.59,351.43,344.31,345.24,28405798,347.516296
MSFT,2023-07-17 04:00:00 UTC,345.678,346.99,342.2,345.73,20365359,345.340623
MSFT,2023-07-18 04:00:00 UTC,345.83,366.78,342.17,359.49,64897877,358.550526
MSFT,2023-07-19 04:00:00 UTC,361.75,362.46,352.435,355.08,39756715,357.004372
MSFT,2023-07-20 04:00:00 UTC,353.57,357.97,345.37,346.87,33793120,349.240038
MSFT,2023-07-21 04:00:00 UTC,349.15,350.3,339.83,343.77,70840628,344.546963
MSFT,2023-07-24 04:00:00 UTC,345.85,346.92,342.31,345.11,26724157,344.778726
MSFT,2023-07-25 04:00:00 UTC,347.11,351.89,345.07,350.98,42575359,349.427935
MSFT,2023-07-26 04:00:00 UTC,341.44,344.67,333.11,337.77,58395898,337.153813
MSFT,2023-07-27 04:00:00 UTC,340.48,341.33,329.05,330.72,39640054,334.606374
MSFT,2023-07-28 04:00:00 UTC,333.67,340.01,333.17,338.37,28484870,337.456803
MSFT,2023-07-31 04:00:00 UTC,336.92,337.695,333.36,335.92,25450981,335.140376
MSFT,2023-08-01 04:00:00 UTC,335.19,338.54,333.7,336.34,18400582,336.438366
MSFT,2023-08-02 04:00:00 UTC,333.63,333.63,326.3551,327.5,27774270,328.799512
MSFT,2023-08-03 04:00:00 UTC,326,329.88,325.95,326.66,18382066,327.656113
MSFT,2023-08-04 04:00:00 UTC,331.88,335.14,327.24,327.78,23741486,330.953989
MSFT,2023-08-07 04:00:00 UTC,328.37,331.11,327.52,330.11,17745211,329.479975
MSFT,2023-08-08 04:00:00 UTC,326.96,328.75,323,326.05,22354207,325.082674
MSFT,2023-08-09 04:00:00 UTC,326.47,327.11,321.0499,322.23,22391253,323.430424
MSFT,2023-08-10 04:00:00 UTC,326.015,328.26,321.18,322.93,20117873,324.156179
MSFT,2023-08-11 04:00:00 UTC,320.26,322.41,319.21,321.01,24355493,320.790033
MSFT,2023-08-14 04:00:00 UTC,321.39,324.06,320.08,324.04,18840722,322.653401
MSFT,2023-08-15 04:00:00 UTC,323,325.09,320.9034,321.86,16969729,322.981506
MSFT,2023-08-16 04:00:00 UTC,320.8,324.42,319.8035,320.4,20706814,321.59472
MSFT,2023-08-17 04:00:00 UTC,320.54,321.87,316.21,316.88,21262655,318.34371
MSFT,2023-08-18 04:00:00 UTC,314.49,318.38,311.5508,316.48,24755014,315.279121
MSFT,2023-08-21 04:00:00 UTC,317.93,322.77,317.04,321.88,24048533,320.713205
MSFT,2023-08-22 04:00:00 UTC,325.5,326.075,321.46,322.46,16104320,323.431923
MSFT,2023-08-23 04:00:00 UTC,323.82,329.2,323.46,327,21179863,327.156408
MSFT,2023-08-24 04:00:00 UTC,332.85,332.98,319.96,319.97,23285880,323.168186
MSFT,2023-08-25 04:00:00 UTC,321.47,325.36,318.8001,322.98,21792081,322.095041
MSFT,2023-08-28 04:00:00 UTC,325.66,326.15,321.722,323.7,14809598,323.402055
MSFT,2023-08-29 04:00:00 UTC,321.88,328.9835,321.88,328.41,19289890,327.13413
MSFT,2023-08-30 04:00:00 UTC,328.67,329.81,326.445,328.79,15223971,328.538646
MSFT,2023-08-31 04:00:00 UTC,329.2,330.9099,326.78,327.76,26413736,328.09888
MSFT,2023-09-01 04:00:00 UTC,331.31,331.99,326.78,328.66,14942025,328.601751
MSFT,2023-09-05 04:00:00 UTC,329,334.85,328.66,333.55,18556234,332.630112
MSFT,2023-09-06 04:00:00 UTC,333.38,334.46,330.18,332.88,17537335,332.248718
MSFT,2023-09-07 04:00:00 UTC,331.29,333.08,329.03,329.91,18382963,330.628124
MSFT,2023-09-08 04:00:00 UTC,330.09,336.16,329.46,334.27,19548167,334.411987
MSFT,2023-09-11 04:00:00 UTC,337.24,338.42,335.43,337.94,16586124,337.310042
MSFT,2023-09-12 04:00:00 UTC,335.815,336.79,331.48,331.77,17928243,332.961876
MSFT,2023-09-13 04:00:00 UTC,331.31,336.85,331.17,336.06,16546047,335.260327
MSFT,2023-09-14 04:00:00 UTC,339.148,340.86,336.57,338.7,20271452,339.009558
MSFT,2023-09-15 04:00:00 UTC,336.92,337.3975,329.65,330.22,37679793,332.642051
MSFT,2023-09-18 04:00:00 UTC,327.8,330.4,326.36,329.06,16835277,328.656135
MSFT,2023-09-19 04:00:00 UTC,326.17,329.39,324.51,328.65,16515949,327.198846
MSFT,2023-09-20 04:00:00 UTC,329.51,329.59,320.51,320.77,21444218,324.610723
MSFT,2023-09-21 04:00:00 UTC,319.26,325.3499,315,319.53,35563727,320.985369
MSFT,2023-09-22 04:00:00 UTC,321.32,321.45,316.15,317.01,21447887,318.411025
MSFT,2023-09-25 04:00:00 UTC,316.59,317.67,315,317.54,17838514,316.510631
MSFT,2023-09-26 04:00:00 UTC,315.13,315.88,310.02,312.14,26303883,312.094557
MSFT,2023-09-27 04:00:00 UTC,312.3,314.299,309.69,312.79,19414202,311.896445
MSFT,2023-09-28 04:00:00 UTC,310.99,315.48,309.45,313.64,19705208,312.774842
MSFT,2023-09-29 04:00:00 UTC,317.75,319.47,314.98,315.75,24147300,316.684633
MSFT,2023-10-02 04:00:00 UTC,316.28,321.888,315.18,321.8,20576408,319.492292
MSFT,2023-10-03 04:00:00 UTC,320.83,321.39,311.215,313.39,21036379,314.344231
MSFT,2023-10-04 04:00:00 UTC,314.03,320.04,314,318.955,20724959,317.984939
MSFT,2023-10-05 04:00:00 UTC,319.09,319.98,314.9,319.36,16967927,317.946367
MSFT,2023-10-06 04:00:00 UTC,316.55,329.19,316.3,327.26,25673632,325.078608
MSFT,2023-10-09 04:00:00 UTC,324.75,330.3,323.18,329.82,19895466,328.004058
MSFT,2023-10-10 04:00:00 UTC,330.96,331.1,327.67,328.39,20559279,329.18624
MSFT,2023-10-11 04:00:00 UTC,331.21,332.82,329.14,332.42,20066879,331.537383
MSFT,2023-10-12 04:00:00 UTC,330.565,333.6299,328.72,331.16,19316464,331.410087
MSFT,2023-10-13 04:00:00 UTC,332.38,333.83,326.36,327.73,21085697,329.214531
MSFT,2023-10-16 04:00:00 UTC,331.05,336.14,330.6,332.64,22159802,333.309417
MSFT,2023-10-17 04:00:00 UTC,329.59,333.46,327.41,332.06,18341661,331.199901
MSFT,2023-10-18 04:00:00 UTC,332.49,335.59,328.3,330.11,23161658,331.791807
MSFT,2023-10-19 04:00:00 UTC,332.15,336.88,330.91,331.32,25056937,333.232738
MSFT,2023-10-20 04:00:00 UTC,331.72,331.92,325.45,326.67,25027715,328.008646
MSFT,2023-10-23 04:00:00 UTC,325.47,332.725,324.39,329.32,24376489,329.181105
MSFT,2023-10-24 04:00:00 UTC,331.3,331.84,327.6,330.53,31604295,330.392971
MSFT,2023-10-25 04:00:00 UTC,345.02,346.2,337.62,340.67,55084330,340.889482
MSFT,2023-10-26 04:00:00 UTC,340.54,341.63,326.94,327.89,37856804,331.153441
MSFT,2023-10-27 04:00:00 UTC,330.425,336.72,328.4007,329.81,29856524,331.674753
MSFT,2023-10-30 04:00:00 UTC,333.41,339.45,331.83,337.31,22829528,336.366046
MSFT,2023-10-31 04:00:00 UTC,338.85,339,334.69,338.11,20266157,337.192153
MSFT,2023-11-01 04:00:00 UTC,339.79,347.42,339.65,346.07,28162158,345.002589
MSFT,2023-11-02 04:00:00 UTC,347.24,348.83,344.77,348.32,24359896,347.547739
MSFT,2023-11-03 04:00:00 UTC,349.63,354.39,347.33,352.8,23637675,351.944629
MSFT,2023-11-06 05:00:00 UTC,353.45,357.54,353.35,356.53,23832657,355.993007
MSFT,2023-11-07 05:00:00 UTC,359.4,362.46,357.63,360.53,25840227,360.67328
MSFT,2023-11-08 05:00:00 UTC,361.68,363.87,360.55,363.2,26773191,362.427996
MSFT,2023-11-09 05:00:00 UTC,362.3,364.79,360.362,360.69,24859227,362.096297
MSFT,2023-11-10 05:00:00 UTC,361.49,370.1,361.07,369.67,28065165,367.702867
MSFT,2023-11-13 05:00:00 UTC,368.22,368.47,365.9,366.68,19992293,367.135189
MSFT,2023-11-14 05:00:00 UTC,371.01,371.95,367.3454,370.27,27691788,370.221011
MSFT,2023-11-15 05:00:00 UTC,371.28,373.13,367.11,369.67,26871924,369.783453
MSFT,2023-11-16 05:00:00 UTC,370.96,376.35,370.18,376.17,27185636,374.844049
MSFT,2023-11-17 05:00:00 UTC,373.61,374.37,367,369.85,40325372,370.781179
MSFT,2023-11-20 05:00:00 UTC,371.22,378.87,371,377.44,52540574,375.971436
MSFT,2023-11-21 05:00:00 UTC,375.67,376.2215,371.12,373.07,28443429,372.976036
MSFT,2023-11-22 05:00:00 UTC,378,379.7899,374.965,377.85,23362349,377.919177
MSFT,2023-11-24 05:00:00 UTC,377.33,377.97,375.135,377.43,10176651,376.762976
MSFT,2023-11-27 05:00:00 UTC,376.78,380.64,376.2,378.61,22182355,378.616433
MSFT,2023-11-28 05:00:00 UTC,378.35,383,378.16,382.7,20457971,381.570911
MSFT,2023-11-29 05:00:00 UTC,383.76,384.3,377.44,378.85,28967214,379.586656
MSFT,2023-11-30 05:00:00 UTC,378.49,380.09,375.47,378.91,31179048,378.169217
MSFT,2023-12-01 05:00:00 UTC,376.76,378.16,371.31,374.51,33040472,373.948311
MSFT,2023-12-04 05:00:00 UTC,369.1,369.52,362.9,369.14,32068877,367.175689
MSFT,2023-12-05 05:00:00 UTC,366.45,373.075,365.621,372.52,23070400,371.208472
MSFT,2023-12-06 05:00:00 UTC,373.54,374.18,368.03,368.8,21184316,369.96817
MSFT,2023-12-07 05:00:00 UTC,368.23,371.4527,366.32,370.95,23121215,369.894708
MSFT,2023-12-08 05:00:00 UTC,369.2,374.46,368.23,374.23,20154366,372.737996
MSFT,2023-12-11 05:00:00 UTC,368.48,371.6,366.1,371.3,27713533,369.456496
MSFT,2023-12-12 05:00:00 UTC,370.85,374.42,370.46,374.38,24853135,372.710068
MSFT,2023-12-13 05:00:00 UTC,376.02,377.6361,370.77,374.37,30955589,374.438665
MSFT,2023-12-14 05:00:00 UTC,373.31,373.76,364.13,365.93,43281200,367.221986
MSFT,2023-12-15 05:00:00 UTC,366.85,372.4,366.28,370.73,78502424,369.873574
MSFT,2023-12-18 05:00:00 UTC,369.45,373,368.68,372.65,21804069,371.721793
MSFT,2023-12-19 05:00:00 UTC,371.49,373.26,369.84,373.26,20605745,372.205373
MSFT,2023-12-20 05:00:00 UTC,375,376.03,370.53,370.62,26322034,373.019633
MSFT,2023-12-21 05:00:00 UTC,372.56,374.41,370.04,373.54,17709860,372.294073
MSFT,2023-12-22 05:00:00 UTC,373.68,375.18,372.71,374.58,17107484,374.360058
MSFT,2023-12-26 05:00:00 UTC,375,376.94,373.5,374.66,12673397,374.71496
MSFT,2023-12-27 05:00:00 UTC,373.69,375.06,372.8116,374.07,14906842,373.786072
MSFT,2023-12-28 05:00:00 UTC,375.37,376.458,374.16,375.28,14328694,375.437319
MSFT,2023-12-29 05:00:00 UTC,376,377.16,373.48,376.04,18730838,375.868739
MSFT,2024-01-02 05:00:00 UTC,373.86,375.9,366.771,370.87,25263217,370.084432
MSFT,2024-01-03 05:00:00 UTC,369.01,373.2562,368.51,370.6,23087200,371.174093
MSFT,2024-01-04 05:00:00 UTC,370.665,373.1,367.17,367.94,20903636,369.696686
MSFT,2024-01-05 05:00:00 UTC,368.97,372.06,366.5,367.75,21004575,368.891836
MSFT,2024-01-08 05:00:00 UTC,369.3,375.2,369.01,374.69,23138403,373.006602
MSFT,2024-01-09 05:00:00 UTC,372.01,375.99,371.19,375.79,20832365,374.475021
MSFT,2024-01-10 05:00:00 UTC,376.37,384.17,376.32,382.77,25518405,381.59849
MSFT,2024-01-11 05:00:00 UTC,386,390.68,380.38,384.63,27855837,384.63698
MSFT,2024-01-12 05:00:00 UTC,385.49,388.68,384.65,388.47,21661173,387.428134
MSFT,2024-01-16 05:00:00 UTC,393.66,394.03,387.6229,390.27,27203507,390.716929
MSFT,2024-01-17 05:00:00 UTC,387.98,390.11,384.81,389.47,22235872,388.196772
MSFT,2024-01-18 05:00:00 UTC,391.72,393.99,390.12,393.87,23396386,392.653564
MSFT,2024-01-19 05:00:00 UTC,395.76,398.67,393.5,398.67,29331136,396.604826
MSFT,2024-01-22 05:00:00 UTC,400.02,400.62,393.59,396.51,27020638,396.879799
MSFT,2024-01-23 05:00:00 UTC,395.75,399.38,393.93,398.9,20530250,397.160182
MSFT,2024-01-24 05:00:00 UTC,401.54,405.63,400.45,402.56,24872010,403.135356
MSFT,2024-01-25 05:00:00 UTC,404.32,407.01,402.5294,404.87,21032928,404.845189
MSFT,2024-01-26 05:00:00 UTC,404.37,406.17,402.43,403.93,17803271,404.044752
MSFT,2024-01-29 05:00:00 UTC,406.06,409.98,404.33,409.72,24510234,407.992006
MSFT,2024-01-30 05:00:00 UTC,412.26,413.05,406.4501,408.59,33477610,409.222264
MSFT,2024-01-31 05:00:00 UTC,406.96,415.32,397.21,397.58,47871097,403.154686
MSFT,2024-02-01 05:00:00 UTC,401.83,408,401.8,403.78,30657726,404.54701
MSFT,2024-02-02 05:00:00 UTC,403.81,412.65,403.56,411.22,28227070,409.854361
MSFT,2024-02-05 05:00:00 UTC,409.9,411.16,403.99,405.65,25352286,406.255711
MSFT,2024-02-06 05:00:00 UTC,405.88,407.97,402.91,405.49,18382624,404.88065
MSFT,2024-02-07 05:00:00 UTC,407.44,414.3,407.4,414.05,22340526,412.025999
MSFT,2024-02-08 05:00:00 UTC,414.05,415.56,412.53,414.11,21225257,413.815986
MSFT,2024-02-09 05:00:00 UTC,415.25,420.82,415.09,420.55,22032844,419.258229
MSFT,2024-02-12 05:00:00 UTC,420.555,420.74,414.75,415.26,21202921,416.827925
MSFT,2024-02-13 05:00:00 UTC,404.94,410.071,403.39,406.32,27824936,406.695124
MSFT,2024-02-14 05:00:00 UTC,408.07,409.84,404.57,409.49,20401190,407.429171
MSFT,2024-02-15 05:00:00 UTC,408.14,409.13,404.29,406.56,21825525,406.075048
MSFT,2024-02-16 05:00:00 UTC,407.96,408.29,403.44,404.06,22296495,405.157518
MSFT,2024-02-20 05:00:00 UTC,403.24,404.49,398.01,402.79,24307915,401.240657
MSFT,2024-02-21 05:00:00 UTC,400.17,402.29,397.22,402.18,18631072,400.140845
MSFT,2024-02-22 05:00:00 UTC,410.19,412.83,408.57,411.65,27009869,410.898526
MSFT,2024-02-23 05:00:00 UTC,415.67,415.86,408.97,410.34,16295879,411.4808
MSFT,2024-02-26 05:00:00 UTC,411.455,412.16,407.36,407.54,16193505,408.684415
MSFT,2024-02-27 05:00:00 UTC,407.99,408.32,403.85,407.48,14835827,406.573385
MSFT,2024-02-28 05:00:00 UTC,408.175,409.3,405.3201,407.72,13183125,407.248201
MSFT,2024-02-29 05:00:00 UTC,408.64,414.2,405.92,413.64,31947263,411.703033
MSFT,2024-03-01 05:00:00 UTC,411.27,415.87,410.88,415.5,17823445,414.109711
MSFT,2024-03-04 05:00:00 UTC,413.44,417.35,412.32,414.92,17595956,415.13935
MSFT,2024-03-05 05:00:00 UTC,413.96,414.25,400.64,402.65,26923077,403.877927
MSFT,2024-03-06 05:00:00 UTC,402.97,405.16,398.39,402.09,22344149,402.18891
MSFT,2024-03-07 05:00:00 UTC,406.12,409.78,402.24,409.14,18718479,407.614709
MSFT,2024-03-08 05:00:00 UTC,407.96,410.42,404.33,406.22,18002186,407.116568
MSFT,2024-03-11 04:00:00 UTC,403.762,405.68,401.26,404.52,16120752,403.830886
MSFT,2024-03-12 04:00:00 UTC,407.62,415.57,406.79,415.28,22457003,413.42615
MSFT,2024-03-13 04:00:00 UTC,418.1,418.18,411.45,415.1,17115931,414.882393
MSFT,2024-03-14 04:00:00 UTC,420.24,427.82,417.99,425.22,34157299,424.550678
MSFT,2024-03-15 04:00:00 UTC,419.29,422.6,412.79,416.42,45079903,417.140879
MSFT,2024-03-18 04:00:00 UTC,414.25,420.73,413.78,417.32,20105977,417.940736
MSFT,2024-03-19 04:00:00 UTC,417.83,421.6656,415.55,421.41,19837915,420.341405
MSFT,2024-03-20 04:00:00 UTC,422,425.96,420.66,425.23,17860085,423.748396
MSFT,2024-03-21 04:00:00 UTC,429.83,430.82,427.16,429.37,21296222,429.244135
MSFT,2024-03-22 04:00:00 UTC,429.7,429.86,426.07,428.74,17648473,428.409677
MSFT,2024-03-25 04:00:00 UTC,425.24,427.41,421.61,422.86,18060450,423.610198
MSFT,2024-03-26 04:00:00 UTC,425.61,425.99,421.35,421.65,16725647,422.841771
MSFT,2024-03-27 04:00:00 UTC,424.44,424.45,419.01,421.43,16704978,421.040183
MSFT,2024-03-28 04:00:00 UTC,420.96,421.87,419.12,420.72,21871161,420.738601
MSFT,2024-04-01 04:00:00 UTC,423.95,427.89,422.22,424.57,16315961,424.352696
MSFT,2024-04-02 04:00:00 UTC,420.11,422.38,417.84,421.44,17911992,420.94303
MSFT,2024-04-03 04:00:00 UTC,419.73,423.26,419.085,420.45,16502264,421.163179
MSFT,2024-04-04 04:00:00 UTC,424.99,428.67,417.57,417.88,19370875,421.814813
MSFT,2024-04-05 04:00:00 UTC,420.01,426.51,418.32,425.52,16554896,424.214391
MSFT,2024-04-08 04:00:00 UTC,425.17,427.28,423.3,424.59,14272387,424.992615
MSFT,2024-04-09 04:00:00 UTC,426.44,427.74,421.62,426.28,12512289,424.952792
MSFT,2024-04-10 04:00:00 UTC,422.19,424.03,419.7,423.26,16216581,421.851062
MSFT,2024-04-11 04:00:00 UTC,425.82,429.37,422.36,427.93,17966423,426.693917
MSFT,2024-04-12 04:00:00 UTC,424.05,425.1794,419.77,421.9,19256798,422.280672
MSFT,2024-04-15 04:00:00 UTC,426.6,426.82,413.43,413.64,20273538,418.017579
MSFT,2024-04-16 04:00:00 UTC,414.57,418.4,413.7301,414.58,16765616,415.602714
MSFT,2024-04-17 04:00:00 UTC,417.25,418.88,410.33,411.84,15855485,413.557273
MSFT,2024-04-18 04:00:00 UTC,410.63,411.89,403.95,404.27,21029917,406.907667
MSFT,2024-04-19 04:00:00 UTC,404.03,405.48,397.77,399.12,30293989,400.445771
MSFT,2024-04-22 04:00:00 UTC,400.08,402.85,395.75,400.96,20286875,400.231593
MSFT,2024-04-23 04:00:00 UTC,404.235,408.2,403.06,407.57,15734501,406.825439
MSFT,2024-04-24 04:00:00 UTC,409.56,412.47,406.78,409.06,15065330,409.047102
MSFT,2024-04-25 04:00:00 UTC,394.03,399.8899,388.03,399.04,40586450,394.684479
MSFT,2024-04-26 04:00:00 UTC,412.17,413,405.7601,406.32,29694654,408.813332
MSFT,2024-04-29 04:00:00 UTC,405.25,406.32,399.19,402.25,19582091,401.574164
MSFT,2024-04-30 04:00:00 UTC,401.49,402.16,389.17,389.33,28781374,393.725203
MSFT,2024-05-01 04:00:00 UTC,392.61,401.7199,390.31,394.94,23562481,395.228366
MSFT,2024-05-02 04:00:00 UTC,397.66,399.93,394.6515,397.84,17709364,397.247509
MSFT,2024-05-03 04:00:00 UTC,402.28,407.15,401.86,406.66,17446724,405.840739
MSFT,2024-05-06 04:00:00 UTC,408.76,413.93,406.3701,413.54,16996639,410.881875
MSFT,2024-05-07 04:00:00 UTC,414.66,414.67,409.09,409.34,20018228,411.148809
MSFT,2024-05-08 04:00:00 UTC,408.17,412.23,406.7132,410.54,11792308,410.34137
MSFT,2024-05-09 04:00:00 UTC,410.57,412.72,409.1,412.32,14689727,411.757718
MSFT,2024-05-10 04:00:00 UTC,412.935,415.38,411.8,414.74,13402281,414.283542
MSFT,2024-05-13 04:00:00 UTC,418.01,418.348,410.82,413.72,15440226,413.838108
MSFT,2024-05-14 04:00:00 UTC,412.02,417.49,411.55,416.56,15109306,415.015661
MSFT,2024-05-15 04:00:00 UTC,417.9,423.81,417.27,423.08,22239533,421.781614
MSFT,2024-05-16 04:00:00 UTC,421.8,425.42,420.35,420.99,17530050,422.128115
MSFT,2024-05-17 04:00:00 UTC,422.54,422.92,418.025,420.21,15352239,420.160363
MSFT,2024-05-20 04:00:00 UTC,420.21,426.77,419.99,425.34,16292137,424.712553
MSFT,2024-05-21 04:00:00 UTC,426.825,432.97,424.85,429.04,21453255,429.301243
MSFT,2024-05-22 04:00:00 UTC,430.09,432.41,427.13,430.52,18073698,430.262086
MSFT,2024-05-23 04:00:00 UTC,432.97,433.6,425.424,427,17211689,429.138605
MSFT,2024-05-24 04:00:00 UTC,427.19,431.055,424.41,430.16,11855285,428.831281
MSFT,2024-05-28 04:00:00 UTC,429.63,430.82,426.6,430.32,15718024,429.170134
MSFT,2024-05-29 04:00:00 UTC,425.69,430.94,425.69,429.17,15517130,429.281294
MSFT,2024-05-30 04:00:00 UTC,424.3,424.3,414.24,414.67,28424847,418.086412
MSFT,2024-05-31 04:00:00 UTC,416.75,416.75,404.51,415.13,47995250,411.842329
MSFT,2024-06-03 04:00:00 UTC,415.525,416.43,408.9234,413.52,17484675,412.786274
MSFT,2024-06-04 04:00:00 UTC,412.43,416.44,409.675,416.07,14348917,413.752979
MSFT,2024-06-05 04:00:00 UTC,417.81,424.08,416.3,424.01,16988038,421.669954
MSFT,2024-06-06 04:00:00 UTC,424.01,425.31,420.58,424.52,14861251,423.604301
MSFT,2024-06-07 04:00:00 UTC,426.2,426.28,423,423.85,13621650,424.549197
MSFT,2024-06-10 04:00:00 UTC,424.7,428.08,423.89,427.87,14003034,426.932762
MSFT,2024-06-11 04:00:00 UTC,425.475,432.82,425.25,432.68,14551101,430.04515
MSFT,2024-06-12 04:00:00 UTC,435.32,443.4,433.25,441.06,22366233,439.504809
MSFT,2024-06-13 04:00:00 UTC,440.85,443.39,439.37,441.58,15960565,441.554021
MSFT,2024-06-14 04:00:00 UTC,438.275,443.1376,436.721,442.57,13581985,441.743195
MSFT,2024-06-17 04:00:00 UTC,442.585,450.94,440.72,448.37,20790030,446.896156
MSFT,2024-06-18 04:00:00 UTC,449.705,450.14,444.89,446.34,17112504,446.733366
MSFT,2024-06-20 04:00:00 UTC,446.3,446.53,441.27,445.7,19877378,444.559792
MSFT,2024-06-21 04:00:00 UTC,447.38,450.58,446.51,449.78,34486172,448.646201
MSFT,2024-06-24 04:00:00 UTC,449.8,452.75,446.41,447.67,15913719,448.771845
MSFT,2024-06-25 04:00:00 UTC,448.25,451.42,446.75,450.95,16747529,450.034965
MSFT,2024-06-26 04:00:00 UTC,449,453.6,448.19,452.16,16507030,451.759941
MSFT,2024-06-27 04:00:00 UTC,452.175,456.17,451.77,452.85,14806324,453.557298
MSFT,2024-06-28 04:00:00 UTC,453.07,455.38,446.41,446.95,28220056,449.579419
MSFT,2024-07-01 04:00:00 UTC,448.66,457.37,445.66,456.73,17662818,453.430266
MSFT,2024-07-02 04:00:00 UTC,453.2,459.59,453.113,459.28,13979779,457.667067
MSFT,2024-07-03 04:00:00 UTC,458.19,461.02,457.88,460.77,9932830,459.833833
MSFT,2024-07-05 04:00:00 UTC,459.61,468.35,458.965,467.56,16000290,466.240388
MSFT,2024-07-08 04:00:00 UTC,466.55,467.7,464.46,466.24,12962321,465.894832
MSFT,2024-07-09 04:00:00 UTC,467,467.33,458,459.54,17228507,461.201439
MSFT,2024-07-10 04:00:00 UTC,461.22,466.46,458.855,466.25,18196100,463.773429
MSFT,2024-07-11 04:00:00 UTC,462.98,464.78,451.55,454.7,23111175,455.702018
MSFT,2024-07-12 04:00:00 UTC,454.325,456.36,450.645,453.55,16324274,453.78815
MSFT,2024-07-15 04:00:00 UTC,453.3,457.26,451.43,453.96,14429447,453.942754
MSFT,2024-07-16 04:00:00 UTC,454.22,454.3,446.66,449.52,17175679,449.336297
MSFT,2024-07-17 04:00:00 UTC,442.59,444.85,439.18,443.52,21754021,442.467558
MSFT,2024-07-18 04:00:00 UTC,444.34,444.65,434.4,440.37,20794822,438.774868
MSFT,2024-07-19 04:00:00 UTC,433.1,441.14,432,437.11,20940417,436.873831
MSFT,2024-07-22 04:00:00 UTC,441.79,444.6,438.9125,442.94,15808755,442.635226
MSFT,2024-07-23 04:00:00 UTC,443.895,448.39,443.1,444.85,13107050,445.201965
MSFT,2024-07-24 04:00:00 UTC,440.45,441.48,427.585,428.9,26805800,430.9322
MSFT,2024-07-25 04:00:00 UTC,428.8,429.8,417.51,418.4,29943795,422.110259
MSFT,2024-07-26 04:00:00 UTC,418.2,428.915,417.27,425.27,23583839,424.074801
MSFT,2024-07-29 04:00:00 UTC,431.58,432.15,424.7042,426.73,15125836,427.40173
MSFT,2024-07-30 04:00:00 UTC,427.72,429.05,417.36,422.92,32687578,422.352218
MSFT,2024-07-31 04:00:00 UTC,420.495,421.775,412.21,418.35,42891366,417.66282
MSFT,2024-08-01 04:00:00 UTC,420.785,427.46,413.0901,417.11,30296400,419.472584
MSFT,2024-08-02 04:00:00 UTC,412.49,415,404.34,408.49,29437900,407.563686
MSFT,2024-08-05 04:00:00 UTC,389.17,401.04,385.58,395.15,40709238,394.90506
MSFT,2024-08-06 04:00:00 UTC,400,405.67,398.5,399.61,24946525,401.531915
MSFT,2024-08-07 04:00:00 UTC,408.635,410.08,397.47,398.43,20650906,402.649941
MSFT,2024-08-08 04:00:00 UTC,402.44,405.86,399.9407,402.69,20203030,402.978853
MSFT,2024-08-09 04:00:00 UTC,404.03,408.05,402.2624,406.02,19276666,405.501224
MSFT,2024-08-12 04:00:00 UTC,407.06,408.76,404.2434,406.81,16762883,406.47049
MSFT,2024-08-13 04:00:00 UTC,409.59,414.95,409.57,414.01,19414271,413.260022
MSFT,2024-08-14 04:00:00 UTC,414.8,417.72,412.4456,416.86,18266980,416.234167
MSFT,2024-08-15 04:00:00 UTC,419.8,421.11,417.66,421.03,20752144,420.078886
MSFT,2024-08-16 04:00:00 UTC,420.6,421.34,417.3,418.47,22775593,418.935067
MSFT,2024-08-19 04:00:00 UTC,418.96,421.75,416.46,421.53,15233957,419.900338
MSFT,2024-08-20 04:00:00 UTC,421.7,425.86,421.64,424.8,16387581,423.958774
MSFT,2024-08-21 04:00:00 UTC,424.075,426.4,421.72,424.14,16067298,423.918509
MSFT,2024-08-22 04:00:00 UTC,424.36,426.7899,414.61,415.55,19361901,418.001121
MSFT,2024-08-23 04:00:00 UTC,416.98,419.26,412.09,416.79,18493784,416.070361
MSFT,2024-08-26 04:00:00 UTC,416.365,417.2799,411.34,413.49,13152830,413.78417
MSFT,2024-08-27 04:00:00 UTC,412.86,414.36,410.25,413.84,13492911,412.874633
MSFT,2024-08-28 04:00:00 UTC,414.88,415,407.31,410.6,14882660,410.456577
MSFT,2024-08-29 04:00:00 UTC,414.94,422.05,410.6,413.12,17045241,416.381391
MSFT,2024-08-30 04:00:00 UTC,415.6,417.49,412.13,417.14,24308324,416.217937
MSFT,2024-09-03 04:00:00 UTC,417.91,419.88,407.03,409.44,20313603,411.582749
MSFT,2024-09-04 04:00:00 UTC,405.91,411.24,404.37,408.9,15135806,408.501592
MSFT,2024-09-05 04:00:00 UTC,407.62,413.1,406.13,408.39,14195516,408.796035
MSFT,2024-09-06 04:00:00 UTC,409.06,410.65,400.8,401.7,19609526,402.906413
MSFT,2024-09-09 04:00:00 UTC,407.24,408.65,402.15,405.72,15295134,405.088973
MSFT,2024-09-10 04:00:00 UTC,408.2,416.33,407.7,414.2,19594287,413.213755
MSFT,2024-09-11 04:00:00 UTC,415.5,423.99,409.58,423.04,19266923,418.970668
MSFT,2024-09-12 04:00:00 UTC,423.31,427.3692,419.75,427,17418759,424.492924
MSFT,2024-09-13 04:00:00 UTC,425.825,431.83,425.46,430.59,15874555,429.690696
MSFT,2024-09-16 04:00:00 UTC,430.6,433.53,428.22,431.34,13834697,430.881276
MSFT,2024-09-17 04:00:00 UTC,440.23,441.85,432.27,435.15,18874231,436.454382
MSFT,2024-09-18 04:00:00 UTC,435,436.03,430.41,430.81,18898042,432.139147
MSFT,2024-09-19 04:00:00 UTC,441.225,441.5,436.9,438.69,21706559,438.977726
MSFT,2024-09-20 04:00:00 UTC,437.22,439.24,434.22,435.27,55167106,435.802902
MSFT,2024-09-23 04:00:00 UTC,434.28,436.46,430.3889,433.51,15128891,433.65312
MSFT,2024-09-24 04:00:00 UTC,433,433.35,426.1,429.17,17015754,429.141514
MSFT,2024-09-25 04:00:00 UTC,429.83,433.119,428.57,432.11,13396364,431.56663
MSFT,2024-09-26 04:00:00 UTC,435.085,435.3,429.13,431.31,14492044,431.162307
MSFT,2024-09-27 04:00:00 UTC,431.52,431.85,427.47,428.02,14896131,428.943152
MSFT,2024-09-30 04:00:00 UTC,428.21,430.42,425.37,430.3,16854606,428.958714
MSFT,2024-10-01 04:00:00 UTC,428.45,428.48,418.81,420.69,19092945,421.650649
MSFT,2024-10-02 04:00:00 UTC,422.58,422.82,416.71,417.13,16582257,418.055352
MSFT,2024-10-03 04:00:00 UTC,417.63,419.55,414.29,416.54,13686421,416.65713
MSFT,2024-10-04 04:00:00 UTC,418.24,419.75,414.97,416.06,19190913,416.784073
MSFT,2024-10-07 04:00:00 UTC,416,417.11,409,409.54,20919761,412.36213
MSFT,2024-10-08 04:00:00 UTC,410.9,415.66,408.17,414.71,19229261,413.570007
MSFT,2024-10-09 04:00:00 UTC,415.86,420.38,414.3,417.46,14974257,417.568147
MSFT,2024-10-10 04:00:00 UTC,415.225,417.35,413.15,415.84,13848376,415.566336
MSFT,2024-10-11 04:00:00 UTC,416.135,417.13,413.25,416.32,14144944,415.583918
MSFT,2024-10-14 04:00:00 UTC,417.77,424.04,417.52,419.14,16653086,420.119146
MSFT,2024-10-15 04:00:00 UTC,422.18,422.48,415.26,418.74,18900201,418.273644
MSFT,2024-10-16 04:00:00 UTC,415.17,416.36,410.48,416.12,15508932,414.840314
MSFT,2024-10-17 04:00:00 UTC,422.36,422.5,415.59,416.72,14820004,417.517287
MSFT,2024-10-18 04:00:00 UTC,417.14,419.65,416.2601,418.16,17145317,417.783896
MSFT,2024-10-21 04:00:00 UTC,416.12,418.96,413.7501,418.78,14206115,417.137328
MSFT,2024-10-22 04:00:00 UTC,418.49,430.5793,418.04,427.51,25482197,426.87388
MSFT,2024-10-23 04:00:00 UTC,430.855,431.08,422.53,424.6,19654379,426.653593
MSFT,2024-10-24 04:00:00 UTC,425.325,425.9782,422.4,424.73,13581631,424.577362
MSFT,2024-10-25 04:00:00 UTC,426.76,432.52,426.565,428.15,16899064,429.376213
MSFT,2024-10-28 04:00:00 UTC,431.655,431.94,426.3,426.59,14882444,427.937602
MSFT,2024-10-29 04:00:00 UTC,428,433.17,425.8001,431.95,17644080,430.897844
MSFT,2024-10-30 04:00:00 UTC,437.435,438.5,432.1,432.53,29749149,434.860488
MSFT,2024-10-31 04:00:00 UTC,415.36,416.16,406.3,406.35,53970981,408.764871
MSFT,2024-11-01 04:00:00 UTC,409.01,415.5,407.5,410.37,24230442,411.511387
MSFT,2024-11-04 05:00:00 UTC,409.8,410.415,405.5713,408.46,19672286,408.275631
MSFT,2024-11-05 05:00:00 UTC,408.37,414.9,408.08,411.46,17626011,411.974421
MSFT,2024-11-06 05:00:00 UTC,412.42,420.45,410.52,420.18,26681842,417.929568
MSFT,2024-11-07 05:00:00 UTC,421.28,426.85,419.88,425.43,19901782,424.425321
MSFT,2024-11-08 05:00:00 UTC,425.32,426.5,421.78,422.54,16891414,423.353272
MSFT,2024-11-11 05:00:00 UTC,422.515,424.81,416,418.01,24503321,419.232599
MSFT,2024-11-12 05:00:00 UTC,418.25,424.44,417.2,423.03,19401204,421.719283
MSFT,2024-11-13 05:00:00 UTC,421.64,429.325,418.21,425.2,21502185,424.460559
MSFT,2024-11-14 05:00:00 UTC,425,428.17,420,426.89,30246881,426.052632
MSFT,2024-11-15 05:00:00 UTC,419.82,422.8,413.64,415,28247644,416.34459
MSFT,2024-11-18 05:00:00 UTC,414.87,418.4037,412.1,415.76,24745055,415.807298
MSFT,2024-11-19 05:00:00 UTC,413.11,417.94,411.55,417.79,18133529,415.662588
MSFT,2024-11-20 05:00:00 UTC,416.87,417.29,410.58,415.49,19325534,414.612761
MSFT,2024-11-21 05:00:00 UTC,419.5,419.78,410.2887,412.87,20780162,413.725476
MSFT,2024-11-22 05:00:00 UTC,411.365,417.4,411.06,417,24814626,415.3572
MSFT,2024-11-25 05:00:00 UTC,418.38,421.08,414.85,418.79,27691090,418.022183
MSFT,2024-11-26 05:00:00 UTC,419.585,429.0414,418.85,427.99,23458889,426.108112
MSFT,2024-11-27 05:00:00 UTC,425.105,427.2299,422.02,422.99,18332444,423.778942
MSFT,2024-11-29 05:00:00 UTC,420.09,424.8849,417.8,423.46,16271921,422.244491
MSFT,2024-12-02 05:00:00 UTC,421.57,433,421.31,430.98,20207223,430.003125
MSFT,2024-12-03 05:00:00 UTC,429.84,432.47,427.74,431.2,18301987,430.671583
MSFT,2024-12-04 05:00:00 UTC,433.03,439.67,432.63,437.42,26009429,437.315164
MSFT,2024-12-05 05:00:00 UTC,437.92,444.66,436.171,442.62,21697775,441.641311
MSFT,2024-12-06 05:00:00 UTC,442.3,446.1,441.7703,443.57,18821002,443.74458
MSFT,2024-12-09 05:00:00 UTC,442.6,448.33,440.5,446.02,19144388,445.510776
MSFT,2024-12-10 05:00:00 UTC,444.39,449.62,441.6,443.33,18469459,444.68417
MSFT,2024-12-11 05:00:00 UTC,444.05,450.35,444.05,448.99,19200208,448.495876
MSFT,2024-12-12 05:00:00 UTC,449.11,456.1648,449.11,449.56,20834779,451.71932
MSFT,2024-12-13 05:00:00 UTC,448.435,451.43,445.58,447.27,20177833,447.69755
MSFT,2024-12-16 05:00:00 UTC,447.27,452.18,445.28,451.59,23598834,449.839903
MSFT,2024-12-17 05:00:00 UTC,451.01,455.29,449.57,454.46,22733494,453.72714
MSFT,2024-12-18 05:00:00 UTC,451.32,452.65,437.02,437.39,24444545,443.55921
MSFT,2024-12-19 05:00:00 UTC,441.62,443.1834,436.32,437.03,22963681,438.931601
MSFT,2024-12-20 05:00:00 UTC,433.11,443.74,428.63,436.6,64263694,435.994625
MSFT,2024-12-23 05:00:00 UTC,436.74,437.65,432.83,435.25,19152519,435.026485
MSFT,2024-12-24 05:00:00 UTC,434.65,439.6,434.19,439.33,7164543,438.086814
MSFT,2024-12-26 05:00:00 UTC,439.08,440.94,436.63,438.11,8199927,438.603231
MSFT,2024-12-27 05:00:00 UTC,434.6,435.22,426.35,430.53,18117713,429.843542
MSFT,2024-12-30 05:00:00 UTC,426.06,427.55,421.9,424.83,13158703,425.150405
MSFT,2024-12-31 05:00:00 UTC,426.1,426.73,420.66,421.5,13246509,422.385181
MSFT,2025-01-02 05:00:00 UTC,425.53,426.07,414.85,418.58,16896469,419.698066
MSFT,2025-01-03 05:00:00 UTC,421.08,424.03,419.54,423.35,16662943,422.518088
MSFT,2025-01-06 05:00:00 UTC,428,434.32,425.4774,427.85,20573648,428.999489
MSFT,2025-01-07 05:00:00 UTC,429,430.65,420.8,422.37,18139065,424.525247
MSFT,2025-01-08 05:00:00 UTC,423.46,426.97,421.54,424.56,15054575,424.510336
MSFT,2025-01-10 05:00:00 UTC,424.63,424.71,415.02,418.95,20201132,419.245883
MSFT,2025-01-13 05:00:00 UTC,415.235,418.5,412.29,417.19,17604780,415.931109
MSFT,2025-01-14 05:00:00 UTC,417.81,419.74,410.72,415.67,16935857,415.426735
MSFT,2025-01-15 05:00:00 UTC,419.13,428.15,418.265,426.31,19637838,425.577611
MSFT,2025-01-16 05:00:00 UTC,428.695,429.49,424.39,424.58,15300023,426.043781
MSFT,2025-01-17 05:00:00 UTC,434.085,434.48,428.17,429.03,26197507,431.070206
MSFT,2025-01-21 05:00:00 UTC,430.2,430.8999,425.595,428.5,26085703,428.42908
MSFT,2025-01-22 05:00:00 UTC,437.56,447.27,436,446.2,27803811,443.417003
MSFT,2025-01-23 05:00:00 UTC,442,446.75,441.5048,446.71,18389270,444.873454
MSFT,2025-01-24 05:00:00 UTC,445.16,446.65,441.4,444.06,15549453,444.040266
MSFT,2025-01-27 05:00:00 UTC,424.01,435.2,423.5,434.56,35647805,430.619846
MSFT,2025-01-28 05:00:00 UTC,434.6,448.38,431.38,447.2,23491703,443.572732
MSFT,2025-01-29 05:00:00 UTC,446.69,446.88,440.4,442.33,23581370,442.99927
MSFT,2025-01-30 05:00:00 UTC,418.77,422.86,413.16,414.99,54586260,416.146345
MSFT,2025-01-31 05:00:00 UTC,418.98,420.69,414.91,415.06,34223388,416.816664
MSFT,2025-02-03 05:00:00 UTC,411.6,415.41,408.66,410.92,25649334,411.959933
MSFT,2025-02-04 05:00:00 UTC,412.685,413.9199,409.74,412.37,20384293,412.065524
MSFT,2025-02-05 05:00:00 UTC,412.35,413.827,410.4,413.29,16336188,412.588349
MSFT,2025-02-06 05:00:00 UTC,414,418.2,414,415.82,16309755,416.070423
MSFT,2025-02-07 05:00:00 UTC,416.48,418.65,408.1,409.75,22761117,411.341005
MSFT,2025-02-10 05:00:00 UTC,413.71,415.4624,410.92,412.22,20806118,412.726992
MSFT,2025-02-11 05:00:00 UTC,409.64,412.49,409.3,411.44,18140592,411.022177
MSFT,2025-02-12 05:00:00 UTC,407.21,410.75,404.3673,409.04,19121734,408.61024
MSFT,2025-02-13 05:00:00 UTC,407,411,406.36,410.54,23891731,409.515879
MSFT,2025-02-14 05:00:00 UTC,407.79,408.91,405.88,408.43,22758464,407.661534
MSFT,2025-02-18 05:00:00 UTC,408,410.597,406.5,409.64,21423051,408.941262
MSFT,2025-02-19 05:00:00 UTC,407.88,415.49,407.65,414.77,24099715,412.1806
MSFT,2025-02-20 05:00:00 UTC,415.29,419.31,412.54,416.13,23508728,416.341104
MSFT,2025-02-21 05:00:00 UTC,417.335,418.048,407.89,408.21,27524799,411.452065
MSFT,2025-02-24 05:00:00 UTC,408.51,409.37,399.32,404,26443656,403.287406
MSFT,2025-02-25 05:00:00 UTC,401.1,401.915,396.7,397.9,29387402,398.925734
MSFT,2025-02-26 05:00:00 UTC,398.01,403.6,394.245,399.73,19618954,399.965181
MSFT,2025-02-27 05:00:00 UTC,401.265,405.74,392.17,392.53,21127406,396.025086
MSFT,2025-02-28 05:00:00 UTC,392.655,397.63,386.57,396.99,32845658,394.275545
MSFT,2025-03-03 05:00:00 UTC,398.82,398.82,386.155,388.49,23007726,391.595881
MSFT,2025-03-04 05:00:00 UTC,383.4,392.58,381,388.61,29342923,386.750091
MSFT,2025-03-05 05:00:00 UTC,389.34,401.67,388.81,401.02,23433132,397.072391
MSFT,2025-03-06 05:00:00 UTC,394.28,402.15,392.6777,396.89,23304625,397.222021
MSFT,2025-03-07 05:00:00 UTC,392.32,394.8,385.54,393.31,22034087,391.454478
MSFT,2025-03-10 04:00:00 UTC,385.84,386.4,377.22,380.16,32840134,380.985471
MSFT,2025-03-11 04:00:00 UTC,379,386,376.91,380.45,30380177,381.430635
MSFT,2025-03-12 04:00:00 UTC,382.95,385.2165,378.9507,383.27,24253567,382.583616
MSFT,2025-03-13 04:00:00 UTC,383.155,385.32,377.45,378.77,20473017,380.007894
MSFT,2025-03-14 04:00:00 UTC,379.775,390.23,379.51,388.56,19952846,386.591958
MSFT,2025-03-17 04:00:00 UTC,386.7,392.705,385.57,388.7,22474272,388.945336
MSFT,2025-03-18 04:00:00 UTC,387.07,387.37,381.1,383.52,19486850,383.434844
MSFT,2025-03-19 04:00:00 UTC,385.525,389.68,384,387.82,19185532,387.27895
MSFT,2025-03-20 04:00:00 UTC,385.735,391.785,383.28,386.84,18470542,387.122324
MSFT,2025-03-21 04:00:00 UTC,383.215,391.74,382.8,391.26,39675928,388.048161
MSFT,2025-03-24 04:00:00 UTC,395.4,395.4,389.81,393.08,21004548,392.764714
MSFT,2025-03-25 04:00:00 UTC,393.915,396.36,392.64,395.16,15774968,394.795162
MSFT,2025-03-26 04:00:00 UTC,395,395.31,388.57,389.97,16132906,391.278849
MSFT,2025-03-27 04:00:00 UTC,390.13,392.24,387.395,390.58,13766761,390.396547
MSFT,2025-03-28 04:00:00 UTC,388.08,389.13,376.93,378.8,21632016,380.382723
MSFT,2025-03-31 04:00:00 UTC,372.535,377.07,367.24,375.39,35184173,373.139765
MSFT,2025-04-01 04:00:00 UTC,374.65,382.85,373.23,382.19,19689503,379.931081
MSFT,2025-04-02 04:00:00 UTC,377.965,385.08,376.62,382.14,16092555,381.838924
MSFT,2025-04-03 04:00:00 UTC,374.785,377.48,369.35,373.11,30197957,373.860311
MSFT,2025-04-04 04:00:00 UTC,364.125,374.59,359.48,359.84,49209110,364.928698
MSFT,2025-04-07 04:00:00 UTC,350.88,370.9999,344.79,357.86,50424998,356.128557
MSFT,2025-04-08 04:00:00 UTC,368.255,373.65,350.25,354.56,35866421,361.674451
MSFT,2025-04-09 04:00:00 UTC,353.535,393.225,353.1,390.49,50194732,379.644216
MSFT,2025-04-10 04:00:00 UTC,382.06,383.9,367.8,381.35,38024368,378.891106
MSFT,2025-04-11 04:00:00 UTC,380.635,390.05,378.89,388.45,23839220,386.508948
MSFT,2025-04-14 04:00:00 UTC,393.22,394.65,384.21,387.81,19251172,388.975005
MSFT,2025-04-15 04:00:00 UTC,388.505,391.89,384.1599,385.73,17199890,386.958962
MSFT,2025-04-16 04:00:00 UTC,380.67,381.61,368,371.61,21967826,373.712973
MSFT,2025-04-17 04:00:00 UTC,373.745,374.3215,366.89,367.78,21120167,370.058572
MSFT,2025-04-21 04:00:00 UTC,362.815,364.48,355.67,359.12,20807279,359.260724
MSFT,2025-04-22 04:00:00 UTC,363.375,367.77,359.8602,366.82,19484845,365.085761
MSFT,2025-04-23 04:00:00 UTC,376.06,380.39,373.02,374.39,20545526,376.030357
MSFT,2025-04-24 04:00:00 UTC,375.695,388.45,375.19,387.3,22232289,385.413096
MSFT,2025-04-25 04:00:00 UTC,387,392.16,384.6,391.85,18973165,389.928669
MSFT,2025-04-28 04:00:00 UTC,391.955,392.74,386.638,391.16,16579430,390.255026
MSFT,2025-04-29 04:00:00 UTC,391.3,395.1,390.38,394.04,14973976,393.584098
MSFT,2025-04-30 04:00:00 UTC,390.3,396.66,384.44,395.26,36461075,392.339604
MSFT,2025-05-01 04:00:00 UTC,431.11,436.99,424.9,425.4,58938100,430.450306
MSFT,2025-05-02 04:00:00 UTC,431.74,439.44,429.985,435.28,30757434,435.633129
MSFT,2025-05-05 04:00:00 UTC,432.87,439.5,432.11,436.17,20136053,436.641584
MSFT,2025-05-06 04:00:00 UTC,432.2,437.73,431.17,433.31,15104204,434.390577
MSFT,2025-05-07 04:00:00 UTC,433.84,438.12,431.1103,433.35,23307241,433.746333
