Timestamp,Open,High,Low,Close,Volume,VWAP
2022-08-22 04:00:00 UTC,174.9,175.58,169.66,170.34,43631244,171.891702
2022-08-23 04:00:00 UTC,169.885,174.65,169.7,171.81,38191310,172.389922
2022-08-24 04:00:00 UTC,170.12,174.06,168.95,172.22,53586327,171.900686
2022-08-25 04:00:00 UTC,168.44,179.47,168.33,179.13,79000803,175.722357
2022-08-26 04:00:00 UTC,178.57,179.24,162.37,162.6,80276742,168.653429
2022-08-29 04:00:00 UTC,160.2,163.38,157.67,158.01,51299715,159.662527
2022-08-30 04:00:00 UTC,159.6,160.39,151.82,154.68,55630743,154.774351
2022-08-31 04:00:00 UTC,153.84,155.4,149.5851,150.94,60320751,151.578032
2022-09-01 04:00:00 UTC,142.09,143.8,132.7021,139.37,120756547,137.014189
2022-09-02 04:00:00 UTC,141,141.71,135.91,136.47,76438261,138.369538
2022-09-06 04:00:00 UTC,137.31,137.79,133.51,134.65,56167899,135.496154
2022-09-07 04:00:00 UTC,135.63,138.38,133.46,137.14,53690616,135.97235
2022-09-08 04:00:00 UTC,134.59,140.08,133.69,139.9,64485878,137.83334
2022-09-09 04:00:00 UTC,141.57,144.74,141.26,143.87,50518400,143.426527
2022-09-12 04:00:00 UTC,143.69,145.47,141.98,145.05,50283853,143.855043
2022-09-13 04:00:00 UTC,138.02,139.22,130.99,131.31,75676831,134.104037
2022-09-14 04:00:00 UTC,132.54,132.8999,129.13,131.28,61169782,130.770786
2022-09-15 04:00:00 UTC,130.152,132.3299,127.9,129.29,54625286,129.938067
2022-09-16 04:00:00 UTC,127.415,132.12,126.17,131.98,74594724,129.784026
2022-09-19 04:00:00 UTC,130.12,134.63,130.1,133.82,58679031,132.934715
2022-09-20 04:00:00 UTC,132.145,134.8276,130.57,131.76,53896002,132.640801
2022-09-21 04:00:00 UTC,132.13,140.31,131.1,132.61,83540733,134.826644
2022-09-22 04:00:00 UTC,130.7,131.4897,124.28,125.61,78073613,126.689958
2022-09-23 04:00:00 UTC,124.2,126.11,122.57,125.16,68605899,124.120228
2022-09-26 04:00:00 UTC,124.91,126.59,122.14,122.28,56842316,123.862987
2022-09-27 04:00:00 UTC,125.07,127.36,122.58,124.13,57318936,124.819957
2022-09-28 04:00:00 UTC,124.1,128.23,123.5386,127.36,56535228,126.367637
2022-09-29 04:00:00 UTC,124.48,125,119.4601,122.2,55874834,121.681412
2022-09-30 04:00:00 UTC,120.87,126.33,120.75,121.39,59852867,123.420463
2022-10-03 04:00:00 UTC,123.47,126.78,121.05,125.12,57557830,124.856845
2022-10-04 04:00:00 UTC,128.79,132.2,128.79,131.67,61054670,130.770848
2022-10-05 04:00:00 UTC,129.107,133.21,126.21,132.09,52039123,129.764314
2022-10-06 04:00:00 UTC,132.2,136.56,131.03,131.3,65897557,133.024753
2022-10-07 04:00:00 UTC,125.05,126.7,120.22,120.76,71127615,122.794457
2022-10-10 04:00:00 UTC,120.37,121.2432,114.0812,116.7,71924924,116.558311
2022-10-11 04:00:00 UTC,115.61,118.46,112.83,115.86,69842936,115.716172
2022-10-12 04:00:00 UTC,115.79,117.35,113.45,115,51574847,115.255827
2022-10-13 04:00:00 UTC,109.71,120.7799,108.13,119.6,87734064,116.358765
2022-10-14 04:00:00 UTC,120.57,121.11,112.04,112.27,74025743,114.278437
2022-10-17 04:00:00 UTC,115.18,119.48,115.17,118.88,60843017,118.225849
2022-10-18 04:00:00 UTC,123.44,124.92,116.18,119.67,67499399,119.553135
2022-10-19 04:00:00 UTC,118.79,123.5,118.34,120.51,54054013,120.552927
2022-10-20 04:00:00 UTC,121.13,127.69,121.05,121.94,67075332,124.076298
2022-10-21 04:00:00 UTC,120.982,124.98,118.87,124.66,63872025,122.824928
2022-10-24 04:00:00 UTC,125.08,127.1,120.64,125.99,53523824,124.511875
2022-10-25 04:00:00 UTC,126.935,133,126.64,132.61,52415889,131.349137
2022-10-26 04:00:00 UTC,128.69,133.88,127.08,128.96,55366741,130.529074
2022-10-27 04:00:00 UTC,136.3,138.38,131.22,131.76,61447869,133.654645
2022-10-28 04:00:00 UTC,131.04,138.5,130.61,138.34,55134108,136.035486
2022-10-31 04:00:00 UTC,137.78,138.38,132.97,134.97,51079903,135.171495
2022-11-01 04:00:00 UTC,138.11,139.25,135.19,135.43,44603607,136.852511
2022-11-02 04:00:00 UTC,138.5,142.1,132.1124,132.19,70271203,137.606244
2022-11-03 04:00:00 UTC,130.43,137.81,129.56,134.21,51960330,134.269799
2022-11-04 04:00:00 UTC,139.86,142.29,136.97,141.56,64355003,139.939105
2022-11-07 05:00:00 UTC,142.28,144.12,139.54,143.01,42798884,141.873963
2022-11-08 05:00:00 UTC,148.01,148.9101,142.16,146.02,61282498,146.115114
2022-11-09 05:00:00 UTC,141.615,142.11,137.5901,137.76,48228978,139.119795
2022-11-10 05:00:00 UTC,148,157.73,145.47,157.5,75430151,152.995164
2022-11-11 05:00:00 UTC,158.075,163.89,154.82,163.27,68050763,160.657589
2022-11-14 05:00:00 UTC,162.18,165.4,159.22,162.95,55672381,163.145858
2022-11-15 05:00:00 UTC,167.215,169.98,163.82,166.66,57373881,167.331427
2022-11-16 05:00:00 UTC,161.615,163.62,158.73,159.1,68719159,160.633689
2022-11-17 05:00:00 UTC,157.15,162.66,155.35,156.77,72881841,158.647509
2022-11-18 05:00:00 UTC,159.66,160.02,151.2001,154.09,51173495,154.169055
2022-11-21 05:00:00 UTC,151.47,154.77,150.8,153.17,42561852,152.989907
2022-11-22 05:00:00 UTC,153.28,160.5757,151.216,160.38,49188854,157.416648
2022-11-23 05:00:00 UTC,160.98,165.27,160.4801,165.19,44252670,163.576977
2022-11-25 05:00:00 UTC,163.18,164.87,161.72,162.7,17717427,163.452851
2022-11-28 05:00:00 UTC,160.26,163.57,157.25,158.27,32906411,160.059686
2022-11-29 05:00:00 UTC,158.27,159.32,155.2,156.39,31106825,157.038839
2022-11-30 05:00:00 UTC,156.97,169.3,155.97,169.23,62291293,163.489655
2022-12-01 05:00:00 UTC,169.99,172.65,166.35,171.35,50352370,170.655175
2022-12-02 05:00:00 UTC,166.59,169.3257,164.45,168.76,38892287,167.050258
2022-12-05 05:00:00 UTC,166.79,169.95,164.7201,166.1,37637286,167.038632
2022-12-06 05:00:00 UTC,165.3,165.73,158.19,159.87,37087160,160.66725
2022-12-07 05:00:00 UTC,157.72,161.86,156.67,161.2,38873541,160.098628
2022-12-08 05:00:00 UTC,162.73,171.79,159.59,171.69,54227158,167.83857
2022-12-09 05:00:00 UTC,171.6,175.83,169.75,170.01,48681575,172.859969
2022-12-12 05:00:00 UTC,170.37,175.38,167.97,175.35,47837997,172.229774
2022-12-13 05:00:00 UTC,185.31,187.9,177.11,180.72,68693255,181.847482
2022-12-14 05:00:00 UTC,179.87,182.52,174.2,176.74,52365926,178.689395
2022-12-15 05:00:00 UTC,171.46,173.2,167,169.52,51236181,169.300611
2022-12-16 05:00:00 UTC,168.642,170.41,164.1,165.71,56651657,166.373334
2022-12-19 05:00:00 UTC,165.72,166.09,161.45,162.54,37757766,162.855228
2022-12-20 05:00:00 UTC,160.64,163.1,158.52,160.85,42319450,161.130319
2022-12-21 05:00:00 UTC,161.14,166.27,161.02,165.01,34612883,164.694244
2022-12-22 05:00:00 UTC,160.935,161.38,148.82,153.39,59520686,153.059098
2022-12-23 05:00:00 UTC,151.96,153.39,148.83,152.06,36582597,151.318033
2022-12-27 05:00:00 UTC,150.74,151,140.56,141.21,48435470,143.946592
2022-12-28 05:00:00 UTC,139.27,142.62,138.84,140.36,36661959,140.612175
2022-12-29 05:00:00 UTC,144.02,146.83,142.27,146.03,37806380,145.424861
2022-12-30 05:00:00 UTC,143.34,146.2899,142.33,146.14,33304297,144.572667
2023-01-03 05:00:00 UTC,148.51,149.96,140.96,143.15,41810749,143.646131
2023-01-04 05:00:00 UTC,145.67,148.53,142.41,147.49,45047174,146.207992
2023-01-05 05:00:00 UTC,144.91,145.64,141.4795,142.65,41702951,143.069141
2023-01-06 05:00:00 UTC,144.74,150.1,140.34,148.59,43123117,146.173519
2023-01-09 05:00:00 UTC,152.84,160.56,151.41,156.28,52588232,157.8712
2023-01-10 05:00:00 UTC,155.07,159.6199,154.72,159.09,40374109,157.536478
2023-01-11 05:00:00 UTC,158.3951,160.28,155.63,160.01,37772219,158.336655
2023-01-12 05:00:00 UTC,161,166.37,154.92,165.11,57246159,162.11837
2023-01-13 05:00:00 UTC,162.78,169.22,161.65,168.99,46579169,166.83674
2023-01-17 05:00:00 UTC,168.99,177.28,168.99,177.02,53349850,175.185695
2023-01-18 05:00:00 UTC,176.67,178.73,172.82,173.77,46116435,175.179308
2023-01-19 05:00:00 UTC,170.36,171.97,167.31,167.65,48022329,169.232928
2023-01-20 05:00:00 UTC,170.11,178.56,168.25,178.39,60373746,174.531848
2023-01-23 05:00:00 UTC,180.64,192.45,178.175,191.93,68143517,188.342116
2023-01-24 05:00:00 UTC,188.27,194.95,188.2,192.65,51556244,191.495554
2023-01-25 05:00:00 UTC,189.125,193.7,185.8,193.23,46419756,189.985726
2023-01-26 05:00:00 UTC,197.01,201.66,192.78,198.02,50881372,196.502803
2023-01-27 05:00:00 UTC,194.62,206.28,194.05,203.65,55925775,201.753285
2023-01-30 05:00:00 UTC,199.5,201.4,191.5,191.62,50754016,195.375202
2023-01-31 05:00:00 UTC,191.695,196.87,189.5,195.37,52448249,194.130892
2023-02-01 05:00:00 UTC,196.91,211.92,196.11,209.43,69248016,203.85596
2023-02-02 05:00:00 UTC,210,219.49,207,217.09,57012533,214.620235
2023-02-03 05:00:00 UTC,210,217.4499,207.89,211,45611088,213.016045
2023-02-06 05:00:00 UTC,208.06,215.7,207.86,210.89,46678865,212.001322
2023-02-07 05:00:00 UTC,213.82,222.59,211.5,221.73,68928590,217.144194
2023-02-08 05:00:00 UTC,223.87,228.78,220.0801,222.05,58179290,223.780266
2023-02-09 05:00:00 UTC,226.06,230.2,221.2,223.37,53963263,226.611481
2023-02-10 05:00:00 UTC,216.9,220.7764,208.11,212.65,56862895,213.059832
2023-02-13 05:00:00 UTC,215.38,220.48,209.62,217.88,50133579,217.029895
2023-02-14 05:00:00 UTC,215.78,230.488,213.66,229.71,69801249,225.929666
2023-02-15 05:00:00 UTC,225.49,228.55,221.06,227.64,44096797,225.493133
2023-02-16 05:00:00 UTC,221.33,225.5,219.268,220.02,43957508,222.313608
2023-02-17 05:00:00 UTC,216.31,217.4,209.75,213.88,48143019,213.428914
2023-02-21 05:00:00 UTC,210,214.938,206.18,206.55,44553755,209.245257
2023-02-22 05:00:00 UTC,207.07,211.04,204.21,207.54,53440494,207.764174
2023-02-23 05:00:00 UTC,234.4,238.88,230.25,236.64,115126835,235.48038
2023-02-24 05:00:00 UTC,232.25,234.74,229.47,232.86,61438022,232.079894
2023-02-27 05:00:00 UTC,236.7,238.7994,234.54,235.01,46804659,236.519189
2023-02-28 05:00:00 UTC,233.72,238.25,232.06,232.16,49947912,234.616001
2023-03-01 05:00:00 UTC,231.92,232.5557,225.08,226.98,47676244,227.942444
2023-03-02 05:00:00 UTC,224.88,233.804,224.32,233.14,40757880,229.492001
2023-03-03 05:00:00 UTC,233.2,239,231.3,238.9,43661039,235.461376
2023-03-06 05:00:00 UTC,238.91,242.48,234.87,235.54,45832416,238.370581
2023-03-07 05:00:00 UTC,236,241.25,232.41,232.88,53100164,236.640636
2023-03-08 05:00:00 UTC,234.87,242,234.235,241.81,53314270,238.848334
2023-03-09 05:00:00 UTC,241.75,244.54,233.8284,234.36,52589800,239.126615
2023-03-10 05:00:00 UTC,234.09,236.27,227.26,229.65,49754798,230.916045
2023-03-13 04:00:00 UTC,227.52,232.98,222.97,229.66,44737487,229.300896
2023-03-14 04:00:00 UTC,234.96,242.19,234.6,240.63,50577136,239.386678
2023-03-15 04:00:00 UTC,237.61,242.86,233.6,242.28,54916008,238.3074
2023-03-16 04:00:00 UTC,240.27,255.88,238.94,255.41,61099837,249.801973
2023-03-17 04:00:00 UTC,259.82,263.99,256.68,257.25,101839860,258.960499
2023-03-20 04:00:00 UTC,256.15,260.24,251.2983,259,45236193,256.989509
2023-03-21 04:00:00 UTC,261.8,263.92,253.81,261.99,56824563,260.374093
2023-03-22 04:00:00 UTC,264.25,275.89,262.37,264.68,80972030,269.898789
2023-03-23 04:00:00 UTC,271.155,274.99,266.9,271.91,57026890,271.95711
2023-03-24 04:00:00 UTC,270.31,271.67,263.55,267.79,47038091,266.533112
2023-03-27 04:00:00 UTC,268.37,270,263.65,265.31,37487743,266.502889
2023-03-28 04:00:00 UTC,264.47,265.13,258.5,264.1,36773145,261.829913
2023-03-29 04:00:00 UTC,268.25,270.78,265.97,269.84,41868011,269.042747
2023-03-30 04:00:00 UTC,272.29,274.99,271.02,273.83,38269301,273.302635
2023-03-31 04:00:00 UTC,271.4,278.3431,271.05,277.77,43598777,275.781475
2023-04-03 04:00:00 UTC,275.09,280,273.36,279.65,41864269,277.083869
2023-04-04 04:00:00 UTC,279.66,280,273.07,274.53,38711401,276.09093
2023-04-05 04:00:00 UTC,268.29,269.98,263.95,268.81,53546442,266.837282
2023-04-06 04:00:00 UTC,265.84,270.8,264.27,270.37,41498845,268.674938
2023-04-10 04:00:00 UTC,268.23,276.2099,266.69,275.79,40916478,272.939889
2023-04-11 04:00:00 UTC,277.235,277.9,271.26,271.69,32919396,273.197177
2023-04-12 04:00:00 UTC,273.7,274.6799,264.475,264.95,45953272,267.750448
2023-04-13 04:00:00 UTC,267.34,268.869,263.29,264.63,37543209,266.452352
2023-04-14 04:00:00 UTC,265.04,268.83,262.2,267.58,41094420,265.828003
2023-04-17 04:00:00 UTC,265.655,270.06,264.3318,270.02,32325429,267.407246
2023-04-18 04:00:00 UTC,275.335,281.1,273.57,276.67,61830458,277.574634
2023-04-19 04:00:00 UTC,273.61,280,272.32,279.31,36071939,277.415117
2023-04-20 04:00:00 UTC,276.71,280.3,270,271.04,44864247,274.988005
2023-04-21 04:00:00 UTC,269.52,271.83,267.22,271.19,36156701,270.010095
2023-04-24 04:00:00 UTC,270.13,273.6599,266.7101,270.42,34081193,270.060093
2023-04-25 04:00:00 UTC,270.78,272.47,262.25,262.41,37987463,265.549677
2023-04-26 04:00:00 UTC,270.02,273.3,267.051,269.56,40904650,270.475505
2023-04-27 04:00:00 UTC,273.63,274.95,266.2501,272.26,37927648,269.737961
2023-04-28 04:00:00 UTC,272.25,277.58,270.7148,277.49,31144754,274.894425
2023-05-01 04:00:00 UTC,278.4,290.5844,277.8,289.1,57212367,286.224417
2023-05-02 04:00:00 UTC,286.8,288.3599,280.83,282.1,41867326,283.562351
2023-05-03 04:00:00 UTC,278.4,283.67,274.72,278.02,39671487,279.06173
2023-05-04 04:00:00 UTC,276.51,278.59,272.4,275.62,33552343,275.711469
2023-05-05 04:00:00 UTC,278.255,287.55,277.31,286.8,38068801,284.227828
2023-05-08 04:00:00 UTC,285.22,292.2,283.5,291.51,35728327,288.673892
2023-05-09 04:00:00 UTC,288.99,289.73,284.5,285.71,32978722,286.306167
2023-05-10 04:00:00 UTC,290.05,291.13,284.6128,288.85,37237717,288.589318
2023-05-11 04:00:00 UTC,288.96,289.5,282.46,285.78,33692515,285.578851
2023-05-12 04:00:00 UTC,285.29,287.8,280.46,283.4,27560361,283.305838
2023-05-15 04:00:00 UTC,285.085,289.69,281.52,289.53,30990713,286.846015
2023-05-16 04:00:00 UTC,288.41,298.7,288.32,292.13,45059492,294.317092
2023-05-17 04:00:00 UTC,295.84,301.99,294.3001,301.78,45586184,298.977802
2023-05-18 04:00:00 UTC,304.1,318.28,303.2,316.78,77370786,313.577301
2023-05-19 04:00:00 UTC,315.36,315.8,309.16,312.64,49975477,312.539957
2023-05-22 04:00:00 UTC,309.01,315.2,306.8,311.76,38956449,312.10113
2023-05-23 04:00:00 UTC,310,312.88,306.31,306.88,35625326,309.064583
2023-05-24 04:00:00 UTC,302.1,306.07,298.06,305.38,72141851,301.589042
2023-05-25 04:00:00 UTC,385.23,394.8,366.35,379.8,156572617,382.574394
2023-05-26 04:00:00 UTC,378.9,391.7,375.5,389.46,75676840,385.608449
2023-05-30 04:00:00 UTC,405.95,419.38,399.49,401.11,92340113,406.760644
2023-05-31 04:00:00 UTC,394.88,402.95,378.22,378.34,100798988,386.042355
2023-06-01 04:00:00 UTC,384.89,400.5,383.4,397.7,64073543,393.277877
2023-06-02 04:00:00 UTC,400.97,405,390.5801,393.27,56804963,395.419729
2023-06-05 04:00:00 UTC,389.09,395.6503,387.07,391.71,39622572,391.03267
2023-06-06 04:00:00 UTC,388.3,391.6,381.48,386.54,38872217,387.113203
2023-06-07 04:00:00 UTC,389.15,394.99,373.56,374.75,51229255,383.85654
2023-06-08 04:00:00 UTC,377.24,388.64,375.05,385.1,41785641,383.630948
2023-06-09 04:00:00 UTC,390.37,397.11,385.67,387.7,42855407,390.835614
2023-06-12 04:00:00 UTC,392,395.2999,386.18,394.82,38970455,390.399096
2023-06-13 04:00:00 UTC,401.86,411.01,397.4,410.22,61334763,405.453199
2023-06-14 04:00:00 UTC,408.24,430,405.52,429.97,74038755,419.624513
2023-06-15 04:00:00 UTC,426.02,432.89,421.47,426.53,56849710,427.941159
2023-06-16 04:00:00 UTC,434.5,437.21,426.605,426.92,65548809,432.153082
2023-06-20 04:00:00 UTC,429.98,439.9,426.74,438.08,45123463,432.769504
2023-06-21 04:00:00 UTC,435.01,436.15,420.8,430.45,55187835,428.481341
2023-06-22 04:00:00 UTC,422.53,434.255,422.34,430.25,41780819,429.726375
2023-06-23 04:00:00 UTC,424.64,428.09,420.15,422.09,35833560,423.923804
2023-06-26 04:00:00 UTC,424.61,427.64,401,406.32,59440026,411.400191
2023-06-27 04:00:00 UTC,407.99,419.4,404.48,418.76,46408477,412.487271
2023-06-28 04:00:00 UTC,406.6,418.45,405.18,411.17,58283768,412.182481
2023-06-29 04:00:00 UTC,415.58,416,406,408.22,38051430,409.66822
2023-06-30 04:00:00 UTC,416.8,425.5,415.01,423.02,49567756,422.32909
2023-07-03 04:00:00 UTC,425.17,428.98,422.02,424.13,19770252,425.123915
2023-07-05 04:00:00 UTC,421.35,431.77,420.85,423.17,32371034,426.757963
2023-07-06 04:00:00 UTC,418.44,421.79,413.46,421.03,30422017,418.032917
2023-07-07 04:00:00 UTC,423.22,432.14,421.8,425.03,35588149,427.833974
2023-07-10 04:00:00 UTC,426.57,428.11,416.49,421.8,35430049,421.198556
2023-07-11 04:00:00 UTC,424.81,427.58,420.67,424.05,30185091,423.732926
2023-07-12 04:00:00 UTC,430.33,439.35,427.7728,439.02,48153862,435.996553
2023-07-13 04:00:00 UTC,445.18,461.55,444.92,459.77,47856483,451.762356
2023-07-14 04:00:00 UTC,465.8281,480.88,450.6,454.69,77208933,466.395274
2023-07-17 04:00:00 UTC,462.89,464.96,452.6241,464.61,51062648,458.925493
2023-07-18 04:00:00 UTC,467.01,478.9599,457.34,474.94,57036869,468.901142
2023-07-19 04:00:00 UTC,474.64,478.18,467.42,470.77,42816008,471.616725
2023-07-20 04:00:00 UTC,465.07,470.87,450.62,455.2,53833607,459.286667
2023-07-21 04:00:00 UTC,457.88,458.66,441,443.09,97466460,446.494124
2023-07-24 04:00:00 UTC,447.31,451.09,440.4,446.12,38317522,446.323605
2023-07-25 04:00:00 UTC,449.41,461.825,449.23,456.79,34934388,457.738612
2023-07-26 04:00:00 UTC,460.21,460.53,446.3,454.52,36435215,453.113397
2023-07-27 04:00:00 UTC,465.19,473.95,457.5,459,45611385,466.728431
2023-07-28 04:00:00 UTC,466.68,470.27,463.81,467.5,33119424,467.05979
2023-07-31 04:00:00 UTC,467.54,471.3,465.0601,467.29,25114815,467.54591
2023-08-01 04:00:00 UTC,464.595,469,460.27,465.07,23951637,464.958382
2023-08-02 04:00:00 UTC,458.31,458.4,433.87,442.69,53028453,444.249076
2023-08-03 04:00:00 UTC,438,451.18,438,445.15,32515687,446.412707
2023-08-04 04:00:00 UTC,449.85,456.42,443.93,446.8,36266620,450.158061
2023-08-07 04:00:00 UTC,451.11,455.4,445.6345,454.165,32221369,451.095642
2023-08-08 04:00:00 UTC,448.53,452.42,440.5601,446.64,35398862,446.120489
2023-08-09 04:00:00 UTC,442.74,443.12,421.34,425.54,58662685,429.701517
2023-08-10 04:00:00 UTC,421.6,435.74,418.35,423.88,49273399,426.245216
2023-08-11 04:00:00 UTC,417.51,420.18,406.39,408.55,53308527,411.685063
2023-08-14 04:00:00 UTC,404.86,438,403.11,437.53,69109577,426.646111
2023-08-15 04:00:00 UTC,445.6,452.68,437.1,439.4,67664826,443.772941
2023-08-16 04:00:00 UTC,445.2,446.75,434.06,434.86,52759646,439.347224
2023-08-17 04:00:00 UTC,439.7,440.62,430.01,433.435,45257691,435.166981
2023-08-18 04:00:00 UTC,426.35,435.7799,416.6,432.99,58376788,427.053093
2023-08-21 04:00:00 UTC,444.94,470.65,442.22,469.67,69286886,457.88651
2023-08-22 04:00:00 UTC,481.35,481.87,453.331,456.68,75744767,462.228442
2023-08-23 04:00:00 UTC,458.66,472,452.08,471.16,78516548,465.790137
2023-08-24 04:00:00 UTC,502.16,502.66,471.59,471.63,115650628,483.040687
2023-08-25 04:00:00 UTC,470.12,478.05,450.24,460.18,92618866,460.737445
2023-08-28 04:00:00 UTC,464.82,469.8,448.88,468.35,68539813,461.344549
2023-08-29 04:00:00 UTC,466.66,490.81,463.9101,487.84,70161175,483.507743
2023-08-30 04:00:00 UTC,490.44,499.27,484.25,492.64,73530144,493.266384
2023-08-31 04:00:00 UTC,493.8,497.44,489.58,493.55,52870144,494.468318
2023-09-01 04:00:00 UTC,497.62,498,481.416,485.09,46383031,486.560829
2023-09-05 04:00:00 UTC,482.23,488.5081,478.6,485.48,38274041,484.566091
2023-09-06 04:00:00 UTC,484.41,485.49,465.8,470.61,46883773,471.346391
2023-09-07 04:00:00 UTC,455.25,463.44,451.52,462.41,43340006,458.233428
2023-09-08 04:00:00 UTC,459.42,466.06,452.71,455.72,47389996,457.545756
2023-09-11 04:00:00 UTC,461.48,461.63,443.12,451.78,47410209,449.063942
2023-09-12 04:00:00 UTC,447.38,456.73,445.31,448.7,34932946,451.91851
2023-09-13 04:00:00 UTC,446,459.3,445.03,454.85,39847257,454.194493
2023-09-14 04:00:00 UTC,459.5,459.8699,451.31,455.81,37016824,455.666962
2023-09-15 04:00:00 UTC,453.41,455.99,438.08,439,50683051,443.350244
2023-09-18 04:00:00 UTC,427.48,442.42,420,439.66,50033792,435.865372
2023-09-19 04:00:00 UTC,438.33,439.66,430.02,435.2,37313745,434.451224
2023-09-20 04:00:00 UTC,436,439.03,422.23,422.39,36728507,431.628426
2023-09-21 04:00:00 UTC,415.83,421,409.8,410.17,45099361,414.534022
2023-09-22 04:00:00 UTC,415.72,421.15,412.31,416.1,47923633,417.199406
2023-09-25 04:00:00 UTC,415.91,425.36,411.77,422.22,41924163,421.011104
2023-09-26 04:00:00 UTC,420.01,428.2,416.55,419.11,40236063,421.517523
2023-09-27 04:00:00 UTC,423.3,428.72,416.2901,424.68,44509626,422.365561
2023-09-28 04:00:00 UTC,424.6,434.4631,421.15,430.89,42667294,429.421498
2023-09-29 04:00:00 UTC,438.27,441.44,433.0694,434.99,39786673,437.09624
2023-10-02 04:00:00 UTC,440.3,451.75,438.61,447.82,43350425,446.65992
2023-10-03 04:00:00 UTC,448.08,451.3,432.46,435.17,47100854,440.005379
2023-10-04 04:00:00 UTC,437.42,441.43,432.9201,440.41,36197775,437.985825
2023-10-05 04:00:00 UTC,440.5,449,438.88,446.88,39359527,444.515147
2023-10-06 04:00:00 UTC,441.93,457.89,440.26,457.62,43443604,451.533143
2023-10-09 04:00:00 UTC,448.42,456.05,443.68,452.73,40975765,449.654822
2023-10-10 04:00:00 UTC,453.1,462.59,450.88,457.98,36864955,458.126005
2023-10-11 04:00:00 UTC,461.96,468.59,460.5,468.06,37825456,464.358925
2023-10-12 04:00:00 UTC,467.77,476.09,463.3,469.45,48146334,470.827053
2023-10-13 04:00:00 UTC,469.6,471.16,452.8,454.61,47542602,459.968411
2023-10-16 04:00:00 UTC,450.63,462.25,449.12,460.95,37515336,458.434609
2023-10-17 04:00:00 UTC,440,447.54,424.8,439.38,81269482,438.380385
2023-10-18 04:00:00 UTC,425.91,432.19,418.25,421.96,62752342,423.993255
2023-10-19 04:00:00 UTC,428.11,432.97,418.82,421.01,50169285,425.750509
2023-10-20 04:00:00 UTC,418.9,424.7,410.78,413.87,47726607,416.171629
2023-10-23 04:00:00 UTC,412.29,432.4799,409.45,429.75,48104991,424.702706
2023-10-24 04:00:00 UTC,430.77,436.97,426.91,436.63,40160704,431.807912
2023-10-25 04:00:00 UTC,433.98,436.5,415.55,417.79,39892027,424.221062
2023-10-26 04:00:00 UTC,418.53,422.5555,398.8019,403.26,54158206,406.92497
2023-10-27 04:00:00 UTC,411.3,412.06,400.15,405,41678442,405.759732
2023-10-30 04:00:00 UTC,410.87,417.66,404.81,411.61,38813054,410.846425
2023-10-31 04:00:00 UTC,404.5,408.79,392.3001,407.8,51813742,401.691895
2023-11-01 04:00:00 UTC,408.84,423.81,408.69,423.25,43780062,417.611704
2023-11-02 04:00:00 UTC,433.28,438.84,428.94,435.06,40932592,433.756493
2023-11-03 04:00:00 UTC,440.2,453.0899,437.23,450.05,42460960,446.394973
2023-11-06 05:00:00 UTC,452.845,459.35,448.99,457.51,40093064,455.040861
2023-11-07 05:00:00 UTC,457.19,462.18,451.575,459.55,34330481,458.953976
2023-11-08 05:00:00 UTC,461,468.67,459.68,465.74,34685163,464.544543
2023-11-09 05:00:00 UTC,474.67,482.3,467.5,469.5,54061213,475.237145
2023-11-10 05:00:00 UTC,475,484.72,472.8301,483.35,42246819,479.919185
2023-11-13 05:00:00 UTC,483.2,491.16,480.9901,486.2,38430943,487.295851
2023-11-14 05:00:00 UTC,496.8,498.34,490.4001,496.56,41715786,495.315299
2023-11-15 05:00:00 UTC,499.35,499.6,482,488.88,47562868,489.724517
2023-11-16 05:00:00 UTC,486.79,495.2469,483.3,494.8,33992417,489.729473
2023-11-17 05:00:00 UTC,495.24,497.17,490.07,492.98,32589691,493.685258
2023-11-20 05:00:00 UTC,493.12,505.48,491.8101,504.09,41639206,499.515867
2023-11-21 05:00:00 UTC,501.26,505.17,492.22,499.44,56745863,498.400949
2023-11-22 05:00:00 UTC,498.52,503.3494,476.9,487.16,90080351,487.474841
2023-11-24 05:00:00 UTC,484.7001,489.21,477.45,477.76,29464465,481.608444
2023-11-27 05:00:00 UTC,478,485.3,476.52,482.42,39576048,481.908906
2023-11-28 05:00:00 UTC,482.36,483.229,474.73,478.21,40157780,478.137583
2023-11-29 05:00:00 UTC,483.79,487.62,478.6,481.4,38207198,482.631669
2023-11-30 05:00:00 UTC,480.24,481.1,464.22,467.7,52636791,469.353148
2023-12-01 05:00:00 UTC,465.25,472,461.87,467.65,36931703,467.531035
2023-12-04 05:00:00 UTC,460.77,460.77,450.1,455.1,43768195,454.218687
2023-12-05 05:00:00 UTC,454.66,466,452.71,465.66,37193879,461.592557
2023-12-06 05:00:00 UTC,472.145,473.87,454.12,455.03,38077359,462.445741
2023-12-07 05:00:00 UTC,457,466.29,456.04,465.96,35096168,462.647656
2023-12-08 05:00:00 UTC,465.95,477.4085,465.5,475.06,35922370,474.099774
2023-12-11 05:00:00 UTC,474.91,475.31,458.3,466.27,50983756,465.141151
2023-12-12 05:00:00 UTC,460.46,476.66,460.46,476.57,37246102,471.489809
2023-12-13 05:00:00 UTC,476.29,485.94,476.08,480.88,44780275,481.935865
2023-12-14 05:00:00 UTC,483.9,486.7,474.22,483.5,39132451,481.183683
2023-12-15 05:00:00 UTC,481.94,494.04,481.2,488.9,47994758,489.389394
2023-12-18 05:00:00 UTC,494,504.3299,491.5,500.77,41271269,498.999075
2023-12-19 05:00:00 UTC,494.24,497,488.95,496.04,46449269,493.152247
2023-12-20 05:00:00 UTC,496.55,499.99,480.98,481.11,39810215,491.868792
2023-12-21 05:00:00 UTC,488.11,490.95,484.19,489.9,30050595,487.389554
2023-12-22 05:00:00 UTC,491.95,493.83,484.67,488.3,25250676,489.769641
2023-12-26 05:00:00 UTC,489.68,496,489.6,492.79,24422298,493.672295
2023-12-27 05:00:00 UTC,495.11,496.8,490.85,494.17,23369993,493.566589
2023-12-28 05:00:00 UTC,496.43,498.8399,494.12,495.22,24660983,496.419755
2023-12-29 05:00:00 UTC,498.13,499.97,487.51,495.22,38929371,495.195597
2024-01-02 05:00:00 UTC,492.44,492.95,475.95,481.68,41133111,480.482282
2024-01-03 05:00:00 UTC,474.85,481.841,473.2,475.69,32097119,476.744133
2024-01-04 05:00:00 UTC,477.67,485,475.08,479.98,30662544,480.95109
2024-01-05 05:00:00 UTC,484.62,495.47,483.0601,490.97,41503927,490.354366
2024-01-08 05:00:00 UTC,495.12,522.75,494.79,522.53,64308094,513.352222
2024-01-09 05:00:00 UTC,524.01,543.25,516.9,531.4,77334975,531.448511
2024-01-10 05:00:00 UTC,536.16,546,534.89,543.5,53394953,541.765545
2024-01-11 05:00:00 UTC,549.99,553.46,535.6,548.22,59697401,545.868626
2024-01-12 05:00:00 UTC,546.2,549.7,543.3008,547.1,35299360,546.736455
2024-01-16 05:00:00 UTC,550.18,568.3499,549,563.82,44977776,561.354164
2024-01-17 05:00:00 UTC,563.47,564.7068,547.4,560.53,47448801,556.550245
2024-01-18 05:00:00 UTC,572.6,576,561.07,571.07,49183974,570.667641
2024-01-19 05:00:00 UTC,579.89,595,572.25,594.91,54350148,585.40252
2024-01-22 05:00:00 UTC,600.49,603.31,590.7,596.54,45302505,597.724895
2024-01-23 05:00:00 UTC,595.7,599.1,585.85,598.73,29500088,594.585376
2024-01-24 05:00:00 UTC,603.04,628.49,599.38,613.62,56047531,617.44309
2024-01-25 05:00:00 UTC,623.5,627.19,608.5,616.17,48378949,619.245556
2024-01-26 05:00:00 UTC,609.6,617.83,605.73,610.31,39030859,611.602505
2024-01-29 05:00:00 UTC,612.32,624.89,609.07,624.65,34873108,617.871653
2024-01-30 05:00:00 UTC,629,634.93,622.6,627.74,41073530,629.022128
2024-01-31 05:00:00 UTC,614.4,622.6902,607,615.27,45379487,615.154719
2024-02-01 05:00:00 UTC,621,631.91,616.5,630.27,36914579,624.246432
2024-02-02 05:00:00 UTC,639.74,666,636.9,661.6,47657765,656.296357
2024-02-05 05:00:00 UTC,682.25,694.97,672.05,693.32,68007801,686.559356
2024-02-06 05:00:00 UTC,696.3,697.5399,663,682.23,68311136,677.572635
2024-02-07 05:00:00 UTC,683.19,702.2,676,700.99,49557455,692.525176
2024-02-08 05:00:00 UTC,700.74,707.94,694.55,696.41,41442211,701.173846
2024-02-09 05:00:00 UTC,705.33,721.85,702.12,721.33,43665939,714.88847
2024-02-12 05:00:00 UTC,726,746.11,712.5,722.48,61371018,728.909946
2024-02-13 05:00:00 UTC,704,734.5,696.2,721.28,60258015,720.055097
2024-02-14 05:00:00 UTC,732.02,742.36,719.38,739,50491742,732.36579
2024-02-15 05:00:00 UTC,738.69,739.75,724,726.58,42012181,730.073443
2024-02-16 05:00:00 UTC,741,744.02,725.01,726.13,49532662,734.368236
2024-02-20 05:00:00 UTC,719.47,719.56,677.34,694.52,70483310,689.936897
2024-02-21 05:00:00 UTC,680.06,688.88,662.48,674.72,69029813,674.992204
2024-02-22 05:00:00 UTC,750.25,785.75,742.2,785.38,86509974,773.43754
2024-02-23 05:00:00 UTC,807.9,823.94,775.7,788.17,82939277,799.076172
2024-02-26 05:00:00 UTC,797,806.4599,785.05,790.92,50396923,795.768896
2024-02-27 05:00:00 UTC,793.81,794.8,771.62,787.01,39171224,787.611785
2024-02-28 05:00:00 UTC,776.2,789.33,771.25,776.63,39311040,779.623401
2024-02-29 05:00:00 UTC,790.94,799.9,783.5,791.12,50728898,792.848305
2024-03-01 05:00:00 UTC,800,823,794.3503,822.79,47913510,813.731888
2024-03-04 05:00:00 UTC,841.3,876.95,837.19,852.37,61561645,857.790773
2024-03-05 05:00:00 UTC,852.7,860.97,834.1701,859.64,52063930,849.446616
2024-03-06 05:00:00 UTC,880.22,897.24,870.3001,887,58252030,884.863021
2024-03-07 05:00:00 UTC,901.58,927.67,896.0201,926.69,60811916,916.061586
2024-03-08 05:00:00 UTC,951.379,974,865.06,875.28,114226906,910.834245
2024-03-11 04:00:00 UTC,864.29,887.97,841.66,857.74,67836412,866.337312
2024-03-12 04:00:00 UTC,880.49,919.6,861.501,919.13,66807515,897.01731
2024-03-13 04:00:00 UTC,910.55,915.04,884.35,908.88,63571289,898.588036
2024-03-14 04:00:00 UTC,895.77,906.46,866,879.44,60231816,880.515703
2024-03-15 04:00:00 UTC,869.3,895.46,862.57,878.365,64208616,882.333234
2024-03-18 04:00:00 UTC,903.88,924.05,870.85,884.55,66897593,893.837912
2024-03-19 04:00:00 UTC,867,905.44,850.1,893.98,67217127,878.901875
2024-03-20 04:00:00 UTC,897.97,904.1,882.23,903.72,47906279,893.404155
2024-03-21 04:00:00 UTC,923,926.48,904.05,914.35,48037231,916.30033
2024-03-22 04:00:00 UTC,911.41,947.7799,908.3401,942.89,58671936,935.36487
2024-03-25 04:00:00 UTC,939.41,967.6599,935.1,950.02,55213608,955.126917
2024-03-26 04:00:00 UTC,958.51,963.75,925.02,925.61,51364758,944.816883
2024-03-27 04:00:00 UTC,931.12,932.4,891.23,902.5,58606723,902.781299
2024-03-28 04:00:00 UTC,900,913,891.93,903.56,43521227,905.126391
2024-04-01 04:00:00 UTC,902.99,922.25,892.04,903.63,45244149,905.176507
2024-04-02 04:00:00 UTC,884.48,900.94,876.2,894.52,43306355,889.599867
2024-04-03 04:00:00 UTC,884.84,903.74,884,889.64,37006655,895.719845
2024-04-04 04:00:00 UTC,904.06,906.3399,858.8,859.05,43496492,883.932198
2024-04-05 04:00:00 UTC,868.66,884.81,859.26,880.08,39967846,876.158547
2024-04-08 04:00:00 UTC,887,888.3,867.32,871.33,28322000,874.063093
2024-04-09 04:00:00 UTC,874.42,876.35,830.22,853.54,50354735,848.039002
2024-04-10 04:00:00 UTC,839.26,874,837.09,870.39,43206293,864.785898
2024-04-11 04:00:00 UTC,874.2,907.3899,869.26,906.16,43163727,891.307951
2024-04-12 04:00:00 UTC,896.99,901.7499,875.3,881.86,42578434,887.236816
2024-04-15 04:00:00 UTC,890.98,906.13,859.2901,860.01,44307695,881.375522
2024-04-16 04:00:00 UTC,864.325,881.18,860.639,874.15,37045302,872.868968
2024-04-17 04:00:00 UTC,883.4,887.75,839.5,840.35,49539951,856.663372
2024-04-18 04:00:00 UTC,849.7,861.8999,824.02,846.71,44726034,847.73986
2024-04-19 04:00:00 UTC,831.5,843.24,756.06,762,87519800,796.427662
2024-04-22 04:00:00 UTC,781.04,800.73,764,795.18,59628751,786.685194
2024-04-23 04:00:00 UTC,807.69,827.69,802.64,824.23,43855937,819.400522
2024-04-24 04:00:00 UTC,839.5,840.82,791.83,796.77,51220753,813.402416
2024-04-25 04:00:00 UTC,788.6801,833.2299,782.23,826.32,42464073,817.445692
2024-04-26 04:00:00 UTC,838.18,883.3093,833.87,877.35,55106478,866.674022
2024-04-29 04:00:00 UTC,875.95,879.92,852.66,877.57,38897076,870.227232
2024-04-30 04:00:00 UTC,872.4,888.19,863,864.02,36370870,873.184751
2024-05-01 04:00:00 UTC,850.77,860,812.5456,830.41,55986317,835.241817
2024-05-02 04:00:00 UTC,844.49,862.37,832,858.17,37789754,849.656637
2024-05-03 04:00:00 UTC,877.89,892.81,870.4,887.89,39834072,883.897355
2024-05-06 04:00:00 UTC,893.9,922.2,890.55,921.4,37620255,913.945335
2024-05-07 04:00:00 UTC,910.98,917.8099,890.11,905.54,43734161,905.599248
2024-05-08 04:00:00 UTC,894.825,911.94,894.2,904.12,32572102,903.285384
2024-05-09 04:00:00 UTC,905.29,910.72,882.31,887.47,37801268,890.776029
2024-05-10 04:00:00 UTC,903.045,914.01,892.27,898.78,33532541,900.613719
2024-05-13 04:00:00 UTC,904.78,909.98,885.29,903.99,28968017,901.109542
2024-05-14 04:00:00 UTC,895.99,916.51,889.34,913.56,29650708,907.089948
2024-05-15 04:00:00 UTC,924.72,948.62,915.99,946.3,41773545,939.332586
2024-05-16 04:00:00 UTC,949.1,958.1899,941.03,943.59,32395182,949.503808
2024-05-17 04:00:00 UTC,943.69,947.4,918.06,924.79,35989353,931.682735
2024-05-20 04:00:00 UTC,937.5,952,934.4,947.8,31876446,946.954575
2024-05-21 04:00:00 UTC,935.99,954,931.8,953.86,32894646,945.536008
2024-05-22 04:00:00 UTC,954.59,960.2,932.49,949.5,54865849,945.670615
2024-05-23 04:00:00 UTC,1020.28,1063.2,1015.2,1037.99,83506528,1039.246561
2024-05-24 04:00:00 UTC,1044.49,1064.75,1030,1064.69,42952427,1048.721038
2024-05-28 04:00:00 UTC,1102.44,1149.39,1098.83,1139.01,65272789,1126.828894
2024-05-29 04:00:00 UTC,1130.5,1154.92,1109.01,1148.25,55738113,1139.047596
2024-05-30 04:00:00 UTC,1146.5,1158.1915,1096.63,1105,48785033,1132.082287
2024-05-31 04:00:00 UTC,1125.2,1127.17,1069.4,1096.33,61326250,1094.799777
2024-06-03 04:00:00 UTC,1136.21,1150,1120.03,1150,43839176,1136.84644
2024-06-04 04:00:00 UTC,1157.16,1166,1140.45,1164.37,40332401,1153.147904
2024-06-05 04:00:00 UTC,1183.71,1224.495,1174.68,1224.4,52840178,1204.27566
2024-06-06 04:00:00 UTC,1240.48,1255.87,1183.2,1209.98,66469619,1209.840187
2024-06-07 04:00:00 UTC,1197.7,1216.9171,1180.22,1208.88,41238580,1200.53606
2024-06-10 04:00:00 UTC,120.37,195.95,117.01,121.79,314162666,121.141317
2024-06-11 04:00:00 UTC,121.77,122.87,118.74,120.91,222551158,120.809809
2024-06-12 04:00:00 UTC,123.06,126.88,122.57,125.2,299595001,125.255691
2024-06-13 04:00:00 UTC,129.39,129.8,127.16,129.61,260704537,128.824971
2024-06-14 04:00:00 UTC,129.96,132.84,128.32,131.88,309320376,131.229466
2024-06-17 04:00:00 UTC,132.99,133.73,129.58,130.98,288504444,131.68857
2024-06-18 04:00:00 UTC,131.14,136.33,130.69,135.58,294335054,134.335339
2024-06-20 04:00:00 UTC,139.8,140.76,129.52,130.78,517768425,134.930597
2024-06-21 04:00:00 UTC,127.12,130.63,124.3,126.57,655484664,126.998057
2024-06-24 04:00:00 UTC,123.24,124.46,118.04,118.11,476060866,120.415972
2024-06-25 04:00:00 UTC,121.2,126.5,119.32,126.09,425787456,123.691199
2024-06-26 04:00:00 UTC,126.13,128.12,122.6,126.4,362975918,124.920025
2024-06-27 04:00:00 UTC,124.1,126.41,122.92,123.99,252571693,124.276153
2024-06-28 04:00:00 UTC,124.58,127.71,122.75,123.54,315070807,124.833696
2024-07-01 04:00:00 UTC,123.47,124.84,118.83,124.3,284885534,122.682568
2024-07-02 04:00:00 UTC,121.13,123.41,121.03,122.67,218373969,122.253548
2024-07-03 04:00:00 UTC,121.66,128.28,121.36,128.28,215748955,125.247746
2024-07-05 04:00:00 UTC,127.38,128.85,125.68,125.83,214176689,127.029429
2024-07-08 04:00:00 UTC,127.49,130.77,127.04,128.2,237677322,128.659791
2024-07-09 04:00:00 UTC,130.35,133.82,128.65,131.38,287020820,131.405646
2024-07-10 04:00:00 UTC,134.03,135.1,132.42,134.91,248978569,134.200559
2024-07-11 04:00:00 UTC,135.75,136.15,127.05,127.4,374782738,129.970543
2024-07-12 04:00:00 UTC,128.26,131.92,127.22,129.24,252680535,130.001596
2024-07-15 04:00:00 UTC,130.56,131.39,127.18,128.44,208326164,128.800668
2024-07-16 04:00:00 UTC,128.44,129.04,124.58,126.36,214769515,126.268287
2024-07-17 04:00:00 UTC,121.35,121.85,116.72,117.99,390086189,118.909887
2024-07-18 04:00:00 UTC,121.85,122.4,116.56,121.09,320979530,119.733566
2024-07-19 04:00:00 UTC,120.35,121.6,117.37,117.93,217223800,118.992652
2024-07-22 04:00:00 UTC,120.35,124.07,119.86,123.54,258068943,122.448975
2024-07-23 04:00:00 UTC,122.78,124.69,122.1,122.59,173910983,123.277787
2024-07-24 04:00:00 UTC,119.17,119.95,113.44,114.25,327776884,116.337869
2024-07-25 04:00:00 UTC,113.04,116.63,106.3,112.28,460067019,112.752576
2024-07-26 04:00:00 UTC,116.19,116.2,111.58,113.06,293399073,113.468474
2024-07-29 04:00:00 UTC,113.69,116.28,111.3,111.59,248152068,113.176663
2024-07-30 04:00:00 UTC,111.52,111.99,102.54,103.73,486833274,105.700274
2024-07-31 04:00:00 UTC,112.9,118.34,110.88,117.02,473174182,115.463354
2024-08-01 04:00:00 UTC,117.53,120.16,106.8104,109.21,523462326,111.924256
2024-08-02 04:00:00 UTC,103.76,108.72,101.37,107.27,482027464,105.432306
2024-08-05 04:00:00 UTC,92.06,103.41,90.69,100.45,552842375,99.346923
2024-08-06 04:00:00 UTC,103.84,107.71,100.55,104.25,409012089,105.030913
2024-08-07 04:00:00 UTC,107.81,108.8,98.69,98.91,411440423,103.030784
2024-08-08 04:00:00 UTC,102,105.5,97.52,104.97,391910023,102.926507
2024-08-09 04:00:00 UTC,105.64,106.6,103.43,104.75,290844157,104.83749
2024-08-12 04:00:00 UTC,106.32,111.07,106.26,109.02,325559870,109.211944
2024-08-13 04:00:00 UTC,112.44,116.23,111.58,116.14,312646660,114.641992
2024-08-14 04:00:00 UTC,118.53,118.6,114.07,118.08,339246407,116.790879
2024-08-15 04:00:00 UTC,118.76,123.24,117.47,122.86,318086673,121.548426
2024-08-16 04:00:00 UTC,121.94,125,121.18,124.58,302589872,123.75888
2024-08-19 04:00:00 UTC,124.28,130,123.42,130,318333577,127.11925
2024-08-20 04:00:00 UTC,128.4,129.88,125.89,127.25,300087415,127.811302
2024-08-21 04:00:00 UTC,127.315,129.35,126.66,128.5,257883572,128.136768
2024-08-22 04:00:00 UTC,130.02,130.75,123.1,123.74,376189076,126.307194
2024-08-23 04:00:00 UTC,125.86,129.6,125.22,129.37,323230332,128.128926
2024-08-26 04:00:00 UTC,129.57,131.26,124.37,126.46,331964672,127.222
2024-08-27 04:00:00 UTC,125.05,129.2,123.88,128.3,303134573,127.648241
2024-08-28 04:00:00 UTC,128.12,128.33,122.64,125.61,448101115,125.643737
2024-08-29 04:00:00 UTC,121.355,124.43,116.71,117.59,453023305,120.37046
2024-08-30 04:00:00 UTC,119.53,121.75,117.22,119.37,333751583,119.129936
2024-09-03 04:00:00 UTC,116.01,116.21,107.29,108,477155100,110.336942
2024-09-04 04:00:00 UTC,105.41,113.27,104.12,106.21,372470291,107.368734
2024-09-05 04:00:00 UTC,104.985,109.65,104.76,107.21,306850696,107.501707
2024-09-06 04:00:00 UTC,108.04,108.15,100.95,102.83,413638098,103.264653
2024-09-09 04:00:00 UTC,104.88,106.55,103.69,106.47,273912015,105.425517
2024-09-10 04:00:00 UTC,107.81,109.4,104.95,108.1,268283736,106.998369
2024-09-11 04:00:00 UTC,109.39,117.19,107.42,116.91,441422370,112.543705
2024-09-12 04:00:00 UTC,116.84,120.79,115.38,119.14,367100496,118.96318
2024-09-13 04:00:00 UTC,119.08,119.955,117.6,119.1,238358328,118.98706
2024-09-16 04:00:00 UTC,116.79,118.18,114.36,116.78,248772308,116.505547
2024-09-17 04:00:00 UTC,118.17,118.8,114.83,115.59,231925876,116.551412
2024-09-18 04:00:00 UTC,115.89,117.7,113.22,113.37,310318937,115.085913
2024-09-19 04:00:00 UTC,117.35,119.66,117.25,117.87,293506438,118.608812
2024-09-20 04:00:00 UTC,117.06,118.6181,115.3901,116,382462428,116.459964
2024-09-23 04:00:00 UTC,116.55,116.99,114.86,116.26,206228490,115.977922
2024-09-24 04:00:00 UTC,116.515,121.8,115.38,120.87,354966772,119.586687
2024-09-25 04:00:00 UTC,122.02,124.94,121.61,123.51,284692948,123.632219
2024-09-26 04:00:00 UTC,126.8,127.665,121.8,124.04,302582868,124.52539
2024-09-27 04:00:00 UTC,123.97,124.03,119.26,121.4,271009175,121.082245
2024-09-30 04:00:00 UTC,118.31,121.5,118.15,121.44,227053651,120.385174
2024-10-01 04:00:00 UTC,121.765,122.4351,115.79,117,302094485,117.857374
2024-10-02 04:00:00 UTC,116.44,119.38,115.14,118.85,221845887,118.183325
2024-10-03 04:00:00 UTC,120.92,124.36,120.3401,122.85,277117973,122.681744
2024-10-04 04:00:00 UTC,124.94,125.04,121.83,124.92,244465552,123.960099
2024-10-07 04:00:00 UTC,124.99,130.64,124.95,127.72,346250233,128.228638
2024-10-08 04:00:00 UTC,130.26,133.48,129.42,132.89,285722485,131.986307
2024-10-09 04:00:00 UTC,134.11,134.52,131.38,132.65,246191612,132.700965
2024-10-10 04:00:00 UTC,131.91,135,131,134.81,242311337,133.985325
2024-10-11 04:00:00 UTC,134.01,135.78,133.66,134.8,170209474,134.866537
2024-10-14 04:00:00 UTC,136.47,139.6,136.3,138.07,232347668,138.45187
2024-10-15 04:00:00 UTC,137.87,138.57,128.74,131.6,377831021,132.37198
2024-10-16 04:00:00 UTC,133.98,136.62,131.58,135.72,264879720,134.522385
2024-10-17 04:00:00 UTC,139.34,140.89,136.87,136.93,306435921,138.972834
2024-10-18 04:00:00 UTC,138.665,138.9,137.28,138,176090184,138.100201
2024-10-21 04:00:00 UTC,138.13,143.71,138,143.71,264554514,141.494221
2024-10-22 04:00:00 UTC,142.91,144.42,141.78,143.59,226311589,143.318116
2024-10-23 04:00:00 UTC,142.03,142.43,137.46,139.56,285930038,139.661129
2024-10-24 04:00:00 UTC,140.82,141.35,138.46,140.41,172354888,139.95535
2024-10-25 04:00:00 UTC,140.93,144.13,140.8,141.54,205122109,142.594494
2024-10-28 04:00:00 UTC,143,143.14,140.05,140.52,173586745,141.135508
2024-10-29 04:00:00 UTC,140.285,142.2598,138.9,141.25,157593634,141.011574
2024-10-30 04:00:00 UTC,139.54,140.33,136.81,139.335,179418082,139.300574
2024-10-31 04:00:00 UTC,137.6,137.61,132.1106,132.76,270039641,133.663905
2024-11-01 04:00:00 UTC,134.7,137.31,134.57,135.4,207127838,135.95656
2024-11-04 05:00:00 UTC,137.21,138.96,135.57,136.05,187528173,137.404343
2024-11-05 05:00:00 UTC,137.45,140.3701,137.33,139.91,160537373,139.354042
2024-11-06 05:00:00 UTC,142.96,146.49,141.96,145.61,242043945,144.747946
2024-11-07 05:00:00 UTC,146.39,148.93,146.17,148.88,207323303,148.061939
2024-11-08 05:00:00 UTC,148.77,149.77,146.26,147.63,175665830,147.661376
2024-11-11 05:00:00 UTC,148.68,148.85,143.57,145.26,182325620,145.468234
2024-11-12 05:00:00 UTC,146.78,149.65,146.01,148.29,198634738,148.068907
2024-11-13 05:00:00 UTC,149.07,149.33,145.9,146.27,191903267,147.158418
2024-11-14 05:00:00 UTC,147.64,149,145.55,146.76,194463301,147.392811
2024-11-15 05:00:00 UTC,144.87,145.24,140.08,141.98,250132869,142.299601
2024-11-18 05:00:00 UTC,139.5,141.55,137.15,140.15,221930607,139.682541
2024-11-19 05:00:00 UTC,141.32,147.13,140.99,147.01,227850812,144.716328
2024-11-20 05:00:00 UTC,147.41,147.56,142.73,145.89,306419482,144.953259
2024-11-21 05:00:00 UTC,149.35,152.89,140.7,146.67,400946570,145.954084
2024-11-22 05:00:00 UTC,145.93,147.16,141.1,141.95,236406154,142.85593
2024-11-25 05:00:00 UTC,141.99,142.05,135.82,136.02,344941875,137.274672
2024-11-26 05:00:00 UTC,137.7,139.3,135.67,136.92,190287654,137.01494
2024-11-27 05:00:00 UTC,135.01,137.22,131.8,135.34,226370912,133.694807
2024-11-29 05:00:00 UTC,136.78,139.35,136.05,138.25,141863156,138.30465
2024-12-02 05:00:00 UTC,138.83,140.45,137.825,138.63,171682777,138.982434
2024-12-03 05:00:00 UTC,138.26,140.54,137.95,140.26,164413965,139.406583
2024-12-04 05:00:00 UTC,141.995,145.79,140.29,145.14,231224295,143.702913
2024-12-05 05:00:00 UTC,145.11,146.54,143.95,145.06,172621180,145.235433
2024-12-06 05:00:00 UTC,144.6,145.7,141.31,142.44,188505573,143.038593
2024-12-09 05:00:00 UTC,138.97,139.95,137.13,138.81,189308625,138.671743
2024-12-10 05:00:00 UTC,139.01,141.82,133.79,135.07,210020888,137.066247
2024-12-11 05:00:00 UTC,137.36,140.17,135.21,139.31,184905192,138.213275
2024-12-12 05:00:00 UTC,137.08,138.44,135.8,137.34,159211393,137.174009
2024-12-13 05:00:00 UTC,138.94,139.6,132.54,134.25,231514881,134.935543
2024-12-16 05:00:00 UTC,134.18,134.4,130.42,132,237951130,131.732137
2024-12-17 05:00:00 UTC,129.09,131.59,126.86,130.39,259410263,129.244779
2024-12-18 05:00:00 UTC,133.86,136.7,128.28,128.91,277444533,133.312292
2024-12-19 05:00:00 UTC,131.76,134.03,129.55,130.68,209719210,131.515451
2024-12-20 05:00:00 UTC,129.81,135.28,128.22,134.7,306528553,133.17864
2024-12-23 05:00:00 UTC,136.28,139.79,135.1201,139.67,176053506,138.066703
2024-12-24 05:00:00 UTC,140,141.9,138.65,140.22,105156989,140.747761
2024-12-26 05:00:00 UTC,139.7,140.85,137.73,139.93,116519090,139.599297
2024-12-27 05:00:00 UTC,138.55,139.02,134.71,137.01,170582603,136.404689
2024-12-30 05:00:00 UTC,134.83,140.27,134.02,137.49,167734700,138.052226
2024-12-31 05:00:00 UTC,138.03,138.07,133.83,134.29,155659211,135.449823
2025-01-02 05:00:00 UTC,136,138.88,134.63,138.31,198247166,137.181563
2025-01-03 05:00:00 UTC,140.01,144.9,139.73,144.47,229322478,143.567988
2025-01-06 05:00:00 UTC,148.59,152.156,147.8201,149.43,265377359,150.355811
2025-01-07 05:00:00 UTC,153.03,153.13,140.01,140.14,351782174,143.543604
2025-01-08 05:00:00 UTC,142.58,143.95,137.56,140.11,227349948,140.669549
2025-01-10 05:00:00 UTC,137.45,139.92,134.22,135.91,207602514,135.827555
2025-01-13 05:00:00 UTC,129.99,133.49,129.51,133.23,204808914,131.970517
2025-01-14 05:00:00 UTC,136.05,136.38,130.05,131.76,195590485,132.178327
2025-01-15 05:00:00 UTC,133.65,136.45,131.29,136.24,185217338,134.839393
2025-01-16 05:00:00 UTC,138.64,138.75,133.49,133.57,209235583,135.636739
2025-01-17 05:00:00 UTC,136.69,138.5,135.4649,137.71,201188760,137.429718
2025-01-21 05:00:00 UTC,139.16,141.83,137.09,140.83,197748985,140.046734
2025-01-22 05:00:00 UTC,144.66,147.79,143.67,147.07,237651395,146.610574
2025-01-23 05:00:00 UTC,145.05,147.23,143.72,147.22,155915549,145.862847
2025-01-24 05:00:00 UTC,148.37,148.97,141.88,142.62,234657635,144.39028
2025-01-27 05:00:00 UTC,124.8,128.4,116.7,118.42,818830895,120.801569
2025-01-28 05:00:00 UTC,121.81,129,116.25,128.99,579666350,123.746217
2025-01-29 05:00:00 UTC,126.5,126.89,120.05,123.7,467120640,123.00518
2025-01-30 05:00:00 UTC,123.1,125,118.1,124.65,392925469,121.301363
2025-01-31 05:00:00 UTC,123.78,127.85,119.19,120.07,390372899,123.747467
2025-02-03 05:00:00 UTC,114.75,118.57,113.01,116.66,371033128,116.073203
2025-02-04 05:00:00 UTC,116.96,121.2,116.7,118.65,255877635,119.100021
2025-02-05 05:00:00 UTC,121.76,125,120.76,124.83,263110629,123.296732
2025-02-06 05:00:00 UTC,127.42,128.77,125.21,128.68,251483574,127.35889
2025-02-07 05:00:00 UTC,129.22,130.37,125,129.84,227481363,129.090361
2025-02-10 05:00:00 UTC,130.09,135,129.96,133.57,216875889,133.806696
2025-02-11 05:00:00 UTC,132.58,134.48,131.02,132.8,178902379,133.171192
2025-02-12 05:00:00 UTC,130.02,132.24,129.08,131.14,160278552,131.1347
2025-02-13 05:00:00 UTC,131.555,136.5,131.17,135.29,197429975,134.757522
2025-02-14 05:00:00 UTC,136.48,139.25,135.5,138.85,195479557,137.567511
2025-02-18 05:00:00 UTC,141.27,143.44,137.925,139.4,219176627,140.452254
2025-02-19 05:00:00 UTC,139.51,141.36,137.22,139.23,167304199,139.65414
2025-02-20 05:00:00 UTC,140.03,140.66,136.7901,140.11,143903583,139.117716
2025-02-21 05:00:00 UTC,140.04,141.46,134.03,134.43,228217585,137.295717
2025-02-24 05:00:00 UTC,136.56,138.59,130.08,130.28,251381137,133.528603
2025-02-25 05:00:00 UTC,129.98,130.2,124.44,126.63,271428711,127.459312
2025-02-26 05:00:00 UTC,129.985,133.73,128.49,131.28,322611814,131.071735
2025-02-27 05:00:00 UTC,135,135.01,120.01,120.15,443175846,125.757136
2025-02-28 05:00:00 UTC,118.02,125.09,116.4,124.92,389091145,121.457587
2025-03-03 05:00:00 UTC,123.51,123.7,112.28,114.06,411381373,116.80635
2025-03-04 05:00:00 UTC,110.645,119.31,110.11,115.99,398163305,114.706765
2025-03-05 05:00:00 UTC,117.58,118.2781,114.51,117.3,284337886,116.554644
2025-03-06 05:00:00 UTC,113.53,115.35,110.22,110.57,321181861,112.238633
2025-03-07 05:00:00 UTC,111.25,113.48,107.56,112.69,341755468,110.99465
2025-03-10 04:00:00 UTC,109.9,111.85,105.46,106.98,366487363,107.625366
2025-03-11 04:00:00 UTC,106.99,112.236,104.77,108.76,354865692,108.968529
2025-03-12 04:00:00 UTC,114.12,116.76,112.88,115.74,323857454,115.220692
2025-03-13 04:00:00 UTC,117.03,117.76,113.79,115.58,299033131,116.027528
2025-03-14 04:00:00 UTC,118.61,121.88,118.15,121.67,277593455,120.592078
2025-03-17 04:00:00 UTC,122.74,122.89,118.03,119.53,255501481,120.043459
2025-03-18 04:00:00 UTC,118,119.02,114.54,115.43,299686944,116.45365
2025-03-19 04:00:00 UTC,117.27,120.445,115.68,117.52,273426225,117.885191
2025-03-20 04:00:00 UTC,116.55,120.2,116.47,118.53,248829749,118.686
2025-03-21 04:00:00 UTC,116.94,117.99,115.42,117.7,266498528,117.004513
2025-03-24 04:00:00 UTC,119.88,122.22,119.34,121.41,228452534,121.239407
2025-03-25 04:00:00 UTC,120.545,121.29,118.92,120.69,167447198,120.324406
2025-03-26 04:00:00 UTC,118.73,118.84,112.71,113.76,296431667,114.711652
2025-03-27 04:00:00 UTC,111.35,114.45,110.66,111.43,236902055,112.34066
2025-03-28 04:00:00 UTC,111.485,112.87,109.0701,109.67,229872549,110.119953
2025-03-31 04:00:00 UTC,105.13,110.955,103.65,108.38,299212213,106.086596
2025-04-01 04:00:00 UTC,108.515,110.2,106.47,110.15,222614034,108.599925
2025-04-02 04:00:00 UTC,107.29,111.98,106.79,110.42,220601243,109.775329
2025-04-03 04:00:00 UTC,103.51,105.63,101.6,101.8,338768918,103.32552
2025-04-04 04:00:00 UTC,98.91,100.13,92.11,94.31,532271555,95.178482
2025-04-07 04:00:00 UTC,87.46,101.75,86.62,97.64,611041347,95.248274
2025-04-08 04:00:00 UTC,103.805,105.85,94.46,96.3,476220941,100.953226
2025-04-09 04:00:00 UTC,98.89,115.1,97.5301,114.33,612871940,107.013725
2025-04-10 04:00:00 UTC,109.37,110.86,99.15,107.57,437812353,107.524748
2025-04-11 04:00:00 UTC,108.5,111.5499,107.48,110.93,313417265,109.839562
2025-04-14 04:00:00 UTC,114.11,114.29,109.07,110.71,264704916,111.482828
2025-04-15 04:00:00 UTC,110.97,113.615,110.5,112.2,228966900,112.167313
2025-04-16 04:00:00 UTC,104.55,106.79,100.45,104.49,397016870,103.785634
2025-04-17 04:00:00 UTC,104.45,104.47,100.05,101.49,292515502,101.525021
2025-04-21 04:00:00 UTC,98.77,99.44,95.04,96.91,288501136,96.414428
2025-04-22 04:00:00 UTC,98.78,99.811,97.28,98.89,241003945,98.674576
2025-04-23 04:00:00 UTC,104.52,104.8,102.02,102.71,247600971,103.468576
2025-04-24 04:00:00 UTC,103.475,106.54,103.11,106.43,220815041,105.578792
2025-04-25 04:00:00 UTC,106.85,111.92,105.73,111.01,251064672,109.589873
2025-04-28 04:00:00 UTC,109.69,110.3699,106.02,108.73,207708479,107.945502
2025-04-29 04:00:00 UTC,107.67,110.1999,107.44,109.02,170444263,109.021064
2025-04-30 04:00:00 UTC,104.47,108.92,104.08,108.92,235044611,106.800788
2025-05-01 04:00:00 UTC,113.08,114.94,111.3,111.61,236121507,113.151519
2025-05-02 04:00:00 UTC,114.18,115.4,113.37,114.5,190194778,114.436159
2025-05-05 04:00:00 UTC,112.905,114.665,112.66,113.82,133163241,113.828668
2025-05-06 04:00:00 UTC,111.48,114.74,110.822,113.54,158525621,112.921082
2025-05-07 04:00:00 UTC,113.045,117.68,112.2818,117.06,207827821,114.668734
2025-05-08 04:00:00 UTC,118.25,118.68,115.85,117.37,198428122,117.562756
2025-05-09 04:00:00 UTC,117.35,118.23,115.21,116.65,132972189,116.682871
2025-05-12 04:00:00 UTC,121.97,123,120.28,123,225023345,122.125539
2025-05-13 04:00:00 UTC,124.98,131.2189,124.47,129.93,330430105,129.28964
2025-05-14 04:00:00 UTC,133.195,135.435,131.68,135.34,281180830,134.128717
2025-05-15 04:00:00 UTC,134.295,136.3,132.66,134.83,226632563,134.526348
