TSM,2022-08-15 04:00:00 UTC,90.01,91.94,90,91.57,16581104,91.143266
TSM,2022-08-16 04:00:00 UTC,91.14,91.35,88.5681,89.95,11392830,89.730525
TSM,2022-08-17 04:00:00 UTC,89,89.77,88.48,89.2,9821889,89.090277
TSM,2022-08-18 04:00:00 UTC,88.71,89.67,88.415,89.27,12364194,89.18965
TSM,2022-08-19 04:00:00 UTC,88.5,88.59,87.015,87.2,10920032,87.430785
TSM,2022-08-22 04:00:00 UTC,85.41,86.03,84.94,85.24,9022040,85.353005
TSM,2022-08-23 04:00:00 UTC,85.16,86.595,84.99,86.03,9088785,86.020215
TSM,2022-08-24 04:00:00 UTC,85.8,86.13,85.2,85.56,7943071,85.6301
TSM,2022-08-25 04:00:00 UTC,86.33,87.59,86.01,87.57,7299584,87.063527
TSM,2022-08-26 04:00:00 UTC,87.5,87.79,84.65,84.74,10826727,85.430809
TSM,2022-08-29 04:00:00 UTC,83.91,84.32,82.78,82.85,10497101,83.270465
TSM,2022-08-30 04:00:00 UTC,83.78,83.98,81.73,82.79,9134224,82.723326
TSM,2022-08-31 04:00:00 UTC,84.11,84.87,83.0625,83.35,10031317,83.733245
TSM,2022-09-01 04:00:00 UTC,81.45,81.83,80.12,81.64,12508533,81.000969
TSM,2022-09-02 04:00:00 UTC,81.55,82.98,80.61,80.9,9450292,81.464456
TSM,2022-09-06 04:00:00 UTC,81.03,81.03,79.52,80.03,13035485,80.102768
TSM,2022-09-07 04:00:00 UTC,78.39,80.175,78.23,79.95,10773542,79.388421
TSM,2022-09-08 04:00:00 UTC,79.01,80.735,78.77,80.24,8646661,79.860393
TSM,2022-09-09 04:00:00 UTC,80.83,81.66,80.74,81.53,7693639,81.33607
TSM,2022-09-12 04:00:00 UTC,81.97,82.495,81.76,82.15,9189085,82.1082
TSM,2022-09-13 04:00:00 UTC,80.42,81.14,78.515,78.81,14435640,79.384777
TSM,2022-09-14 04:00:00 UTC,79.74,80.155,78.98,79.66,9383343,79.572356
TSM,2022-09-15 04:00:00 UTC,78.58,79.25,77.67,77.98,11056114,78.187443
TSM,2022-09-16 04:00:00 UTC,77.11,78,76.92,77.89,12520715,77.611596
TSM,2022-09-19 04:00:00 UTC,76.55,78.23,76.545,78.23,11243146,77.722136
TSM,2022-09-20 04:00:00 UTC,77.54,78.435,77.51,78.15,8875254,78.041705
TSM,2022-09-21 04:00:00 UTC,77.58,79.31,77.14,77.14,11616654,77.802948
TSM,2022-09-22 04:00:00 UTC,76.45,76.75,75.355,75.63,11859261,75.835938
TSM,2022-09-23 04:00:00 UTC,74.3,74.39,73.09,73.87,13909387,73.661273
TSM,2022-09-26 04:00:00 UTC,73.47,74.19,72.92,73.01,14241034,73.330574
TSM,2022-09-27 04:00:00 UTC,73.51,74.04,72.35,73.03,13426623,73.048941
TSM,2022-09-28 04:00:00 UTC,71.11,72.29,70.7,72.13,14004479,71.646381
TSM,2022-09-29 04:00:00 UTC,70.52,70.68,68.48,69.28,17237406,69.319771
TSM,2022-09-30 04:00:00 UTC,67.81,69.65,67.74,68.56,11291253,68.827033
TSM,2022-10-03 04:00:00 UTC,68.08,69.5675,67.65,69.25,13861730,69.068413
TSM,2022-10-04 04:00:00 UTC,70.8,72.9294,70.72,72.81,15955144,72.357874
TSM,2022-10-05 04:00:00 UTC,72.92,74.91,72.58,74.48,14845587,73.94916
TSM,2022-10-06 04:00:00 UTC,73.97,74.92,73.86,74.35,13644368,74.436017
TSM,2022-10-07 04:00:00 UTC,71.81,72.03,69.75,69.75,16490250,70.409657
TSM,2022-10-10 04:00:00 UTC,69.85,69.88,67.01,67.44,16870347,67.635109
TSM,2022-10-11 04:00:00 UTC,64.2,64.91,62.62,63.45,30483644,63.434279
TSM,2022-10-12 04:00:00 UTC,63.6,64.23,63.365,64.11,17520652,63.80109
TSM,2022-10-13 04:00:00 UTC,63.06,70.2,62.32,66.62,37982866,66.584039
TSM,2022-10-14 04:00:00 UTC,67.26,67.45,63.78,63.92,20791687,64.961877
TSM,2022-10-17 04:00:00 UTC,64.98,65.35,64.035,64.89,12242824,64.877271
TSM,2022-10-18 04:00:00 UTC,65.9,66.11,62.78,63.71,17273623,63.848685
TSM,2022-10-19 04:00:00 UTC,62.74,64.11,62.17,63.66,13119376,63.388382
TSM,2022-10-20 04:00:00 UTC,63.75,65.275,63.38,63.58,12137375,64.163139
TSM,2022-10-21 04:00:00 UTC,62.02,63.78,62.02,63.75,15045995,63.079152
TSM,2022-10-24 04:00:00 UTC,60.58,61.62,59.68,61.29,26813929,60.889674
TSM,2022-10-25 04:00:00 UTC,59.96,61.36,59.51,61.14,24596697,60.934496
TSM,2022-10-26 04:00:00 UTC,60.86,61.98,60.43,60.84,14853922,61.259621
TSM,2022-10-27 04:00:00 UTC,61.85,62.45,60.91,60.95,13907384,61.583876
TSM,2022-10-28 04:00:00 UTC,60.77,62.03,60.07,62.01,13036289,61.268563
TSM,2022-10-31 04:00:00 UTC,61.59,62.265,61.07,61.55,11922473,61.714756
TSM,2022-11-01 04:00:00 UTC,63.26,63.43,61.58,61.58,12298264,62.124262
TSM,2022-11-02 04:00:00 UTC,62.5,62.89,60.52,60.52,17701568,61.557725
TSM,2022-11-03 04:00:00 UTC,60,60.89,59.43,60.28,11697170,60.283692
TSM,2022-11-04 04:00:00 UTC,61.51,62.5,61.02,62.48,13871912,61.959278
TSM,2022-11-07 05:00:00 UTC,62.62,62.9264,61.9711,62.76,8507052,62.573714
TSM,2022-11-08 05:00:00 UTC,64.37,65.75,64.22,65.02,14102799,65.100407
TSM,2022-11-09 05:00:00 UTC,66.53,66.6,64.95,65,15086801,65.640359
TSM,2022-11-10 05:00:00 UTC,67.74,70.87,67.32,70.84,21367851,69.536143
TSM,2022-11-11 05:00:00 UTC,72.74,74.6,72.38,73.83,15514344,73.591516
TSM,2022-11-14 05:00:00 UTC,73.24,73.68,72.24,72.8,11575276,73.09612
TSM,2022-11-15 05:00:00 UTC,81.92,82.93,80.01,80.46,48742400,81.37864
TSM,2022-11-16 05:00:00 UTC,80.56,80.57,78.9,79.45,24006636,79.669374
TSM,2022-11-17 05:00:00 UTC,79.3,82.94,78.69,81.48,24278444,81.463951
TSM,2022-11-18 05:00:00 UTC,82.78,82.84,81,82.27,18565003,81.973322
TSM,2022-11-21 05:00:00 UTC,80.81,81.03,79.465,79.93,18659710,80.125523
TSM,2022-11-22 05:00:00 UTC,81.35,83.19,81.23,82.54,16504724,82.366558
TSM,2022-11-23 05:00:00 UTC,82.44,82.945,81.73,81.97,14683777,82.295093
TSM,2022-11-25 05:00:00 UTC,82.14,82.37,81.4,81.4,5908312,81.821905
TSM,2022-11-28 05:00:00 UTC,80.27,81.08,78.89,79.22,13231081,79.716257
TSM,2022-11-29 05:00:00 UTC,79.91,80.205,78.96,79.33,11502331,79.507434
TSM,2022-11-30 05:00:00 UTC,80.63,83.43,80.47,82.98,21667259,81.981779
TSM,2022-12-01 05:00:00 UTC,83.04,83.63,81.14,82.68,15975133,82.463571
TSM,2022-12-02 05:00:00 UTC,81.81,82.16,81.15,81.5,10494400,81.617629
TSM,2022-12-05 05:00:00 UTC,81.94,82.1758,80.95,81.62,11523339,81.54637
TSM,2022-12-06 05:00:00 UTC,81.4,81.44,79.16,79.56,13992139,79.919003
TSM,2022-12-07 05:00:00 UTC,79,79.71,78.59,79.24,14925265,79.109682
TSM,2022-12-08 05:00:00 UTC,79.45,80.97,79.1,80.8,11197474,80.402413
TSM,2022-12-09 05:00:00 UTC,80.85,82.19,80.69,80.69,13781984,81.413381
TSM,2022-12-12 05:00:00 UTC,79.79,80.43,78.8,80.43,11516597,79.722698
TSM,2022-12-13 05:00:00 UTC,82.09,82.09,79.625,80.51,16938026,80.893163
TSM,2022-12-14 05:00:00 UTC,80.82,81.51,79.5201,80.02,17909974,80.56793
TSM,2022-12-15 05:00:00 UTC,79.21,79.21,77.39,77.61,17080157,77.821275
TSM,2022-12-16 05:00:00 UTC,77.61,78.06,76.23,76.3,11924133,76.780239
TSM,2022-12-19 05:00:00 UTC,76.92,77.12,75.76,76.1,12561296,76.241017
TSM,2022-12-20 05:00:00 UTC,75.11,76.2,74.9,75.62,12080590,75.705064
TSM,2022-12-21 05:00:00 UTC,75.86,77.42,75.77,77.14,10806100,76.930472
TSM,2022-12-22 05:00:00 UTC,76.28,76.43,74.015,75.28,13019652,74.979926
TSM,2022-12-23 05:00:00 UTC,74.89,75.3534,74.17,74.89,7449304,74.748195
TSM,2022-12-27 05:00:00 UTC,74.33,74.74,74.16,74.32,8974797,74.398956
TSM,2022-12-28 05:00:00 UTC,74.19,74.545,72.84,73.06,10275692,73.448722
TSM,2022-12-29 05:00:00 UTC,74.35,76.0399,74.15,76,11142511,75.650552
TSM,2022-12-30 05:00:00 UTC,74.29,74.57,73.65,74.49,7779418,74.150058
TSM,2023-01-03 05:00:00 UTC,75.85,75.97,73.77,74.03,9276191,74.492657
TSM,2023-01-04 05:00:00 UTC,74.99,76.61,74.47,76.32,12316386,75.827366
TSM,2023-01-05 05:00:00 UTC,76,76.44,75.34,75.73,10039194,75.944595
TSM,2023-01-06 05:00:00 UTC,76.5,78.739,76.15,78.07,13734103,77.654582
TSM,2023-01-09 05:00:00 UTC,80.56,81.215,80.055,80.31,22247607,80.777657
TSM,2023-01-10 05:00:00 UTC,80.51,81.58,80.46,81.27,10269011,81.042396
TSM,2023-01-11 05:00:00 UTC,81.57,81.89,80.625,81.78,11771417,81.271537
TSM,2023-01-12 05:00:00 UTC,84.96,88.8335,84.42,87,36086750,86.86317
TSM,2023-01-13 05:00:00 UTC,85.41,87.1,84.9,86.8,16719128,86.233974
TSM,2023-01-17 05:00:00 UTC,86.22,89.73,86.16,88.99,21849956,88.729579
TSM,2023-01-18 05:00:00 UTC,90.48,91.22,89.36,89.47,19209828,90.169927
TSM,2023-01-19 05:00:00 UTC,89.03,90.01,88.26,88.4,13651099,89.018269
TSM,2023-01-20 05:00:00 UTC,90,91.03,89.2,91.03,14280305,90.464422
TSM,2023-01-23 05:00:00 UTC,91.76,95.73,91.72,95.66,22875100,94.655819
TSM,2023-01-24 05:00:00 UTC,98,106.43,91.55,94.56,11370465,94.340227
TSM,2023-01-25 05:00:00 UTC,92.68,93,91.12,92.41,14148816,92.241101
TSM,2023-01-26 05:00:00 UTC,93.89,94.28,92.64,93.45,15759412,93.301226
TSM,2023-01-27 05:00:00 UTC,92.82,94.1202,92.24,93.3,13641483,93.328948
TSM,2023-01-30 05:00:00 UTC,92.85,94.25,92.58,93.13,14079798,93.482255
TSM,2023-01-31 05:00:00 UTC,91,92.76,90,92.73,13342098,91.631705
TSM,2023-02-01 05:00:00 UTC,93,95.77,92.57,94.74,16788486,94.19273
TSM,2023-02-02 05:00:00 UTC,96.6,97.5,95.84,96.65,14925277,96.759342
TSM,2023-02-03 05:00:00 UTC,95.04,96.95,94.31,94.66,12232046,95.35775
TSM,2023-02-06 05:00:00 UTC,91.8,92.05,90.735,91.83,12425241,91.633133
TSM,2023-02-07 05:00:00 UTC,91.78,94.7,91.68,94.55,15258858,93.530353
TSM,2023-02-08 05:00:00 UTC,95.02,95.94,94.23,94.28,12899724,95.01217
TSM,2023-02-09 05:00:00 UTC,96,98.565,95.62,96.69,16997355,97.14308
TSM,2023-02-10 05:00:00 UTC,95.95,96.5,94.25,95.37,11506021,95.359264
TSM,2023-02-13 05:00:00 UTC,95.47,96.39,94.91,96.11,7803456,95.765351
TSM,2023-02-14 05:00:00 UTC,95.82,98.99,95.22,97.96,15345050,97.642667
TSM,2023-02-15 05:00:00 UTC,92.33,93.6799,90.77,92.76,30752567,92.233467
TSM,2023-02-16 05:00:00 UTC,90.98,91.79,89.88,90.82,15568426,91.043589
TSM,2023-02-17 05:00:00 UTC,89.97,90.3,88.94,90.1,11230390,89.811686
TSM,2023-02-21 05:00:00 UTC,88.38,89.42,87.475,87.64,14007605,88.109622
TSM,2023-02-22 05:00:00 UTC,87.75,88.09,86.66,86.83,10106384,87.189983
TSM,2023-02-23 05:00:00 UTC,90.3,91.99,89.46,90.08,15468324,90.45907
TSM,2023-02-24 05:00:00 UTC,88.09,88.145,87.24,88.11,8811652,87.770481
TSM,2023-02-27 05:00:00 UTC,88.7,88.85,87.235,87.3,10609435,87.713565
TSM,2023-02-28 05:00:00 UTC,87.14,88.145,86.9,87.07,7520449,87.559742
TSM,2023-03-01 05:00:00 UTC,89.04,90.04,88.265,88.42,8176644,88.883344
TSM,2023-03-02 05:00:00 UTC,87.64,89.34,87.12,89.03,9776757,88.369097
TSM,2023-03-03 05:00:00 UTC,88.67,89.85,87.88,89.79,10832924,89.111224
TSM,2023-03-06 05:00:00 UTC,90.075,91.33,89.505,89.58,9959998,90.351493
TSM,2023-03-07 05:00:00 UTC,89.95,90.24,88.3,88.85,8761066,89.000888
TSM,2023-03-08 05:00:00 UTC,88.345,90.84,88.14,90.83,8813034,90.198523
TSM,2023-03-09 05:00:00 UTC,89.705,90.69,88.5732,88.88,10354665,89.525387
TSM,2023-03-10 05:00:00 UTC,88.03,89.17,87.2,87.25,11926008,87.862309
TSM,2023-03-13 04:00:00 UTC,86.38,89,86.31,87.74,10863366,87.970207
TSM,2023-03-14 04:00:00 UTC,88.03,89.625,87.71,89.29,11100110,88.856435
TSM,2023-03-15 04:00:00 UTC,87.2,87.24,85.44,86.7,12171462,86.21005
TSM,2023-03-16 04:00:00 UTC,85.95,89.47,85.82,89.3,13188257,88.157306
TSM,2023-03-17 04:00:00 UTC,89.06,90.03,89,89.47,13283373,89.529813
TSM,2023-03-20 04:00:00 UTC,89.21,90.37,88.6605,90.04,8217489,89.642428
TSM,2023-03-21 04:00:00 UTC,91,93,90.8,92.5,12299684,92.046087
TSM,2023-03-22 04:00:00 UTC,93.5,95.03,92.54,92.62,12812373,94.001579
TSM,2023-03-23 04:00:00 UTC,94.49,95.82,93.43,94.59,11169698,94.74195
TSM,2023-03-24 04:00:00 UTC,93.95,94.18,92.09,92.79,7653686,92.850687
TSM,2023-03-27 04:00:00 UTC,92.04,92.18,90.55,90.66,9349773,91.123663
TSM,2023-03-28 04:00:00 UTC,90.66,90.87,89.9229,90.81,7521266,90.490713
TSM,2023-03-29 04:00:00 UTC,91.76,93.215,91.45,92.76,9264041,92.675815
TSM,2023-03-30 04:00:00 UTC,93.35,93.52,92.03,92.47,10232790,92.72385
TSM,2023-03-31 04:00:00 UTC,91.24,93.26,91.13,93.02,8699661,92.682632
TSM,2023-04-03 04:00:00 UTC,93.01,93.5999,91.71,92.84,6863562,92.677201
TSM,2023-04-04 04:00:00 UTC,93.04,93.28,91.72,92.17,6338442,92.447546
TSM,2023-04-05 04:00:00 UTC,91.6,92.18,89.045,90.2,9171762,90.124743
TSM,2023-04-06 04:00:00 UTC,89.66,90.91,89.4,90.24,5874515,90.338965
TSM,2023-04-10 04:00:00 UTC,88.415,89.03,86.47,89.02,12232876,87.94031
TSM,2023-04-11 04:00:00 UTC,88.64,89.84,88.465,89.24,11079168,89.204234
TSM,2023-04-12 04:00:00 UTC,88.91,89.5,86.86,86.87,11299106,87.830323
TSM,2023-04-13 04:00:00 UTC,86.56,87.625,85.97,87.05,7910506,86.997363
TSM,2023-04-14 04:00:00 UTC,87.95,88.37,86.54,87.2,7652490,87.333451
TSM,2023-04-17 04:00:00 UTC,87.75,88.05,87.16,87.99,8163493,87.597269
TSM,2023-04-18 04:00:00 UTC,88.2,88.4,87.495,88.14,8468232,87.958744
TSM,2023-04-19 04:00:00 UTC,86.23,87.38,86.04,87.23,11191264,86.885072
TSM,2023-04-20 04:00:00 UTC,88.32,91.8765,88.1,89.29,19206258,90.083956
TSM,2023-04-21 04:00:00 UTC,87.78,87.91,85.28,85.37,13164499,86.072164
TSM,2023-04-24 04:00:00 UTC,85.4,85.96,83.99,84.64,10567552,84.596051
TSM,2023-04-25 04:00:00 UTC,83.27,83.4,82.26,82.29,13423691,82.646584
TSM,2023-04-26 04:00:00 UTC,82.24,82.38,81.21,82.25,11583451,81.9098
TSM,2023-04-27 04:00:00 UTC,82.9,83.86,82.16,83.67,10013657,83.116101
TSM,2023-04-28 04:00:00 UTC,84.48,84.51,83.7213,84.3,8260706,84.146748
TSM,2023-05-01 04:00:00 UTC,84.3,84.69,83.9,83.98,4931139,84.197286
TSM,2023-05-02 04:00:00 UTC,83.5,84.05,82.55,82.96,6874978,83.140962
TSM,2023-05-03 04:00:00 UTC,82.62,83.76,82.4414,82.7,7151630,82.909482
TSM,2023-05-04 04:00:00 UTC,83,83.76,82.64,83.49,7290557,83.177522
TSM,2023-05-05 04:00:00 UTC,84.3,85.57,83.745,84.97,6863763,84.688273
TSM,2023-05-08 04:00:00 UTC,84.5,85.54,84.41,85.54,6746640,85.105693
TSM,2023-05-09 04:00:00 UTC,85.25,85.48,84.3,85.06,7287804,84.752706
TSM,2023-05-10 04:00:00 UTC,84.51,85.145,84.17,84.9,7442294,84.74719
TSM,2023-05-11 04:00:00 UTC,84.14,84.14,82.525,83.43,8730884,83.163848
TSM,2023-05-12 04:00:00 UTC,83.38,83.93,82.945,83.43,5068229,83.381718
TSM,2023-05-15 04:00:00 UTC,83.33,85.67,83.225,85.66,8707286,84.896084
TSM,2023-05-16 04:00:00 UTC,85.69,86.75,85.59,85.88,11286533,86.275432
TSM,2023-05-17 04:00:00 UTC,88.3,91.8,88.06,90.88,23215574,90.321665
TSM,2023-05-18 04:00:00 UTC,91.25,93.4,91.07,92.65,14879044,92.386601
TSM,2023-05-19 04:00:00 UTC,92.13,92.785,91.56,92.58,9292506,92.246148
TSM,2023-05-22 04:00:00 UTC,92.07,92.44,91.195,91.72,9259822,91.717388
TSM,2023-05-23 04:00:00 UTC,91,91.335,90.33,90.44,7656686,90.738699
TSM,2023-05-24 04:00:00 UTC,89.28,90.15,89.18,90.13,9440138,89.768025
TSM,2023-05-25 04:00:00 UTC,97.06,102.37,96.98,100.95,60793166,100.102208
TSM,2023-05-26 04:00:00 UTC,100.85,104.44,100.73,103.21,26119064,103.191213
TSM,2023-05-30 04:00:00 UTC,103.79,105.24,101.525,101.98,25247959,103.153186
TSM,2023-05-31 04:00:00 UTC,99.73,99.98,98.06,98.59,22206683,98.797234
TSM,2023-06-01 04:00:00 UTC,98.68,100.59,98.6,98.84,14998516,99.460809
TSM,2023-06-02 04:00:00 UTC,101.25,101.3,98.62,98.94,13085123,99.418125
TSM,2023-06-05 04:00:00 UTC,98.01,98.81,94.2475,98.05,11873801,98.079725
TSM,2023-06-06 04:00:00 UTC,97.61,100.6,97.42,99.82,13827604,99.459636
TSM,2023-06-07 04:00:00 UTC,101.38,103.02,99.54,100.29,14367516,100.990139
TSM,2023-06-08 04:00:00 UTC,98.99,100.7,98.625,99.94,9081051,99.751007
TSM,2023-06-09 04:00:00 UTC,102.7,104.68,102.25,102.8,14906101,103.309154
TSM,2023-06-12 04:00:00 UTC,104.34,107.39,104.31,107.06,20578756,106.56237
TSM,2023-06-13 04:00:00 UTC,110,110.69,106.74,106.8,17858503,107.978347
TSM,2023-06-14 04:00:00 UTC,106.03,107.7,105.22,107.41,12862631,106.658378
TSM,2023-06-15 04:00:00 UTC,106.27,106.66,105.07,105.18,11987941,105.724854
TSM,2023-06-16 04:00:00 UTC,105.43,105.7451,104.35,104.57,11430777,104.801706
TSM,2023-06-20 04:00:00 UTC,104.18,104.88,103.07,103.98,9302357,103.955768
TSM,2023-06-21 04:00:00 UTC,103.15,103.73,101.6175,101.64,9340285,102.317557
TSM,2023-06-22 04:00:00 UTC,101.42,103.425,101.33,103.13,8581953,102.918922
TSM,2023-06-23 04:00:00 UTC,101.52,102.19,101.005,101.91,8927356,101.515528
TSM,2023-06-26 04:00:00 UTC,102.02,103.035,100.09,100.11,8560048,101.262042
TSM,2023-06-27 04:00:00 UTC,101.15,102.79,100.02,102.08,9732035,101.519469
TSM,2023-06-28 04:00:00 UTC,100.5,101.88,100.2196,100.92,8160887,100.955566
TSM,2023-06-29 04:00:00 UTC,101.34,101.52,100.02,100.64,7383944,100.699686
TSM,2023-06-30 04:00:00 UTC,101.4,101.89,100.405,100.92,11532613,101.171251
TSM,2023-07-03 04:00:00 UTC,102.25,103.6808,102.07,103.15,5614823,102.841057
TSM,2023-07-05 04:00:00 UTC,101.4,103.09,100.96,100.99,9014766,101.755337
TSM,2023-07-06 04:00:00 UTC,99.1,99.56,98.6,99.41,9143572,99.181701
TSM,2023-07-07 04:00:00 UTC,99.08,101.94,99,100.23,8036624,100.659313
TSM,2023-07-10 04:00:00 UTC,100.25,100.75,99.4,99.77,8041650,99.921163
TSM,2023-07-11 04:00:00 UTC,102.33,102.33,100.14,101.26,7684553,100.92539
TSM,2023-07-12 04:00:00 UTC,102.83,104.425,102.76,103.9,10202028,103.818989
TSM,2023-07-13 04:00:00 UTC,105,105.645,102.52,105.57,9265865,104.838662
TSM,2023-07-14 04:00:00 UTC,106,107.295,104.86,105.14,9518336,106.077596
TSM,2023-07-17 04:00:00 UTC,104.68,105.025,102.59,104.79,10714627,103.970437
TSM,2023-07-18 04:00:00 UTC,103.69,103.73,102.01,103.15,10355352,102.932073
TSM,2023-07-19 04:00:00 UTC,103.9,104.79,102.57,103.06,11204829,103.414322
TSM,2023-07-20 04:00:00 UTC,98.55,100.45,97.05,97.86,22810239,98.367394
TSM,2023-07-21 04:00:00 UTC,97.88,97.99,96.332,97.25,15381227,97.202007
TSM,2023-07-24 04:00:00 UTC,97.27,98.265,96.78,98.25,9054914,97.768924
TSM,2023-07-25 04:00:00 UTC,99.515,100.89,99.11,100.32,9202223,100.403469
TSM,2023-07-26 04:00:00 UTC,99.49,100.13,98.57,99.41,8993547,99.276421
TSM,2023-07-27 04:00:00 UTC,101.5,101.76,98.905,99.35,8049784,100.375672
TSM,2023-07-28 04:00:00 UTC,100.11,100.99,99.78,100.86,6766300,100.604011
TSM,2023-07-31 04:00:00 UTC,99.18,99.78,98.42,99.15,8654147,98.977166
TSM,2023-08-01 04:00:00 UTC,99.14,99.19,98.085,98.4,6439692,98.502222
TSM,2023-08-02 04:00:00 UTC,97.5,97.5,95.21,95.7,9827893,95.924463
TSM,2023-08-03 04:00:00 UTC,94.84,95.805,94.575,94.98,8603707,95.008691
TSM,2023-08-04 04:00:00 UTC,95.28,97.58,95.13,96.16,7562651,96.358904
TSM,2023-08-07 04:00:00 UTC,96.73,96.94,95.225,96.35,6601405,95.919915
TSM,2023-08-08 04:00:00 UTC,94.88,94.9,93.67,94.49,7659014,94.188394
TSM,2023-08-09 04:00:00 UTC,95.83,95.85,93.71,93.98,6426862,94.290741
TSM,2023-08-10 04:00:00 UTC,95.45,95.97,94.28,94.8,7459586,95.012786
TSM,2023-08-11 04:00:00 UTC,93.5,93.5,91.97,91.99,10658400,92.424497
TSM,2023-08-14 04:00:00 UTC,91.69,93.29,91.3,93.07,7489677,92.762774
TSM,2023-08-15 04:00:00 UTC,92.52,92.71,91.49,91.68,6069502,91.79925
TSM,2023-08-16 04:00:00 UTC,91.44,92.715,91.32,91.78,7439504,92.037156
TSM,2023-08-17 04:00:00 UTC,92.92,92.92,91.35,91.64,7712488,91.983589
TSM,2023-08-18 04:00:00 UTC,90.07,91.33,89.56,91.1,9066169,90.526971
TSM,2023-08-21 04:00:00 UTC,90.5,92.905,90.5,92.56,8618305,91.932679
TSM,2023-08-22 04:00:00 UTC,93.35,93.49,91.805,92.24,7060065,92.44021
TSM,2023-08-23 04:00:00 UTC,93.79,95.095,93.24,94.22,10362583,94.34907
TSM,2023-08-24 04:00:00 UTC,96.53,96.78,92.47,92.53,12254421,93.472908
TSM,2023-08-25 04:00:00 UTC,92.25,93.41,91.405,93.1,10355954,92.565466
TSM,2023-08-28 04:00:00 UTC,93.82,94.15,93.2484,94,5174781,93.752629
TSM,2023-08-29 04:00:00 UTC,93.77,95.62,93.51,95.08,8910321,94.989643
TSM,2023-08-30 04:00:00 UTC,95.45,95.92,94.63,94.78,6073416,95.109155
TSM,2023-08-31 04:00:00 UTC,93.34,94.4,93.27,93.57,9883771,93.751244
TSM,2023-09-01 04:00:00 UTC,94.3,94.58,93.09,93.19,7094630,93.464464
TSM,2023-09-05 04:00:00 UTC,93.4,95.05,92.87,94.6,6396490,94.324598
TSM,2023-09-06 04:00:00 UTC,93.85,93.96,91.591,92.26,7933714,92.482649
TSM,2023-09-07 04:00:00 UTC,90.07,90.29,88.43,90.05,14684448,89.469017
TSM,2023-09-08 04:00:00 UTC,90.75,91.07,89.3165,89.64,5822267,89.891533
TSM,2023-09-11 04:00:00 UTC,90.1,90.3949,89.16,89.6,7268574,89.649415
TSM,2023-09-12 04:00:00 UTC,90.46,91.57,90.42,90.48,8242644,90.910757
TSM,2023-09-13 04:00:00 UTC,90.6,91.885,90.48,91.22,5757809,91.291901
TSM,2023-09-14 04:00:00 UTC,92.78,92.93,91.265,91.47,6506312,91.717873
TSM,2023-09-15 04:00:00 UTC,90.51,91.14,88.86,89.25,19940492,89.451592
TSM,2023-09-18 04:00:00 UTC,88.54,89.665,88.43,88.83,6647390,88.976362
TSM,2023-09-19 04:00:00 UTC,88.45,88.84,87.79,88.17,7175406,88.174849
TSM,2023-09-20 04:00:00 UTC,88.52,89.315,87.29,87.29,6939699,88.104921
TSM,2023-09-21 04:00:00 UTC,86.04,86.14,85.35,85.36,10660424,85.668911
TSM,2023-09-22 04:00:00 UTC,86.25,86.7741,85.45,85.64,7970528,86.00028
TSM,2023-09-25 04:00:00 UTC,85.39,86.24,85.02,86.24,8758024,85.820098
TSM,2023-09-26 04:00:00 UTC,84.95,85.23,84.015,84.29,8877635,84.497995
TSM,2023-09-27 04:00:00 UTC,85.17,85.555,84.1,85.44,7861746,85.022925
TSM,2023-09-28 04:00:00 UTC,85.25,87.13,84.975,86.41,6647725,86.359647
TSM,2023-09-29 04:00:00 UTC,87.75,88.03,86.695,86.9,7338290,87.075372
TSM,2023-10-02 04:00:00 UTC,87.18,88.42,87.02,87.65,6305023,87.665179
TSM,2023-10-03 04:00:00 UTC,87,87.32,85.06,85.41,8201670,85.900935
TSM,2023-10-04 04:00:00 UTC,85.47,86.76,85.38,86.67,7658503,86.236118
TSM,2023-10-05 04:00:00 UTC,86.83,87.9374,86.53,87.03,6651681,87.162852
TSM,2023-10-06 04:00:00 UTC,88.09,90.02,87.38,89.29,9777120,89.152819
TSM,2023-10-09 04:00:00 UTC,88.8,89.34,88.04,88.99,4781317,88.807781
TSM,2023-10-10 04:00:00 UTC,89.27,90.66,89.14,90.61,7182945,90.267222
TSM,2023-10-11 04:00:00 UTC,91.26,92.01,90.63,92,8051729,91.49081
TSM,2023-10-12 04:00:00 UTC,92.51,93.44,91.84,92.42,8897786,92.691622
TSM,2023-10-13 04:00:00 UTC,92.75,92.94,90.2,90.46,7986465,91.012827
TSM,2023-10-16 04:00:00 UTC,90.48,91.9,90.43,91.22,8791815,91.282255
TSM,2023-10-17 04:00:00 UTC,89.81,91.7,88.52,91,7997068,90.384394
TSM,2023-10-18 04:00:00 UTC,88.88,90.01,88.58,89.6,9982674,89.455987
TSM,2023-10-19 04:00:00 UTC,93.09,94.76,92.36,92.91,22751597,93.382067
TSM,2023-10-20 04:00:00 UTC,92,94.32,91.09,91.31,12197291,92.022962
TSM,2023-10-23 04:00:00 UTC,89.98,92.26,89.1641,91.11,8285768,91.113692
TSM,2023-10-24 04:00:00 UTC,91.2,92,90.86,91.64,7374764,91.564147
TSM,2023-10-25 04:00:00 UTC,90.8,90.85,86.68,87.64,13027072,88.284347
TSM,2023-10-26 04:00:00 UTC,87.12,88.14,86.54,87.45,9371544,87.344997
TSM,2023-10-27 04:00:00 UTC,87.54,87.78,85.89,85.99,12480731,86.366859
TSM,2023-10-30 04:00:00 UTC,87.31,88.3,86,86.06,9785513,86.626995
TSM,2023-10-31 04:00:00 UTC,86.15,86.43,84.95,86.31,9004923,85.897848
TSM,2023-11-01 04:00:00 UTC,86.47,87.87,86.34,87.8,9508806,87.283434
TSM,2023-11-02 04:00:00 UTC,90.4,91.05,89.465,90.48,11032585,90.368556
TSM,2023-11-03 04:00:00 UTC,91.65,92.45,90.84,91.79,9226708,91.881467
TSM,2023-11-06 05:00:00 UTC,92,92.61,91.29,92.6,8402710,92.091368
TSM,2023-11-07 05:00:00 UTC,92.25,93.05,91.75,92.41,6241259,92.436852
TSM,2023-11-08 05:00:00 UTC,93.33,93.44,91.93,92,6537668,92.342801
TSM,2023-11-09 05:00:00 UTC,92.63,93.37,91.6,91.62,8166023,92.399236
TSM,2023-11-10 05:00:00 UTC,94.04,97.75,93.61,97.44,19292871,96.482812
TSM,2023-11-13 05:00:00 UTC,97.01,97.18,95.72,96.42,9526288,96.515135
TSM,2023-11-14 05:00:00 UTC,98,99.69,97.95,98.91,13873638,98.960195
TSM,2023-11-15 05:00:00 UTC,99.95,100.6999,98.42,98.8,10422889,99.108656
TSM,2023-11-16 05:00:00 UTC,98.24,99.0997,97.91,98.54,8462197,98.553938
TSM,2023-11-17 05:00:00 UTC,98.94,99.72,98.3215,99.58,7247712,99.162082
TSM,2023-11-20 05:00:00 UTC,99.9,100.5887,99.54,99.96,6452895,99.9865
TSM,2023-11-21 05:00:00 UTC,100,100.15,98.235,98.41,10112624,98.715895
TSM,2023-11-22 05:00:00 UTC,98.72,99.65,97.95,98.65,7416468,98.707252
TSM,2023-11-24 05:00:00 UTC,98.48,98.725,97.47,97.83,4297623,97.939462
TSM,2023-11-27 05:00:00 UTC,97.42,97.55,96.42,97.21,6856098,97.000258
TSM,2023-11-28 05:00:00 UTC,97.87,98.25,97.235,97.98,6358145,97.727639
TSM,2023-11-29 05:00:00 UTC,99,99.73,98.6,98.88,7091124,99.059215
TSM,2023-11-30 05:00:00 UTC,98.925,98.98,96.9,97.31,9681365,97.481952
TSM,2023-12-01 05:00:00 UTC,97.7,98.78,97.02,98.55,7500390,98.081431
TSM,2023-12-04 05:00:00 UTC,97.05,97.2,95.2501,97.01,10619352,96.481197
TSM,2023-12-05 05:00:00 UTC,96.46,97.015,95.88,96.69,8009587,96.567361
TSM,2023-12-06 05:00:00 UTC,97.8,98.57,97.445,97.85,11262266,97.872195
TSM,2023-12-07 05:00:00 UTC,97.96,99.64,97.89,99.29,11373668,99.039371
TSM,2023-12-08 05:00:00 UTC,99.12,100.37,98.945,100.35,10572458,99.809733
TSM,2023-12-11 05:00:00 UTC,99.57,101.21,99.37,100.95,9482773,100.654495
TSM,2023-12-12 05:00:00 UTC,100.15,101.65,99.95,101.6,7378574,101.014805
TSM,2023-12-13 05:00:00 UTC,101.4,102.68,100.905,102.12,8988814,101.826429
TSM,2023-12-14 05:00:00 UTC,103.35,103.81,102.8,103.45,10074499,103.385912
TSM,2023-12-15 05:00:00 UTC,103.5,104.755,102.39,102.54,16379236,103.031073
TSM,2023-12-18 05:00:00 UTC,102.84,103.31,102.08,102.93,5660567,102.804031
TSM,2023-12-19 05:00:00 UTC,103.24,103.975,103.09,103.87,8498473,103.67527
TSM,2023-12-20 05:00:00 UTC,102.7,103.085,99.935,100.04,10814257,101.257817
TSM,2023-12-21 05:00:00 UTC,101.3,102.715,101.16,102.55,9068244,102.218225
TSM,2023-12-22 05:00:00 UTC,102.93,103.59,102.705,103.15,5566576,103.231278
TSM,2023-12-26 05:00:00 UTC,103.61,104.9575,103.57,104.45,6407484,104.534346
TSM,2023-12-27 05:00:00 UTC,105.05,105.37,104.075,104.65,5889724,104.589725
TSM,2023-12-28 05:00:00 UTC,105,105.52,104.7,104.7,5335145,105.008221
TSM,2023-12-29 05:00:00 UTC,104.72,104.97,103.67,104,4409641,104.242596
TSM,2024-01-02 05:00:00 UTC,102.25,102.62,100.59,101.53,9020864,101.526337
TSM,2024-01-03 05:00:00 UTC,100.34,101.25,99.661,100.17,6650601,100.210558
TSM,2024-01-04 05:00:00 UTC,99.53,100.44,99.12,99.13,7996713,99.639689
TSM,2024-01-05 05:00:00 UTC,99,100.64,98.8,99.61,7347316,99.694375
TSM,2024-01-08 05:00:00 UTC,100.63,102.79,100.5,102.24,12455556,102.171516
TSM,2024-01-09 05:00:00 UTC,101.05,101.965,100.21,101.89,7763961,101.245694
TSM,2024-01-10 05:00:00 UTC,102.52,102.7773,99.98,100.8,6975726,100.867653
TSM,2024-01-11 05:00:00 UTC,101.7,102.16,99.99,101.22,7862691,101.024609
TSM,2024-01-12 05:00:00 UTC,100.89,102.375,100.87,101.24,6519711,101.453395
TSM,2024-01-16 05:00:00 UTC,100.53,102.35,100.2,101.67,11185515,101.507952
TSM,2024-01-17 05:00:00 UTC,100.87,103.325,100,102.95,17649519,101.707467
TSM,2024-01-18 05:00:00 UTC,111.2,113.39,109.48,113.03,58783719,111.240864
TSM,2024-01-19 05:00:00 UTC,113.22,115.15,111.02,114.2,37812587,113.811232
TSM,2024-01-22 05:00:00 UTC,114.78,115.1,112.52,113.03,17755537,113.389465
TSM,2024-01-23 05:00:00 UTC,113.52,114.6199,113.16,114.13,11667877,114.034907
TSM,2024-01-24 05:00:00 UTC,115.33,118.8455,114.61,116.52,21859177,117.223601
TSM,2024-01-25 05:00:00 UTC,118.02,118.84,116.48,116.56,15485264,117.350952
TSM,2024-01-26 05:00:00 UTC,116.9,118.04,116.302,117.26,10196442,117.168567
TSM,2024-01-29 05:00:00 UTC,117.17,117.8701,115.755,116.98,10042237,116.531199
TSM,2024-01-30 05:00:00 UTC,116.36,118.01,115.5609,116.06,11030838,116.455127
TSM,2024-01-31 05:00:00 UTC,113.5,114.74,112.875,112.96,12853858,113.456388
TSM,2024-02-01 05:00:00 UTC,113.8,114.0325,112.605,113.39,8807585,113.497669
TSM,2024-02-02 05:00:00 UTC,114.86,115.96,113.9201,115.75,10043957,115.320452
TSM,2024-02-05 05:00:00 UTC,117.13,119.54,116.58,118.79,13267629,118.278632
TSM,2024-02-06 05:00:00 UTC,120.12,120.99,118.2768,119.38,11511859,119.100053
TSM,2024-02-07 05:00:00 UTC,120.01,124.995,120,124.98,18172529,123.384621
TSM,2024-02-08 05:00:00 UTC,127,134.75,126.11,133.73,33367010,131.338947
TSM,2024-02-09 05:00:00 UTC,134.5,135.17,130.59,133.11,16984174,132.731885
TSM,2024-02-12 05:00:00 UTC,133.27,133.51,130.26,130.46,14203766,131.968007
TSM,2024-02-13 05:00:00 UTC,127.93,129.92,126.475,127.55,14499776,127.829789
TSM,2024-02-14 05:00:00 UTC,129.63,130.79,127.96,129.27,13069689,129.328906
TSM,2024-02-15 05:00:00 UTC,130.8,131.13,128.35,129.03,12553979,129.481204
TSM,2024-02-16 05:00:00 UTC,127.13,128.64,125.81,126.69,13104415,127.278024
TSM,2024-02-20 05:00:00 UTC,126.89,127.06,124.145,125.33,12038783,125.370039
TSM,2024-02-21 05:00:00 UTC,124.43,125.38,122.91,125.34,11578140,124.252461
TSM,2024-02-22 05:00:00 UTC,129.69,131.48,129,129.07,17014124,130.242611
TSM,2024-02-23 05:00:00 UTC,130.5,131.005,127.73,129.53,10123345,129.310118
TSM,2024-02-26 05:00:00 UTC,130.02,131.23,128.56,130.64,9526723,130.287893
TSM,2024-02-27 05:00:00 UTC,130.77,131.97,128.59,128.59,8852847,129.835342
TSM,2024-02-28 05:00:00 UTC,128.5,128.58,126.65,127.38,6519095,127.532932
TSM,2024-02-29 05:00:00 UTC,128.03,129.1899,127.15,128.67,9369902,128.262308
TSM,2024-03-01 05:00:00 UTC,130.13,136.65,130.1,133.9,24393047,134.508086
TSM,2024-03-04 05:00:00 UTC,139.94,141.99,137.68,138.26,26544607,139.409755
TSM,2024-03-05 05:00:00 UTC,137.12,137.43,133.73,134.97,13694693,135.038155
TSM,2024-03-06 05:00:00 UTC,138.8,144,138.6115,141.57,22292689,141.620409
TSM,2024-03-07 05:00:00 UTC,144.9,151.6,144.15,149.2,34675734,148.705541
TSM,2024-03-08 05:00:00 UTC,153.9,158.4,144.925,146.37,43856881,151.993577
TSM,2024-03-11 04:00:00 UTC,143.62,144.4,138.93,139.02,29227113,140.538203
TSM,2024-03-12 04:00:00 UTC,144.52,146.7,140.57,144.4,21218495,144.122628
TSM,2024-03-13 04:00:00 UTC,143.05,143.23,141.37,142.14,12923058,142.235135
TSM,2024-03-14 04:00:00 UTC,142.61,143.1,139.02,139.62,14961903,140.323017
TSM,2024-03-15 04:00:00 UTC,135.44,137.7,134.63,136.98,22776713,136.638181
TSM,2024-03-18 04:00:00 UTC,140.18,141.54,136.61,136.64,14732899,138.434815
TSM,2024-03-19 04:00:00 UTC,135.3,136.2731,133.03,134.87,17341128,134.567449
TSM,2024-03-20 04:00:00 UTC,136.53,137.31,135.01,136.75,13289130,136.26287
TSM,2024-03-21 04:00:00 UTC,142.55,142.6,139.04,139.45,17809393,140.503957
TSM,2024-03-22 04:00:00 UTC,139.4,141.34,139.11,140.54,9944135,140.636116
TSM,2024-03-25 04:00:00 UTC,140.16,141.68,139.26,140.23,9922244,140.614164
TSM,2024-03-26 04:00:00 UTC,140.61,140.96,138.64,138.84,10806446,139.443742
TSM,2024-03-27 04:00:00 UTC,138.86,139.28,135.15,136.69,13842815,136.42904
TSM,2024-03-28 04:00:00 UTC,135.68,136.8,135.44,136.05,10019364,136.145031
TSM,2024-04-01 04:00:00 UTC,137.29,142.96,137.05,141.49,14222662,141.199125
TSM,2024-04-02 04:00:00 UTC,140.38,141.04,139.35,140.22,9869172,140.24991
TSM,2024-04-03 04:00:00 UTC,138.58,142.93,138.39,142,9707518,141.41982
TSM,2024-04-04 04:00:00 UTC,144,146.75,139.43,139.66,15759510,143.005095
TSM,2024-04-05 04:00:00 UTC,140,142,138.92,141.36,8263641,140.758215
TSM,2024-04-08 04:00:00 UTC,145.24,146,142.76,142.79,16307401,144.011907
TSM,2024-04-09 04:00:00 UTC,146.26,148.1699,142.95,145.4,18487980,145.251491
TSM,2024-04-10 04:00:00 UTC,146.63,148.43,145.26,146.22,18861324,146.825926
TSM,2024-04-11 04:00:00 UTC,147.2,147.56,144.13,147.2,11818761,146.015855
TSM,2024-04-12 04:00:00 UTC,145,146.51,142.15,142.52,11988792,143.200532
TSM,2024-04-15 04:00:00 UTC,145.02,145.48,139.8801,140.14,13458780,142.035718
TSM,2024-04-16 04:00:00 UTC,137.89,140.5399,137.06,139.8,14218222,139.225989
TSM,2024-04-17 04:00:00 UTC,141.13,142.57,137.3601,139.03,18823237,139.556714
TSM,2024-04-18 04:00:00 UTC,132.89,135.13,130.3,132.27,39306149,132.598413
TSM,2024-04-19 04:00:00 UTC,129.37,131.55,126.64,127.7,28284021,128.346988
TSM,2024-04-22 04:00:00 UTC,126.75,130.6606,125.78,129.75,18556792,128.428818
TSM,2024-04-23 04:00:00 UTC,131.36,133.71,130.66,133.43,12573756,132.639699
TSM,2024-04-24 04:00:00 UTC,136.09,136.29,131.54,132.97,15558000,133.533299
TSM,2024-04-25 04:00:00 UTC,130,137.84,128.86,136.58,18034257,134.693218
TSM,2024-04-26 04:00:00 UTC,136.81,138.7399,135.945,138.3,9453393,137.86956
TSM,2024-04-29 04:00:00 UTC,138,138.646,135.91,138.5,10025907,137.550947
TSM,2024-04-30 04:00:00 UTC,137.94,139.7,137.26,137.34,10980630,138.330161
TSM,2024-05-01 04:00:00 UTC,137.42,139.43,133.21,134.94,12573480,135.748879
TSM,2024-05-02 04:00:00 UTC,135.6,136.74,133.22,136.23,9261896,135.496953
TSM,2024-05-03 04:00:00 UTC,138.9,142.11,138.76,141.56,13264336,140.994459
TSM,2024-05-06 04:00:00 UTC,140.47,142.83,139.81,142.83,8601573,141.780005
TSM,2024-05-07 04:00:00 UTC,141.87,142.295,140.51,141.11,8682941,141.478717
TSM,2024-05-08 04:00:00 UTC,141.11,144.26,140.8,143.6,10202348,142.977447
TSM,2024-05-09 04:00:00 UTC,142.94,143.35,141.1301,142.79,8012668,142.311419
TSM,2024-05-10 04:00:00 UTC,147.22,150.495,146.93,149.26,23671378,149.305734
TSM,2024-05-13 04:00:00 UTC,148.02,148.44,146.3,146.41,8278732,147.069485
TSM,2024-05-14 04:00:00 UTC,146.49,152.01,146.25,151.95,12316540,150.179175
TSM,2024-05-15 04:00:00 UTC,153.36,156,152.73,155.58,14027093,154.900772
TSM,2024-05-16 04:00:00 UTC,154.1,155.055,152.21,152.23,13394140,153.518039
TSM,2024-05-17 04:00:00 UTC,154,154,150.84,151.68,7711247,152.2955
TSM,2024-05-20 04:00:00 UTC,151.67,154.24,150.82,153.55,9261190,153.319546
TSM,2024-05-21 04:00:00 UTC,152.3,153.99,151.95,153.67,7919449,153.230251
TSM,2024-05-22 04:00:00 UTC,155.88,157.23,154.5401,156.15,13455201,155.988031
TSM,2024-05-23 04:00:00 UTC,159.18,160.7799,155.865,157.09,20872972,158.165009
TSM,2024-05-24 04:00:00 UTC,157.2,160.66,156.71,160,11908211,159.434762
TSM,2024-05-28 04:00:00 UTC,159.68,160.38,157.6,159.41,13964361,159.205501
TSM,2024-05-29 04:00:00 UTC,156.75,156.88,153.21,154.34,15779980,154.57964
TSM,2024-05-30 04:00:00 UTC,153.59,154.05,151.89,152.96,9710978,153.122218
TSM,2024-05-31 04:00:00 UTC,151.48,152.5,147.81,151.04,13783109,150.203813
TSM,2024-06-03 04:00:00 UTC,155.12,157.15,152.4602,154.95,12924395,154.443356
TSM,2024-06-04 04:00:00 UTC,153.4,153.79,150.99,152.47,10066743,152.128341
TSM,2024-06-05 04:00:00 UTC,158.59,163.73,157.95,162.92,23192572,161.850338
TSM,2024-06-06 04:00:00 UTC,164.52,164.7,160.36,162.07,14819056,162.550792
TSM,2024-06-07 04:00:00 UTC,163.57,166.1199,161.96,164.39,14023335,164.602741
TSM,2024-06-10 04:00:00 UTC,164,169.84,162.4156,168.16,12438405,167.506183
TSM,2024-06-11 04:00:00 UTC,168.18,168.405,163.79,165.71,11508574,165.582631
TSM,2024-06-12 04:00:00 UTC,173.36,176.06,171.535,172.98,20309502,173.902873
TSM,2024-06-13 04:00:00 UTC,172.95,174.07,170.51,172.91,15591789,172.568247
TSM,2024-06-14 04:00:00 UTC,172,173.64,170.36,172.51,9192483,172.256928
TSM,2024-06-17 04:00:00 UTC,177.84,178.67,173.48,177.24,18593708,176.54631
TSM,2024-06-18 04:00:00 UTC,180.02,184.86,178.99,179.69,27155146,181.53777
TSM,2024-06-20 04:00:00 UTC,182.58,183.1746,173.5,175.38,28403222,177.652209
TSM,2024-06-21 04:00:00 UTC,172.71,177.48,172.21,173.96,20271302,174.330633
TSM,2024-06-24 04:00:00 UTC,170.43,171.42,167.121,167.81,19741664,168.682862
TSM,2024-06-25 04:00:00 UTC,169.95,172.64,169.01,172.6,13480972,171.110353
TSM,2024-06-26 04:00:00 UTC,172.12,173.69,170.2,172.07,11901499,172.095329
TSM,2024-06-27 04:00:00 UTC,173.79,175.48,171.15,171.63,10864584,172.876027
TSM,2024-06-28 04:00:00 UTC,172.81,176.8199,172.81,173.81,11200597,174.643671
TSM,2024-07-01 04:00:00 UTC,174.24,175.3,170.45,172.33,10716975,172.412772
TSM,2024-07-02 04:00:00 UTC,171.13,176.71,171.03,175.7,10655486,174.504617
TSM,2024-07-03 04:00:00 UTC,177.99,182.49,177.88,182.49,11808737,180.298129
TSM,2024-07-05 04:00:00 UTC,184.14,185.08,182.3,183.99,11372882,183.820517
TSM,2024-07-08 04:00:00 UTC,190,192.8,185.13,186.63,22582402,188.396921
TSM,2024-07-09 04:00:00 UTC,188.09,188.44,182.5,184.52,19972038,184.745956
TSM,2024-07-10 04:00:00 UTC,188.28,191.42,186.7,191.05,19293520,189.606621
TSM,2024-07-11 04:00:00 UTC,193.09,193.47,183.01,184.5,21584170,186.532723
TSM,2024-07-12 04:00:00 UTC,183.07,190.38,182.75,187.35,19220331,187.481557
TSM,2024-07-15 04:00:00 UTC,188.68,190.06,184.08,185.22,15683114,186.509554
TSM,2024-07-16 04:00:00 UTC,188.27,189.59,185.02,186.04,16663311,186.582582
TSM,2024-07-17 04:00:00 UTC,175.215,176.58,170.51,171.2,45052592,173.318054
TSM,2024-07-18 04:00:00 UTC,175.5,178.69,164.51,171.87,52903620,170.270245
TSM,2024-07-19 04:00:00 UTC,169.17,170.52,165.22,165.77,22585296,166.854346
TSM,2024-07-22 04:00:00 UTC,166.61,170.88,166.18,169.35,21037199,168.514833
TSM,2024-07-23 04:00:00 UTC,169.42,171.54,167.9666,169.82,11690667,169.838366
TSM,2024-07-24 04:00:00 UTC,165.09,165.45,159.59,159.8,19536581,162.039975
TSM,2024-07-25 04:00:00 UTC,158.16,163.4,152.11,160.28,25731750,159.295161
TSM,2024-07-26 04:00:00 UTC,164.3,164.59,159.19,161.94,13089172,161.599716
TSM,2024-07-29 04:00:00 UTC,162.68,163.23,158.63,160.01,12663082,160.855313
TSM,2024-07-30 04:00:00 UTC,160.44,161.1499,152.55,154.54,22017963,155.338725
TSM,2024-07-31 04:00:00 UTC,163.77,166.65,162.07,165.8,19860383,164.27808
TSM,2024-08-01 04:00:00 UTC,163.48,167.665,156.84,158.18,21095641,160.963088
TSM,2024-08-02 04:00:00 UTC,151.25,153.86,146.89,149.86,31095265,150.292965
TSM,2024-08-05 04:00:00 UTC,133.86,150,133.57,147.95,31193148,143.978351
TSM,2024-08-06 04:00:00 UTC,150.44,157.71,147.72,155.39,24528068,154.283564
TSM,2024-08-07 04:00:00 UTC,161.55,162.65,154.52,155.04,22379012,158.789459
TSM,2024-08-08 04:00:00 UTC,159.27,164.75,155.54,164.55,18889635,162.280025
TSM,2024-08-09 04:00:00 UTC,166.32,167.8,163.24,167.12,20519406,166.010565
TSM,2024-08-12 04:00:00 UTC,166,169.53,165.54,167.63,14727277,167.841376
TSM,2024-08-13 04:00:00 UTC,168,172.45,166.34,172.34,15243472,170.230014
TSM,2024-08-14 04:00:00 UTC,171.88,172.51,167.19,169.97,11510307,169.370395
TSM,2024-08-15 04:00:00 UTC,172.43,175.44,170.82,173.96,15393526,173.33371
TSM,2024-08-16 04:00:00 UTC,173.39,175,172.25,174.54,10709972,173.941466
TSM,2024-08-19 04:00:00 UTC,174.76,175.45,171.1,175.45,11510990,173.566603
TSM,2024-08-20 04:00:00 UTC,175.4,175.4,169.85,172.04,13555525,172.089165
TSM,2024-08-21 04:00:00 UTC,170.36,173.08,169.91,171.44,9434811,171.324388
TSM,2024-08-22 04:00:00 UTC,172,173.28,166.06,166.44,13546124,168.570228
TSM,2024-08-23 04:00:00 UTC,169,173.29,167.915,171.28,12189133,170.966646
TSM,2024-08-26 04:00:00 UTC,170.38,171.05,167.82,169.07,9611328,169.341356
TSM,2024-08-27 04:00:00 UTC,166.42,170.58,165.04,170.55,9186041,168.746083
TSM,2024-08-28 04:00:00 UTC,171.32,172.465,166.2,169.2,10581371,169.18915
TSM,2024-08-29 04:00:00 UTC,168.65,175.42,167.51,169.15,13213194,170.900261
TSM,2024-08-30 04:00:00 UTC,170.055,172.23,168.75,171.7,9481403,170.65467
TSM,2024-09-03 04:00:00 UTC,168,168.679,159.8,160.49,18464355,162.380591
TSM,2024-09-04 04:00:00 UTC,159.3,163.88,158.95,160.87,11317391,161.440629
TSM,2024-09-05 04:00:00 UTC,161.54,164.59,161.05,163.7,10260578,163.358072
TSM,2024-09-06 04:00:00 UTC,164.89,165.4053,156.01,156.82,14964411,157.83296
TSM,2024-09-09 04:00:00 UTC,160.76,163.1,160.25,162.78,10339023,161.938833
TSM,2024-09-10 04:00:00 UTC,162.89,162.89,157.6931,162.43,11910831,160.380923
TSM,2024-09-11 04:00:00 UTC,163.8,170.38,161.42,170.23,15059547,167.025695
TSM,2024-09-12 04:00:00 UTC,170.6,172.15,169,171.43,13415497,170.784412
TSM,2024-09-13 04:00:00 UTC,172.24,174.765,171.45,172.5,8787842,173.044408
TSM,2024-09-16 04:00:00 UTC,169.91,170.56,166.77,169.08,12194259,168.408
TSM,2024-09-17 04:00:00 UTC,169.35,170.2402,166.355,167.35,8582819,167.86989
TSM,2024-09-18 04:00:00 UTC,168.46,171.6,167,167.28,9115969,168.589897
TSM,2024-09-19 04:00:00 UTC,174.38,177.78,172.63,176.22,15855048,175.60405
TSM,2024-09-20 04:00:00 UTC,174.87,176.02,173.6501,174.08,18429784,174.513704
TSM,2024-09-23 04:00:00 UTC,174.84,175.4,173.7,174.76,5794249,174.688543
TSM,2024-09-24 04:00:00 UTC,179.5,182.78,177.05,181.97,14576105,180.293714
TSM,2024-09-25 04:00:00 UTC,181.52,183.82,181.21,182.35,8280927,182.576013
TSM,2024-09-26 04:00:00 UTC,188.495,189.33,183.8,186.83,15103400,186.811123
TSM,2024-09-27 04:00:00 UTC,185.84,185.94,177.4,177.97,17908399,179.569526
TSM,2024-09-30 04:00:00 UTC,174.27,176.82,171.93,173.67,13561649,173.883965
TSM,2024-10-01 04:00:00 UTC,175.31,175.99,170.78,172.07,11850168,172.495776
TSM,2024-10-02 04:00:00 UTC,172.96,176.9739,170.7899,175.8,11164365,174.574033
TSM,2024-10-03 04:00:00 UTC,175.8,180.79,175.1218,179.48,12555033,179.115666
TSM,2024-10-04 04:00:00 UTC,179.7,181.23,177.55,181.16,10001896,179.623726
TSM,2024-10-07 04:00:00 UTC,181.6,185,180.93,184.51,12054159,183.657858
TSM,2024-10-08 04:00:00 UTC,184.96,186.54,182.03,186.05,10394172,185.379045
TSM,2024-10-09 04:00:00 UTC,187.8,188,182.26,187.14,11925013,185.303767
TSM,2024-10-10 04:00:00 UTC,185.86,187.08,184.4,185.78,6443822,186.005147
TSM,2024-10-11 04:00:00 UTC,188.17,191.4899,188.01,190.81,12163858,190.182962
TSM,2024-10-14 04:00:00 UTC,190.61,194.25,190.5029,192.21,11714387,192.458436
TSM,2024-10-15 04:00:00 UTC,192.96,193.62,184.25,187.13,21812670,188.139549
TSM,2024-10-16 04:00:00 UTC,189.78,190.01,186.66,187.48,18689223,188.239063
TSM,2024-10-17 04:00:00 UTC,203.35,212.6,201.97,205.84,62274668,208.249576
TSM,2024-10-18 04:00:00 UTC,205.95,205.95,200.76,200.78,21030823,202.478815
TSM,2024-10-21 04:00:00 UTC,200.81,203.44,199.66,201.95,14819950,201.50821
TSM,2024-10-22 04:00:00 UTC,199.07,200.17,197.11,198.48,11165073,198.742176
TSM,2024-10-23 04:00:00 UTC,196.68,203.13,196.23,200.86,16535701,200.032353
TSM,2024-10-24 04:00:00 UTC,198.96,200.5,197.41,197.93,9935780,198.434711
TSM,2024-10-25 04:00:00 UTC,200.25,205.2,200,203.44,13434862,203.592989
TSM,2024-10-28 04:00:00 UTC,199.26,199.74,194.5201,194.68,20135345,196.4025
TSM,2024-10-29 04:00:00 UTC,194.39,198.79,193.6,196.94,13779107,196.666307
TSM,2024-10-30 04:00:00 UTC,194.38,195.45,192.61,194.48,10007766,194.403489
TSM,2024-10-31 04:00:00 UTC,192.86,192.86,187.66,190.54,13062658,189.71489
TSM,2024-11-01 04:00:00 UTC,194.2,198.17,192.55,192.95,12691190,195.421762
TSM,2024-11-04 05:00:00 UTC,193.7,194.36,190.6,191.56,10917292,192.030352
TSM,2024-11-05 05:00:00 UTC,193.58,198.34,193.49,195.76,10339213,196.255889
TSM,2024-11-06 05:00:00 UTC,192.04,194.26,188.5,193.22,19834867,191.447012
TSM,2024-11-07 05:00:00 UTC,196.31,202.01,196.25,201.19,14865161,200.393021
TSM,2024-11-08 05:00:00 UTC,203.89,206.61,200.02,201.2,13112091,202.248075
TSM,2024-11-11 05:00:00 UTC,197.96,198.2,191.49,194.05,16610009,193.847446
TSM,2024-11-12 05:00:00 UTC,193.83,194,189.72,191.77,11818985,191.369856
TSM,2024-11-13 05:00:00 UTC,192.443,192.48,186.5,186.66,13882151,188.078106
TSM,2024-11-14 05:00:00 UTC,188.4,192.66,187.535,188.5,11453908,189.513393
TSM,2024-11-15 05:00:00 UTC,188.18,188.8,184.81,186.01,9834757,186.297612
TSM,2024-11-18 05:00:00 UTC,184.35,188,183.49,187.48,10694009,186.371053
TSM,2024-11-19 05:00:00 UTC,189.13,190.02,188.02,189.67,9390115,189.35981
TSM,2024-11-20 05:00:00 UTC,188.85,188.85,184.06,188.36,10611559,186.554153
TSM,2024-11-21 05:00:00 UTC,189.41,192.3,186.74,191.24,18137330,190.164185
TSM,2024-11-22 05:00:00 UTC,192.95,193,189.43,190.08,8838925,190.653993
TSM,2024-11-25 05:00:00 UTC,188.09,188.25,183.71,185.08,14380026,185.113608
TSM,2024-11-26 05:00:00 UTC,185.4,185.9,182.33,183.84,10186572,183.843587
TSM,2024-11-27 05:00:00 UTC,182,182.45,178.05,181.19,9895248,180.210184
TSM,2024-11-29 05:00:00 UTC,181.51,186.95,181.18,184.66,8045290,185.020261
TSM,2024-12-02 05:00:00 UTC,189.34,195.29,188.94,194.4,16646881,193.345275
TSM,2024-12-03 05:00:00 UTC,193.5,199,192.6,198.89,11217660,196.42733
TSM,2024-12-04 05:00:00 UTC,199.85,202.6,198.27,200.69,12761061,200.785579
TSM,2024-12-05 05:00:00 UTC,201.25,205.63,200.75,204.3,12483722,203.542976
TSM,2024-12-06 05:00:00 UTC,202,203.19,199.93,203.02,9672870,201.633118
TSM,2024-12-09 05:00:00 UTC,200.93,203.125,198.98,199.17,9699663,200.450509
TSM,2024-12-10 05:00:00 UTC,199.1,199.91,190.37,191.94,15307905,193.740939
TSM,2024-12-11 05:00:00 UTC,194.67,196,193.26,194.6,9027611,194.610376
TSM,2024-12-12 05:00:00 UTC,194.63,195.42,191.29,191.46,7944938,192.738959
TSM,2024-12-13 05:00:00 UTC,198.51,202.54,197.27,200.99,19476980,199.857731
TSM,2024-12-16 05:00:00 UTC,203.2,205.5,200.87,202.22,15139257,203.239528
TSM,2024-12-17 05:00:00 UTC,201,202.4,197.47,200.66,11169364,199.779967
TSM,2024-12-18 05:00:00 UTC,203,205.24,193.96,195.56,14721065,200.446419
TSM,2024-12-19 05:00:00 UTC,198.4,198.57,193.95,194.64,10553405,195.313485
TSM,2024-12-20 05:00:00 UTC,192.6,198.08,191.98,197.21,16170143,196.154528
TSM,2024-12-23 05:00:00 UTC,201,208.0499,200.905,207.36,17847038,205.801399
TSM,2024-12-24 05:00:00 UTC,205.92,207.2,204.55,206.33,7634490,205.821152
TSM,2024-12-26 05:00:00 UTC,205.5,208.16,202.89,203.06,8053235,204.558886
TSM,2024-12-27 05:00:00 UTC,204.5,204.5,199.05,201.63,10664418,201.085981
TSM,2024-12-30 05:00:00 UTC,199.84,201.967,198.48,200.39,11235213,200.168763
TSM,2024-12-31 05:00:00 UTC,200.79,201.78,197.36,197.49,6427867,198.692793
TSM,2025-01-02 05:00:00 UTC,197,203.7699,196.69,201.58,10951425,201.245671
TSM,2025-01-03 05:00:00 UTC,204.1,208.8,203.7,208.61,10261948,207.032992
TSM,2025-01-06 05:00:00 UTC,218.77,222.2,215.693,220.01,24339947,219.538029
TSM,2025-01-07 05:00:00 UTC,221.24,221.48,211.32,211.42,17010000,214.394511
TSM,2025-01-08 05:00:00 UTC,209.97,210.3,205.92,207.12,13262732,207.579552
TSM,2025-01-10 05:00:00 UTC,207.6,209.9791,203.23,208.37,17265198,207.35565
TSM,2025-01-13 05:00:00 UTC,200.52,203.59,200.05,201.36,16612392,201.605977
TSM,2025-01-14 05:00:00 UTC,205.185,206.26,198.5,201.45,14182944,201.694759
TSM,2025-01-15 05:00:00 UTC,202.49,209.04,199.35,206.8,18286492,205.045092
TSM,2025-01-16 05:00:00 UTC,218.89,221.95,213.17,214.79,38539551,217.580459
TSM,2025-01-17 05:00:00 UTC,215.17,215.68,211.06,211.5,21606103,213.029613
TSM,2025-01-21 05:00:00 UTC,214.46,220.15,212.05,218.7,19061304,217.311147
TSM,2025-01-22 05:00:00 UTC,221.95,225.43,219.31,223.2,17294474,223.156748
TSM,2025-01-23 05:00:00 UTC,220.1,224.7,219.41,224.62,8986795,222.936805
TSM,2025-01-24 05:00:00 UTC,226.22,226.4,220.96,221.88,13183798,222.788266
TSM,2025-01-27 05:00:00 UTC,197.04,207,187.665,192.31,68667472,194.243
TSM,2025-01-28 05:00:00 UTC,195.65,202.84,192.46,202.4,31738835,197.754129
TSM,2025-01-29 05:00:00 UTC,204.49,206.45,199.75,202.33,15199493,202.931829
TSM,2025-01-30 05:00:00 UTC,206.57,209.62,205.4161,208.15,13538952,207.576696
TSM,2025-01-31 05:00:00 UTC,209.93,215,208.2,209.32,15781905,211.265448
TSM,2025-02-03 05:00:00 UTC,199.63,204.99,197.98,199.8,17711452,201.082138
TSM,2025-02-04 05:00:00 UTC,204.07,205.75,202.08,204.05,12652525,204.011955
TSM,2025-02-05 05:00:00 UTC,206,210.48,203.83,208.57,10997769,207.863603
TSM,2025-02-06 05:00:00 UTC,210.055,211.18,207,210.5,8491436,209.183326
TSM,2025-02-07 05:00:00 UTC,213.01,213.18,205.72,206.12,11587992,208.358093
TSM,2025-02-10 05:00:00 UTC,208,209.98,206.53,207.95,9289425,207.822141
TSM,2025-02-11 05:00:00 UTC,205.13,209.84,201,208.74,9224508,208.101501
TSM,2025-02-12 05:00:00 UTC,204.9,207.0691,203.01,206.38,7373675,205.568664
TSM,2025-02-13 05:00:00 UTC,201.88,202.3,199.23,201.83,15580928,201.234791
TSM,2025-02-14 05:00:00 UTC,199.98,206.25,197.4605,203.9,23220332,201.392584
TSM,2025-02-18 05:00:00 UTC,204.755,205.85,200.52,202.74,14988136,202.894658
TSM,2025-02-19 05:00:00 UTC,202.01,202.6,200.02,200.95,13147943,201.025174
TSM,2025-02-20 05:00:00 UTC,200.28,200.34,197.61,200.1,10639333,199.285488
TSM,2025-02-21 05:00:00 UTC,201.33,202.69,196.01,198.24,13757337,199.063136
TSM,2025-02-24 05:00:00 UTC,196.88,198.79,191.46,191.65,15114277,193.808239
TSM,2025-02-25 05:00:00 UTC,190.65,193.53,187.468,189.37,20580951,189.353765
TSM,2025-02-26 05:00:00 UTC,191.09,196.08,191.09,194.62,14112250,194.248461
TSM,2025-02-27 05:00:00 UTC,194.69,194.77,181.08,181.09,24219211,185.786813
TSM,2025-02-28 05:00:00 UTC,179.31,182.16,175.52,180.53,27929427,179.319954
TSM,2025-03-03 05:00:00 UTC,181.15,181.57,171.07,172.97,37402998,175.37836
TSM,2025-03-04 05:00:00 UTC,175.06,183.6,174.18,180,29395234,178.797119
TSM,2025-03-05 05:00:00 UTC,183,184.74,180.72,184.28,17333996,183.29605
TSM,2025-03-06 05:00:00 UTC,178.575,181.55,175.79,175.85,17864290,178.166577
TSM,2025-03-07 05:00:00 UTC,175.79,178.47,171.02,177.1,21012687,174.91029
TSM,2025-03-10 04:00:00 UTC,172.47,174.89,167.91,170.65,18265099,170.549007
TSM,2025-03-11 04:00:00 UTC,170.65,173.3346,168.1,170.97,16561137,170.9952
TSM,2025-03-12 04:00:00 UTC,175.6,178.13,174.76,177.17,14737610,176.72155
TSM,2025-03-13 04:00:00 UTC,173.89,173.89,170.5,171.59,14381570,171.817197
TSM,2025-03-14 04:00:00 UTC,172.65,174.37,171.9309,174.09,11449411,173.449786
TSM,2025-03-17 04:00:00 UTC,173.95,177.16,173.82,176.24,9678112,175.575884
TSM,2025-03-18 04:00:00 UTC,174.38,174.5755,170.4324,173.13,9986033,172.54123
TSM,2025-03-19 04:00:00 UTC,173,175.73,171.74,173.76,10678479,173.416264
TSM,2025-03-20 04:00:00 UTC,174.85,178.67,174.55,177.47,12209690,177.131238
TSM,2025-03-21 04:00:00 UTC,174.91,177.2,173.7918,176.73,9993226,176.139754
TSM,2025-03-24 04:00:00 UTC,179.99,182.925,179.675,181.16,11440018,181.518667
TSM,2025-03-25 04:00:00 UTC,182.47,182.51,179.8,180.9,8718753,180.671451
TSM,2025-03-26 04:00:00 UTC,179.23,179.55,171.4662,173.5,14644601,174.216438
TSM,2025-03-27 04:00:00 UTC,171.39,171.61,167.55,168.24,17559075,169.289789
TSM,2025-03-28 04:00:00 UTC,168.04,168.63,164.06,165.25,16331998,165.680899
TSM,2025-03-31 04:00:00 UTC,160.36,166.13,159.73,166,19408272,163.566568
TSM,2025-04-01 04:00:00 UTC,166.39,168.87,165.06,168.64,9180009,167.532469
TSM,2025-04-02 04:00:00 UTC,166.85,171.75,166.345,170.39,10072689,169.609891
TSM,2025-04-03 04:00:00 UTC,160.06,161.8,157.21,157.38,28370481,159.513529
TSM,2025-04-04 04:00:00 UTC,150.89,151.31,144.84,146.8,36085144,147.683375
TSM,2025-04-07 04:00:00 UTC,134.51,153.75,134.25,146.17,46388328,143.042719
TSM,2025-04-08 04:00:00 UTC,151.98,152.61,138.98,141.37,30476915,146.320601
TSM,2025-04-09 04:00:00 UTC,140.2,160.62,137.9,158.75,45608889,150.043102
TSM,2025-04-10 04:00:00 UTC,155.5,156,146.91,151.13,24503452,151.192235
TSM,2025-04-11 04:00:00 UTC,156,158.01,153.25,157.08,19632205,156.275511
TSM,2025-04-14 04:00:00 UTC,158.3,158.59,154.03,155.84,17509449,156.240574
TSM,2025-04-15 04:00:00 UTC,156.485,158.25,156.05,157.33,14306631,157.362592
TSM,2025-04-16 04:00:00 UTC,150.6,153.54,148.49,151.67,23806098,151.076077
TSM,2025-04-17 04:00:00 UTC,156.05,157.5,151.4469,151.74,27239900,153.418988
TSM,2025-04-21 04:00:00 UTC,149.99,150.28,145.84,147.86,15170478,147.563742
TSM,2025-04-22 04:00:00 UTC,148,152.5996,147.4401,151.4,12668584,150.801072
TSM,2025-04-23 04:00:00 UTC,159.37,160.38,156,157.81,17667929,157.951256
TSM,2025-04-24 04:00:00 UTC,157.78,164.55,157.39,164.18,18761145,162.479748
TSM,2025-04-25 04:00:00 UTC,163.93,165.91,161.16,165.1,14654790,163.984854
TSM,2025-04-28 04:00:00 UTC,165,165.32,160.5,163.4,11415622,162.754277
TSM,2025-04-29 04:00:00 UTC,164.38,166,163.5,164.48,9830097,164.919885
TSM,2025-04-30 04:00:00 UTC,163.54,166.92,161.75,166.69,10073011,164.855017
TSM,2025-05-01 04:00:00 UTC,172.8,174.78,170.95,172.72,22670639,173.137126
TSM,2025-05-02 04:00:00 UTC,179.795,180.65,177.14,179.28,21691162,179.092547
TSM,2025-05-05 04:00:00 UTC,179,180.08,176.25,176.4,14618920,177.746581
TSM,2025-05-06 04:00:00 UTC,172.6,174.74,170.5884,172.28,14565567,172.723968
TSM,2025-05-07 04:00:00 UTC,174.1,175.98,171.37,174.54,9703998,173.627833
